ISO-10303-21;
HEADER;
FILE_DESCRIPTION(('FreeCAD Model'),'2;1');
FILE_NAME('Open CASCADE Shape Model','2026-04-29T21:52:09',(''),(''),
  'Open CASCADE STEP processor 7.8','FreeCAD','Unknown');
FILE_SCHEMA(('AUTOMOTIVE_DESIGN { 1 0 10303 214 1 1 1 1 }'));
ENDSEC;
DATA;
#1 = APPLICATION_PROTOCOL_DEFINITION('international standard',
  'automotive_design',2000,#2);
#2 = APPLICATION_CONTEXT(
  'core data for automotive mechanical design processes');
#3 = SHAPE_DEFINITION_REPRESENTATION(#4,#10);
#4 = PRODUCT_DEFINITION_SHAPE('','',#5);
#5 = PRODUCT_DEFINITION('design','',#6,#9);
#6 = PRODUCT_DEFINITION_FORMATION('','',#7);
#7 = PRODUCT('Weapon','Weapon','',(#8));
#8 = PRODUCT_CONTEXT('',#2,'mechanical');
#9 = PRODUCT_DEFINITION_CONTEXT('part definition',#2,'design');
#10 = ADVANCED_BREP_SHAPE_REPRESENTATION('',(#11,#15),#2337);
#11 = AXIS2_PLACEMENT_3D('',#12,#13,#14);
#12 = CARTESIAN_POINT('',(0.,0.,0.));
#13 = DIRECTION('',(0.,0.,1.));
#14 = DIRECTION('',(1.,0.,-0.));
#15 = MANIFOLD_SOLID_BREP('',#16);
#16 = CLOSED_SHELL('',(#17,#152,#264,#688,#868,#1048,#1246,#1322,#1371,
    #1421,#1471,#1521,#1571,#1621,#1671,#1720,#1747,#1797,#1825,#1875,
    #1925,#2024,#2074,#2173,#2201,#2228,#2236,#2271,#2310));
#17 = ADVANCED_FACE('',(#18),#33,.T.);
#18 = FACE_BOUND('',#19,.T.);
#19 = EDGE_LOOP('',(#20,#56,#80,#108,#131));
#20 = ORIENTED_EDGE('',*,*,#21,.F.);
#21 = EDGE_CURVE('',#22,#24,#26,.T.);
#22 = VERTEX_POINT('',#23);
#23 = CARTESIAN_POINT('',(2.,11.,-7.993605777301E-15));
#24 = VERTEX_POINT('',#25);
#25 = CARTESIAN_POINT('',(1.959591794227,11.,-0.4));
#26 = SURFACE_CURVE('',#27,(#32,#44),.PCURVE_S1.);
#27 = CIRCLE('',#28,2.);
#28 = AXIS2_PLACEMENT_3D('',#29,#30,#31);
#29 = CARTESIAN_POINT('',(0.,11.,8.881784197001E-16));
#30 = DIRECTION('',(0.,1.,-2.2E-16));
#31 = DIRECTION('',(1.,0.,0.));
#32 = PCURVE('',#33,#38);
#33 = PLANE('',#34);
#34 = AXIS2_PLACEMENT_3D('',#35,#36,#37);
#35 = CARTESIAN_POINT('',(4.03E-15,11.,1.7763568394E-15));
#36 = DIRECTION('',(0.,1.,0.));
#37 = DIRECTION('',(0.,0.,1.));
#38 = DEFINITIONAL_REPRESENTATION('',(#39),#43);
#39 = CIRCLE('',#40,2.);
#40 = AXIS2_PLACEMENT_2D('',#41,#42);
#41 = CARTESIAN_POINT('',(-8.881784197001E-16,-4.03E-15));
#42 = DIRECTION('',(0.,1.));
#43 = ( GEOMETRIC_REPRESENTATION_CONTEXT(2) 
PARAMETRIC_REPRESENTATION_CONTEXT() REPRESENTATION_CONTEXT('2D SPACE',''
  ) );
#44 = PCURVE('',#45,#50);
#45 = PLANE('',#46);
#46 = AXIS2_PLACEMENT_3D('',#47,#48,#49);
#47 = CARTESIAN_POINT('',(0.,11.,-7.105427357601E-15));
#48 = DIRECTION('',(0.,1.,-2.2E-16));
#49 = DIRECTION('',(0.,2.2E-16,1.));
#50 = DEFINITIONAL_REPRESENTATION('',(#51),#55);
#51 = CIRCLE('',#52,2.);
#52 = AXIS2_PLACEMENT_2D('',#53,#54);
#53 = CARTESIAN_POINT('',(7.105427357601E-15,0.));
#54 = DIRECTION('',(0.,1.));
#55 = ( GEOMETRIC_REPRESENTATION_CONTEXT(2) 
PARAMETRIC_REPRESENTATION_CONTEXT() REPRESENTATION_CONTEXT('2D SPACE',''
  ) );
#56 = ORIENTED_EDGE('',*,*,#57,.F.);
#57 = EDGE_CURVE('',#58,#22,#60,.T.);
#58 = VERTEX_POINT('',#59);
#59 = CARTESIAN_POINT('',(1.959591794227,11.,0.4));
#60 = SURFACE_CURVE('',#61,(#66,#73),.PCURVE_S1.);
#61 = CIRCLE('',#62,2.);
#62 = AXIS2_PLACEMENT_3D('',#63,#64,#65);
#63 = CARTESIAN_POINT('',(0.,11.,8.881784197001E-16));
#64 = DIRECTION('',(0.,1.,-2.2E-16));
#65 = DIRECTION('',(1.,0.,0.));
#66 = PCURVE('',#33,#67);
#67 = DEFINITIONAL_REPRESENTATION('',(#68),#72);
#68 = CIRCLE('',#69,2.);
#69 = AXIS2_PLACEMENT_2D('',#70,#71);
#70 = CARTESIAN_POINT('',(-8.881784197001E-16,-4.03E-15));
#71 = DIRECTION('',(0.,1.));
#72 = ( GEOMETRIC_REPRESENTATION_CONTEXT(2) 
PARAMETRIC_REPRESENTATION_CONTEXT() REPRESENTATION_CONTEXT('2D SPACE',''
  ) );
#73 = PCURVE('',#45,#74);
#74 = DEFINITIONAL_REPRESENTATION('',(#75),#79);
#75 = CIRCLE('',#76,2.);
#76 = AXIS2_PLACEMENT_2D('',#77,#78);
#77 = CARTESIAN_POINT('',(7.105427357601E-15,0.));
#78 = DIRECTION('',(0.,1.));
#79 = ( GEOMETRIC_REPRESENTATION_CONTEXT(2) 
PARAMETRIC_REPRESENTATION_CONTEXT() REPRESENTATION_CONTEXT('2D SPACE',''
  ) );
#80 = ORIENTED_EDGE('',*,*,#81,.T.);
#81 = EDGE_CURVE('',#58,#82,#84,.T.);
#82 = VERTEX_POINT('',#83);
#83 = CARTESIAN_POINT('',(3.,11.,0.4));
#84 = SURFACE_CURVE('',#85,(#89,#96),.PCURVE_S1.);
#85 = LINE('',#86,#87);
#86 = CARTESIAN_POINT('',(-3.,11.,0.4));
#87 = VECTOR('',#88,1.);
#88 = DIRECTION('',(1.,0.,0.));
#89 = PCURVE('',#33,#90);
#90 = DEFINITIONAL_REPRESENTATION('',(#91),#95);
#91 = LINE('',#92,#93);
#92 = CARTESIAN_POINT('',(0.4,-3.));
#93 = VECTOR('',#94,1.);
#94 = DIRECTION('',(0.,1.));
#95 = ( GEOMETRIC_REPRESENTATION_CONTEXT(2) 
PARAMETRIC_REPRESENTATION_CONTEXT() REPRESENTATION_CONTEXT('2D SPACE',''
  ) );
#96 = PCURVE('',#97,#102);
#97 = PLANE('',#98);
#98 = AXIS2_PLACEMENT_3D('',#99,#100,#101);
#99 = CARTESIAN_POINT('',(4.03E-15,11.,1.7763568394E-15));
#100 = DIRECTION('',(0.,1.,0.));
#101 = DIRECTION('',(0.,0.,1.));
#102 = DEFINITIONAL_REPRESENTATION('',(#103),#107);
#103 = LINE('',#104,#105);
#104 = CARTESIAN_POINT('',(0.4,-3.));
#105 = VECTOR('',#106,1.);
#106 = DIRECTION('',(0.,1.));
#107 = ( GEOMETRIC_REPRESENTATION_CONTEXT(2) 
PARAMETRIC_REPRESENTATION_CONTEXT() REPRESENTATION_CONTEXT('2D SPACE',''
  ) );
#108 = ORIENTED_EDGE('',*,*,#109,.T.);
#109 = EDGE_CURVE('',#82,#110,#112,.T.);
#110 = VERTEX_POINT('',#111);
#111 = CARTESIAN_POINT('',(3.,11.,-0.4));
#112 = SURFACE_CURVE('',#113,(#117,#124),.PCURVE_S1.);
#113 = LINE('',#114,#115);
#114 = CARTESIAN_POINT('',(3.,11.,0.4));
#115 = VECTOR('',#116,1.);
#116 = DIRECTION('',(0.,-2.2E-16,-1.));
#117 = PCURVE('',#33,#118);
#118 = DEFINITIONAL_REPRESENTATION('',(#119),#123);
#119 = LINE('',#120,#121);
#120 = CARTESIAN_POINT('',(0.4,3.));
#121 = VECTOR('',#122,1.);
#122 = DIRECTION('',(-1.,0.));
#123 = ( GEOMETRIC_REPRESENTATION_CONTEXT(2) 
PARAMETRIC_REPRESENTATION_CONTEXT() REPRESENTATION_CONTEXT('2D SPACE',''
  ) );
#124 = PCURVE('',#97,#125);
#125 = DEFINITIONAL_REPRESENTATION('',(#126),#130);
#126 = LINE('',#127,#128);
#127 = CARTESIAN_POINT('',(0.4,3.));
#128 = VECTOR('',#129,1.);
#129 = DIRECTION('',(-1.,0.));
#130 = ( GEOMETRIC_REPRESENTATION_CONTEXT(2) 
PARAMETRIC_REPRESENTATION_CONTEXT() REPRESENTATION_CONTEXT('2D SPACE',''
  ) );
#131 = ORIENTED_EDGE('',*,*,#132,.T.);
#132 = EDGE_CURVE('',#110,#24,#133,.T.);
#133 = SURFACE_CURVE('',#134,(#138,#145),.PCURVE_S1.);
#134 = LINE('',#135,#136);
#135 = CARTESIAN_POINT('',(3.,11.,-0.4));
#136 = VECTOR('',#137,1.);
#137 = DIRECTION('',(-1.,0.,0.));
#138 = PCURVE('',#33,#139);
#139 = DEFINITIONAL_REPRESENTATION('',(#140),#144);
#140 = LINE('',#141,#142);
#141 = CARTESIAN_POINT('',(-0.4,3.));
#142 = VECTOR('',#143,1.);
#143 = DIRECTION('',(0.,-1.));
#144 = ( GEOMETRIC_REPRESENTATION_CONTEXT(2) 
PARAMETRIC_REPRESENTATION_CONTEXT() REPRESENTATION_CONTEXT('2D SPACE',''
  ) );
#145 = PCURVE('',#97,#146);
#146 = DEFINITIONAL_REPRESENTATION('',(#147),#151);
#147 = LINE('',#148,#149);
#148 = CARTESIAN_POINT('',(-0.4,3.));
#149 = VECTOR('',#150,1.);
#150 = DIRECTION('',(0.,-1.));
#151 = ( GEOMETRIC_REPRESENTATION_CONTEXT(2) 
PARAMETRIC_REPRESENTATION_CONTEXT() REPRESENTATION_CONTEXT('2D SPACE',''
  ) );
#152 = ADVANCED_FACE('',(#153),#45,.T.);
#153 = FACE_BOUND('',#154,.T.);
#154 = EDGE_LOOP('',(#155,#183,#212,#236,#262,#263));
#155 = ORIENTED_EDGE('',*,*,#156,.T.);
#156 = EDGE_CURVE('',#24,#157,#159,.T.);
#157 = VERTEX_POINT('',#158);
#158 = CARTESIAN_POINT('',(0.834041365881,11.,-0.4));
#159 = SURFACE_CURVE('',#160,(#164,#171),.PCURVE_S1.);
#160 = LINE('',#161,#162);
#161 = CARTESIAN_POINT('',(3.,11.,-0.4));
#162 = VECTOR('',#163,1.);
#163 = DIRECTION('',(-1.,0.,0.));
#164 = PCURVE('',#45,#165);
#165 = DEFINITIONAL_REPRESENTATION('',(#166),#170);
#166 = LINE('',#167,#168);
#167 = CARTESIAN_POINT('',(-0.4,3.));
#168 = VECTOR('',#169,1.);
#169 = DIRECTION('',(0.,-1.));
#170 = ( GEOMETRIC_REPRESENTATION_CONTEXT(2) 
PARAMETRIC_REPRESENTATION_CONTEXT() REPRESENTATION_CONTEXT('2D SPACE',''
  ) );
#171 = PCURVE('',#172,#177);
#172 = PLANE('',#173);
#173 = AXIS2_PLACEMENT_3D('',#174,#175,#176);
#174 = CARTESIAN_POINT('',(3.,14.,-0.4));
#175 = DIRECTION('',(0.,-1.1E-16,-1.));
#176 = DIRECTION('',(-1.,0.,-0.));
#177 = DEFINITIONAL_REPRESENTATION('',(#178),#182);
#178 = LINE('',#179,#180);
#179 = CARTESIAN_POINT('',(-0.,-3.));
#180 = VECTOR('',#181,1.);
#181 = DIRECTION('',(1.,0.));
#182 = ( GEOMETRIC_REPRESENTATION_CONTEXT(2) 
PARAMETRIC_REPRESENTATION_CONTEXT() REPRESENTATION_CONTEXT('2D SPACE',''
  ) );
#183 = ORIENTED_EDGE('',*,*,#184,.F.);
#184 = EDGE_CURVE('',#185,#157,#187,.T.);
#185 = VERTEX_POINT('',#186);
#186 = CARTESIAN_POINT('',(0.925,11.,-7.105427357601E-15));
#187 = SURFACE_CURVE('',#188,(#193,#200),.PCURVE_S1.);
#188 = CIRCLE('',#189,0.925);
#189 = AXIS2_PLACEMENT_3D('',#190,#191,#192);
#190 = CARTESIAN_POINT('',(0.,11.,-4.44E-15));
#191 = DIRECTION('',(0.,1.,-8.9E-16));
#192 = DIRECTION('',(1.,0.,0.));
#193 = PCURVE('',#45,#194);
#194 = DEFINITIONAL_REPRESENTATION('',(#195),#199);
#195 = CIRCLE('',#196,0.925);
#196 = AXIS2_PLACEMENT_2D('',#197,#198);
#197 = CARTESIAN_POINT('',(3.552713678801E-15,0.));
#198 = DIRECTION('',(0.,1.));
#199 = ( GEOMETRIC_REPRESENTATION_CONTEXT(2) 
PARAMETRIC_REPRESENTATION_CONTEXT() REPRESENTATION_CONTEXT('2D SPACE',''
  ) );
#200 = PCURVE('',#201,#206);
#201 = CONICAL_SURFACE('',#202,1.05,2.499479361892E-02);
#202 = AXIS2_PLACEMENT_3D('',#203,#204,#205);
#203 = CARTESIAN_POINT('',(0.,6.,2.E-15));
#204 = DIRECTION('',(0.,-1.,5.6E-16));
#205 = DIRECTION('',(1.,0.,0.));
#206 = DEFINITIONAL_REPRESENTATION('',(#207),#211);
#207 = LINE('',#208,#209);
#208 = CARTESIAN_POINT('',(6.28318530718,-5.));
#209 = VECTOR('',#210,1.);
#210 = DIRECTION('',(-1.,-0.));
#211 = ( GEOMETRIC_REPRESENTATION_CONTEXT(2) 
PARAMETRIC_REPRESENTATION_CONTEXT() REPRESENTATION_CONTEXT('2D SPACE',''
  ) );
#212 = ORIENTED_EDGE('',*,*,#213,.F.);
#213 = EDGE_CURVE('',#214,#185,#216,.T.);
#214 = VERTEX_POINT('',#215);
#215 = CARTESIAN_POINT('',(0.834041365881,11.,0.4));
#216 = SURFACE_CURVE('',#217,(#222,#229),.PCURVE_S1.);
#217 = CIRCLE('',#218,0.925);
#218 = AXIS2_PLACEMENT_3D('',#219,#220,#221);
#219 = CARTESIAN_POINT('',(0.,11.,-4.44E-15));
#220 = DIRECTION('',(0.,1.,-8.9E-16));
#221 = DIRECTION('',(1.,0.,0.));
#222 = PCURVE('',#45,#223);
#223 = DEFINITIONAL_REPRESENTATION('',(#224),#228);
#224 = CIRCLE('',#225,0.925);
#225 = AXIS2_PLACEMENT_2D('',#226,#227);
#226 = CARTESIAN_POINT('',(3.552713678801E-15,0.));
#227 = DIRECTION('',(0.,1.));
#228 = ( GEOMETRIC_REPRESENTATION_CONTEXT(2) 
PARAMETRIC_REPRESENTATION_CONTEXT() REPRESENTATION_CONTEXT('2D SPACE',''
  ) );
#229 = PCURVE('',#201,#230);
#230 = DEFINITIONAL_REPRESENTATION('',(#231),#235);
#231 = LINE('',#232,#233);
#232 = CARTESIAN_POINT('',(6.28318530718,-5.));
#233 = VECTOR('',#234,1.);
#234 = DIRECTION('',(-1.,-0.));
#235 = ( GEOMETRIC_REPRESENTATION_CONTEXT(2) 
PARAMETRIC_REPRESENTATION_CONTEXT() REPRESENTATION_CONTEXT('2D SPACE',''
  ) );
#236 = ORIENTED_EDGE('',*,*,#237,.T.);
#237 = EDGE_CURVE('',#214,#58,#238,.T.);
#238 = SURFACE_CURVE('',#239,(#243,#250),.PCURVE_S1.);
#239 = LINE('',#240,#241);
#240 = CARTESIAN_POINT('',(-3.,11.,0.4));
#241 = VECTOR('',#242,1.);
#242 = DIRECTION('',(1.,0.,0.));
#243 = PCURVE('',#45,#244);
#244 = DEFINITIONAL_REPRESENTATION('',(#245),#249);
#245 = LINE('',#246,#247);
#246 = CARTESIAN_POINT('',(0.4,-3.));
#247 = VECTOR('',#248,1.);
#248 = DIRECTION('',(0.,1.));
#249 = ( GEOMETRIC_REPRESENTATION_CONTEXT(2) 
PARAMETRIC_REPRESENTATION_CONTEXT() REPRESENTATION_CONTEXT('2D SPACE',''
  ) );
#250 = PCURVE('',#251,#256);
#251 = PLANE('',#252);
#252 = AXIS2_PLACEMENT_3D('',#253,#254,#255);
#253 = CARTESIAN_POINT('',(-3.,14.,0.4));
#254 = DIRECTION('',(0.,1.1E-16,1.));
#255 = DIRECTION('',(1.,0.,-0.));
#256 = DEFINITIONAL_REPRESENTATION('',(#257),#261);
#257 = LINE('',#258,#259);
#258 = CARTESIAN_POINT('',(0.,-3.));
#259 = VECTOR('',#260,1.);
#260 = DIRECTION('',(1.,0.));
#261 = ( GEOMETRIC_REPRESENTATION_CONTEXT(2) 
PARAMETRIC_REPRESENTATION_CONTEXT() REPRESENTATION_CONTEXT('2D SPACE',''
  ) );
#262 = ORIENTED_EDGE('',*,*,#57,.T.);
#263 = ORIENTED_EDGE('',*,*,#21,.T.);
#264 = ADVANCED_FACE('',(#265,#553),#97,.T.);
#265 = FACE_BOUND('',#266,.T.);
#266 = EDGE_LOOP('',(#267,#297,#325,#354,#383,#412,#440,#468,#497,#526)
  );
#267 = ORIENTED_EDGE('',*,*,#268,.F.);
#268 = EDGE_CURVE('',#269,#271,#273,.T.);
#269 = VERTEX_POINT('',#270);
#270 = CARTESIAN_POINT('',(-15.,11.,-7.105427357601E-15));
#271 = VERTEX_POINT('',#272);
#272 = CARTESIAN_POINT('',(-5.,11.,-30.));
#273 = SURFACE_CURVE('',#274,(#278,#285),.PCURVE_S1.);
#274 = LINE('',#275,#276);
#275 = CARTESIAN_POINT('',(-15.,11.,5.329070518201E-15));
#276 = VECTOR('',#277,1.);
#277 = DIRECTION('',(0.316227766017,-2.1E-16,-0.948683298051));
#278 = PCURVE('',#97,#279);
#279 = DEFINITIONAL_REPRESENTATION('',(#280),#284);
#280 = LINE('',#281,#282);
#281 = CARTESIAN_POINT('',(3.552713678801E-15,-15.));
#282 = VECTOR('',#283,1.);
#283 = DIRECTION('',(-0.948683298051,0.316227766017));
#284 = ( GEOMETRIC_REPRESENTATION_CONTEXT(2) 
PARAMETRIC_REPRESENTATION_CONTEXT() REPRESENTATION_CONTEXT('2D SPACE',''
  ) );
#285 = PCURVE('',#286,#291);
#286 = PLANE('',#287);
#287 = AXIS2_PLACEMENT_3D('',#288,#289,#290);
#288 = CARTESIAN_POINT('',(-15.,8.,7.01E-15));
#289 = DIRECTION('',(-0.948683298051,-4.E-17,-0.316227766017));
#290 = DIRECTION('',(0.316227766017,-1.1E-16,-0.948683298051));
#291 = DEFINITIONAL_REPRESENTATION('',(#292),#296);
#292 = LINE('',#293,#294);
#293 = CARTESIAN_POINT('',(1.141202752125E-15,-3.));
#294 = VECTOR('',#295,1.);
#295 = DIRECTION('',(1.,1.E-16));
#296 = ( GEOMETRIC_REPRESENTATION_CONTEXT(2) 
PARAMETRIC_REPRESENTATION_CONTEXT() REPRESENTATION_CONTEXT('2D SPACE',''
  ) );
#297 = ORIENTED_EDGE('',*,*,#298,.T.);
#298 = EDGE_CURVE('',#269,#299,#301,.T.);
#299 = VERTEX_POINT('',#300);
#300 = CARTESIAN_POINT('',(-5.,11.,30.));
#301 = SURFACE_CURVE('',#302,(#306,#313),.PCURVE_S1.);
#302 = LINE('',#303,#304);
#303 = CARTESIAN_POINT('',(-15.,11.,5.329070518201E-15));
#304 = VECTOR('',#305,1.);
#305 = DIRECTION('',(0.316227766017,2.1E-16,0.948683298051));
#306 = PCURVE('',#97,#307);
#307 = DEFINITIONAL_REPRESENTATION('',(#308),#312);
#308 = LINE('',#309,#310);
#309 = CARTESIAN_POINT('',(3.552713678801E-15,-15.));
#310 = VECTOR('',#311,1.);
#311 = DIRECTION('',(0.948683298051,0.316227766017));
#312 = ( GEOMETRIC_REPRESENTATION_CONTEXT(2) 
PARAMETRIC_REPRESENTATION_CONTEXT() REPRESENTATION_CONTEXT('2D SPACE',''
  ) );
#313 = PCURVE('',#314,#319);
#314 = PLANE('',#315);
#315 = AXIS2_PLACEMENT_3D('',#316,#317,#318);
#316 = CARTESIAN_POINT('',(-15.,8.,7.01E-15));
#317 = DIRECTION('',(0.948683298051,-4.E-17,-0.316227766017));
#318 = DIRECTION('',(0.316227766017,1.1E-16,0.948683298051));
#319 = DEFINITIONAL_REPRESENTATION('',(#320),#324);
#320 = LINE('',#321,#322);
#321 = CARTESIAN_POINT('',(-1.141202752125E-15,-3.));
#322 = VECTOR('',#323,1.);
#323 = DIRECTION('',(1.,-1.E-16));
#324 = ( GEOMETRIC_REPRESENTATION_CONTEXT(2) 
PARAMETRIC_REPRESENTATION_CONTEXT() REPRESENTATION_CONTEXT('2D SPACE',''
  ) );
#325 = ORIENTED_EDGE('',*,*,#326,.F.);
#326 = EDGE_CURVE('',#327,#299,#329,.T.);
#327 = VERTEX_POINT('',#328);
#328 = CARTESIAN_POINT('',(-9.879975987034,11.,36.579273632572));
#329 = SURFACE_CURVE('',#330,(#335,#342),.PCURVE_S1.);
#330 = CIRCLE('',#331,5.);
#331 = AXIS2_PLACEMENT_3D('',#332,#333,#334);
#332 = CARTESIAN_POINT('',(-9.743416490253,11.,31.581138830084));
#333 = DIRECTION('',(0.,1.,-2.2E-16));
#334 = DIRECTION('',(1.,0.,0.));
#335 = PCURVE('',#97,#336);
#336 = DEFINITIONAL_REPRESENTATION('',(#337),#341);
#337 = CIRCLE('',#338,5.);
#338 = AXIS2_PLACEMENT_2D('',#339,#340);
#339 = CARTESIAN_POINT('',(31.581138830084,-9.743416490253));
#340 = DIRECTION('',(0.,1.));
#341 = ( GEOMETRIC_REPRESENTATION_CONTEXT(2) 
PARAMETRIC_REPRESENTATION_CONTEXT() REPRESENTATION_CONTEXT('2D SPACE',''
  ) );
#342 = PCURVE('',#343,#348);
#343 = CYLINDRICAL_SURFACE('',#344,5.);
#344 = AXIS2_PLACEMENT_3D('',#345,#346,#347);
#345 = CARTESIAN_POINT('',(-9.743416490253,8.,31.581138830084));
#346 = DIRECTION('',(0.,-1.,1.1E-16));
#347 = DIRECTION('',(1.,0.,0.));
#348 = DEFINITIONAL_REPRESENTATION('',(#349),#353);
#349 = LINE('',#350,#351);
#350 = CARTESIAN_POINT('',(-0.,-3.));
#351 = VECTOR('',#352,1.);
#352 = DIRECTION('',(-1.,0.));
#353 = ( GEOMETRIC_REPRESENTATION_CONTEXT(2) 
PARAMETRIC_REPRESENTATION_CONTEXT() REPRESENTATION_CONTEXT('2D SPACE',''
  ) );
#354 = ORIENTED_EDGE('',*,*,#355,.F.);
#355 = EDGE_CURVE('',#356,#327,#358,.T.);
#356 = VERTEX_POINT('',#357);
#357 = CARTESIAN_POINT('',(-29.72615116945,11.,30.676050909493));
#358 = SURFACE_CURVE('',#359,(#364,#371),.PCURVE_S1.);
#359 = CIRCLE('',#360,40.);
#360 = AXIS2_PLACEMENT_3D('',#361,#362,#363);
#361 = CARTESIAN_POINT('',(-8.787500012783,11.,-3.40580478733));
#362 = DIRECTION('',(0.,1.,-2.2E-16));
#363 = DIRECTION('',(1.,0.,0.));
#364 = PCURVE('',#97,#365);
#365 = DEFINITIONAL_REPRESENTATION('',(#366),#370);
#366 = CIRCLE('',#367,40.);
#367 = AXIS2_PLACEMENT_2D('',#368,#369);
#368 = CARTESIAN_POINT('',(-3.40580478733,-8.787500012783));
#369 = DIRECTION('',(0.,1.));
#370 = ( GEOMETRIC_REPRESENTATION_CONTEXT(2) 
PARAMETRIC_REPRESENTATION_CONTEXT() REPRESENTATION_CONTEXT('2D SPACE',''
  ) );
#371 = PCURVE('',#372,#377);
#372 = CYLINDRICAL_SURFACE('',#373,40.);
#373 = AXIS2_PLACEMENT_3D('',#374,#375,#376);
#374 = CARTESIAN_POINT('',(-8.787500012783,8.,-3.40580478733));
#375 = DIRECTION('',(0.,-1.,1.1E-16));
#376 = DIRECTION('',(1.,0.,0.));
#377 = DEFINITIONAL_REPRESENTATION('',(#378),#382);
#378 = LINE('',#379,#380);
#379 = CARTESIAN_POINT('',(-0.,-3.));
#380 = VECTOR('',#381,1.);
#381 = DIRECTION('',(-1.,0.));
#382 = ( GEOMETRIC_REPRESENTATION_CONTEXT(2) 
PARAMETRIC_REPRESENTATION_CONTEXT() REPRESENTATION_CONTEXT('2D SPACE',''
  ) );
#383 = ORIENTED_EDGE('',*,*,#384,.T.);
#384 = EDGE_CURVE('',#356,#385,#387,.T.);
#385 = VERTEX_POINT('',#386);
#386 = CARTESIAN_POINT('',(5.,11.,30.));
#387 = SURFACE_CURVE('',#388,(#393,#400),.PCURVE_S1.);
#388 = CIRCLE('',#389,18.428816467582);
#389 = AXIS2_PLACEMENT_3D('',#390,#391,#392);
#390 = CARTESIAN_POINT('',(-12.48311038563,11.,24.172296538122));
#391 = DIRECTION('',(0.,1.,-2.2E-16));
#392 = DIRECTION('',(1.,0.,0.));
#393 = PCURVE('',#97,#394);
#394 = DEFINITIONAL_REPRESENTATION('',(#395),#399);
#395 = CIRCLE('',#396,18.428816467582);
#396 = AXIS2_PLACEMENT_2D('',#397,#398);
#397 = CARTESIAN_POINT('',(24.172296538122,-12.48311038563));
#398 = DIRECTION('',(0.,1.));
#399 = ( GEOMETRIC_REPRESENTATION_CONTEXT(2) 
PARAMETRIC_REPRESENTATION_CONTEXT() REPRESENTATION_CONTEXT('2D SPACE',''
  ) );
#400 = PCURVE('',#401,#406);
#401 = CYLINDRICAL_SURFACE('',#402,18.428816467582);
#402 = AXIS2_PLACEMENT_3D('',#403,#404,#405);
#403 = CARTESIAN_POINT('',(-12.48311038563,8.,24.172296538122));
#404 = DIRECTION('',(0.,-1.,1.1E-16));
#405 = DIRECTION('',(1.,0.,0.));
#406 = DEFINITIONAL_REPRESENTATION('',(#407),#411);
#407 = LINE('',#408,#409);
#408 = CARTESIAN_POINT('',(-0.,-3.));
#409 = VECTOR('',#410,1.);
#410 = DIRECTION('',(-1.,0.));
#411 = ( GEOMETRIC_REPRESENTATION_CONTEXT(2) 
PARAMETRIC_REPRESENTATION_CONTEXT() REPRESENTATION_CONTEXT('2D SPACE',''
  ) );
#412 = ORIENTED_EDGE('',*,*,#413,.F.);
#413 = EDGE_CURVE('',#414,#385,#416,.T.);
#414 = VERTEX_POINT('',#415);
#415 = CARTESIAN_POINT('',(15.,11.,-7.105427357601E-15));
#416 = SURFACE_CURVE('',#417,(#421,#428),.PCURVE_S1.);
#417 = LINE('',#418,#419);
#418 = CARTESIAN_POINT('',(15.,11.,4.440892098501E-15));
#419 = VECTOR('',#420,1.);
#420 = DIRECTION('',(-0.316227766017,2.1E-16,0.948683298051));
#421 = PCURVE('',#97,#422);
#422 = DEFINITIONAL_REPRESENTATION('',(#423),#427);
#423 = LINE('',#424,#425);
#424 = CARTESIAN_POINT('',(2.6645352591E-15,15.));
#425 = VECTOR('',#426,1.);
#426 = DIRECTION('',(0.948683298051,-0.316227766017));
#427 = ( GEOMETRIC_REPRESENTATION_CONTEXT(2) 
PARAMETRIC_REPRESENTATION_CONTEXT() REPRESENTATION_CONTEXT('2D SPACE',''
  ) );
#428 = PCURVE('',#429,#434);
#429 = PLANE('',#430);
#430 = AXIS2_PLACEMENT_3D('',#431,#432,#433);
#431 = CARTESIAN_POINT('',(15.,8.,6.31E-15));
#432 = DIRECTION('',(0.948683298051,4.E-17,0.316227766017));
#433 = DIRECTION('',(-0.316227766017,1.1E-16,0.948683298051));
#434 = DEFINITIONAL_REPRESENTATION('',(#435),#439);
#435 = LINE('',#436,#437);
#436 = CARTESIAN_POINT('',(-1.301872303566E-15,-3.));
#437 = VECTOR('',#438,1.);
#438 = DIRECTION('',(1.,-1.E-16));
#439 = ( GEOMETRIC_REPRESENTATION_CONTEXT(2) 
PARAMETRIC_REPRESENTATION_CONTEXT() REPRESENTATION_CONTEXT('2D SPACE',''
  ) );
#440 = ORIENTED_EDGE('',*,*,#441,.T.);
#441 = EDGE_CURVE('',#414,#442,#444,.T.);
#442 = VERTEX_POINT('',#443);
#443 = CARTESIAN_POINT('',(5.,11.,-30.));
#444 = SURFACE_CURVE('',#445,(#449,#456),.PCURVE_S1.);
#445 = LINE('',#446,#447);
#446 = CARTESIAN_POINT('',(15.,11.,4.440892098501E-15));
#447 = VECTOR('',#448,1.);
#448 = DIRECTION('',(-0.316227766017,-2.1E-16,-0.948683298051));
#449 = PCURVE('',#97,#450);
#450 = DEFINITIONAL_REPRESENTATION('',(#451),#455);
#451 = LINE('',#452,#453);
#452 = CARTESIAN_POINT('',(2.6645352591E-15,15.));
#453 = VECTOR('',#454,1.);
#454 = DIRECTION('',(-0.948683298051,-0.316227766017));
#455 = ( GEOMETRIC_REPRESENTATION_CONTEXT(2) 
PARAMETRIC_REPRESENTATION_CONTEXT() REPRESENTATION_CONTEXT('2D SPACE',''
  ) );
#456 = PCURVE('',#457,#462);
#457 = PLANE('',#458);
#458 = AXIS2_PLACEMENT_3D('',#459,#460,#461);
#459 = CARTESIAN_POINT('',(15.,8.,6.31E-15));
#460 = DIRECTION('',(-0.948683298051,4.E-17,0.316227766017));
#461 = DIRECTION('',(-0.316227766017,-1.1E-16,-0.948683298051));
#462 = DEFINITIONAL_REPRESENTATION('',(#463),#467);
#463 = LINE('',#464,#465);
#464 = CARTESIAN_POINT('',(1.301872303566E-15,-3.));
#465 = VECTOR('',#466,1.);
#466 = DIRECTION('',(1.,1.E-16));
#467 = ( GEOMETRIC_REPRESENTATION_CONTEXT(2) 
PARAMETRIC_REPRESENTATION_CONTEXT() REPRESENTATION_CONTEXT('2D SPACE',''
  ) );
#468 = ORIENTED_EDGE('',*,*,#469,.F.);
#469 = EDGE_CURVE('',#470,#442,#472,.T.);
#470 = VERTEX_POINT('',#471);
#471 = CARTESIAN_POINT('',(9.879975987034,11.,-36.57927363257));
#472 = SURFACE_CURVE('',#473,(#478,#485),.PCURVE_S1.);
#473 = CIRCLE('',#474,5.);
#474 = AXIS2_PLACEMENT_3D('',#475,#476,#477);
#475 = CARTESIAN_POINT('',(9.743416490253,11.,-31.58113883008));
#476 = DIRECTION('',(0.,1.,-2.2E-16));
#477 = DIRECTION('',(1.,0.,0.));
#478 = PCURVE('',#97,#479);
#479 = DEFINITIONAL_REPRESENTATION('',(#480),#484);
#480 = CIRCLE('',#481,5.);
#481 = AXIS2_PLACEMENT_2D('',#482,#483);
#482 = CARTESIAN_POINT('',(-31.58113883008,9.743416490253));
#483 = DIRECTION('',(0.,1.));
#484 = ( GEOMETRIC_REPRESENTATION_CONTEXT(2) 
PARAMETRIC_REPRESENTATION_CONTEXT() REPRESENTATION_CONTEXT('2D SPACE',''
  ) );
#485 = PCURVE('',#486,#491);
#486 = CYLINDRICAL_SURFACE('',#487,5.);
#487 = AXIS2_PLACEMENT_3D('',#488,#489,#490);
#488 = CARTESIAN_POINT('',(9.743416490253,8.,-31.58113883008));
#489 = DIRECTION('',(0.,-1.,1.1E-16));
#490 = DIRECTION('',(1.,0.,0.));
#491 = DEFINITIONAL_REPRESENTATION('',(#492),#496);
#492 = LINE('',#493,#494);
#493 = CARTESIAN_POINT('',(-0.,-3.));
#494 = VECTOR('',#495,1.);
#495 = DIRECTION('',(-1.,0.));
#496 = ( GEOMETRIC_REPRESENTATION_CONTEXT(2) 
PARAMETRIC_REPRESENTATION_CONTEXT() REPRESENTATION_CONTEXT('2D SPACE',''
  ) );
#497 = ORIENTED_EDGE('',*,*,#498,.F.);
#498 = EDGE_CURVE('',#499,#470,#501,.T.);
#499 = VERTEX_POINT('',#500);
#500 = CARTESIAN_POINT('',(29.726151169459,11.,-30.67605090949));
#501 = SURFACE_CURVE('',#502,(#507,#514),.PCURVE_S1.);
#502 = CIRCLE('',#503,40.);
#503 = AXIS2_PLACEMENT_3D('',#504,#505,#506);
#504 = CARTESIAN_POINT('',(8.787500012783,11.,3.40580478733));
#505 = DIRECTION('',(0.,1.,-2.2E-16));
#506 = DIRECTION('',(1.,0.,0.));
#507 = PCURVE('',#97,#508);
#508 = DEFINITIONAL_REPRESENTATION('',(#509),#513);
#509 = CIRCLE('',#510,40.);
#510 = AXIS2_PLACEMENT_2D('',#511,#512);
#511 = CARTESIAN_POINT('',(3.40580478733,8.787500012783));
#512 = DIRECTION('',(0.,1.));
#513 = ( GEOMETRIC_REPRESENTATION_CONTEXT(2) 
PARAMETRIC_REPRESENTATION_CONTEXT() REPRESENTATION_CONTEXT('2D SPACE',''
  ) );
#514 = PCURVE('',#515,#520);
#515 = CYLINDRICAL_SURFACE('',#516,40.);
#516 = AXIS2_PLACEMENT_3D('',#517,#518,#519);
#517 = CARTESIAN_POINT('',(8.787500012783,8.,3.40580478733));
#518 = DIRECTION('',(0.,-1.,1.1E-16));
#519 = DIRECTION('',(1.,0.,0.));
#520 = DEFINITIONAL_REPRESENTATION('',(#521),#525);
#521 = LINE('',#522,#523);
#522 = CARTESIAN_POINT('',(-0.,-3.));
#523 = VECTOR('',#524,1.);
#524 = DIRECTION('',(-1.,0.));
#525 = ( GEOMETRIC_REPRESENTATION_CONTEXT(2) 
PARAMETRIC_REPRESENTATION_CONTEXT() REPRESENTATION_CONTEXT('2D SPACE',''
  ) );
#526 = ORIENTED_EDGE('',*,*,#527,.T.);
#527 = EDGE_CURVE('',#499,#271,#528,.T.);
#528 = SURFACE_CURVE('',#529,(#534,#541),.PCURVE_S1.);
#529 = CIRCLE('',#530,18.428816467582);
#530 = AXIS2_PLACEMENT_3D('',#531,#532,#533);
#531 = CARTESIAN_POINT('',(12.483110385633,11.,-24.17229653812));
#532 = DIRECTION('',(0.,1.,-2.2E-16));
#533 = DIRECTION('',(1.,0.,0.));
#534 = PCURVE('',#97,#535);
#535 = DEFINITIONAL_REPRESENTATION('',(#536),#540);
#536 = CIRCLE('',#537,18.428816467582);
#537 = AXIS2_PLACEMENT_2D('',#538,#539);
#538 = CARTESIAN_POINT('',(-24.17229653812,12.483110385633));
#539 = DIRECTION('',(0.,1.));
#540 = ( GEOMETRIC_REPRESENTATION_CONTEXT(2) 
PARAMETRIC_REPRESENTATION_CONTEXT() REPRESENTATION_CONTEXT('2D SPACE',''
  ) );
#541 = PCURVE('',#542,#547);
#542 = CYLINDRICAL_SURFACE('',#543,18.428816467582);
#543 = AXIS2_PLACEMENT_3D('',#544,#545,#546);
#544 = CARTESIAN_POINT('',(12.483110385633,8.,-24.17229653812));
#545 = DIRECTION('',(0.,-1.,1.1E-16));
#546 = DIRECTION('',(1.,0.,0.));
#547 = DEFINITIONAL_REPRESENTATION('',(#548),#552);
#548 = LINE('',#549,#550);
#549 = CARTESIAN_POINT('',(-0.,-3.));
#550 = VECTOR('',#551,1.);
#551 = DIRECTION('',(-1.,0.));
#552 = ( GEOMETRIC_REPRESENTATION_CONTEXT(2) 
PARAMETRIC_REPRESENTATION_CONTEXT() REPRESENTATION_CONTEXT('2D SPACE',''
  ) );
#553 = FACE_BOUND('',#554,.T.);
#554 = EDGE_LOOP('',(#555,#584,#585,#586,#587,#616,#644,#667));
#555 = ORIENTED_EDGE('',*,*,#556,.F.);
#556 = EDGE_CURVE('',#24,#557,#559,.T.);
#557 = VERTEX_POINT('',#558);
#558 = CARTESIAN_POINT('',(-1.959591794227,11.,-0.4));
#559 = SURFACE_CURVE('',#560,(#565,#572),.PCURVE_S1.);
#560 = CIRCLE('',#561,2.);
#561 = AXIS2_PLACEMENT_3D('',#562,#563,#564);
#562 = CARTESIAN_POINT('',(0.,11.,8.881784197001E-16));
#563 = DIRECTION('',(0.,1.,-2.2E-16));
#564 = DIRECTION('',(1.,0.,0.));
#565 = PCURVE('',#97,#566);
#566 = DEFINITIONAL_REPRESENTATION('',(#567),#571);
#567 = CIRCLE('',#568,2.);
#568 = AXIS2_PLACEMENT_2D('',#569,#570);
#569 = CARTESIAN_POINT('',(-8.881784197001E-16,-4.03E-15));
#570 = DIRECTION('',(0.,1.));
#571 = ( GEOMETRIC_REPRESENTATION_CONTEXT(2) 
PARAMETRIC_REPRESENTATION_CONTEXT() REPRESENTATION_CONTEXT('2D SPACE',''
  ) );
#572 = PCURVE('',#573,#578);
#573 = CYLINDRICAL_SURFACE('',#574,2.);
#574 = AXIS2_PLACEMENT_3D('',#575,#576,#577);
#575 = CARTESIAN_POINT('',(0.,11.,1.79E-15));
#576 = DIRECTION('',(0.,-1.,1.1E-16));
#577 = DIRECTION('',(1.,0.,0.));
#578 = DEFINITIONAL_REPRESENTATION('',(#579),#583);
#579 = LINE('',#580,#581);
#580 = CARTESIAN_POINT('',(-0.,0.));
#581 = VECTOR('',#582,1.);
#582 = DIRECTION('',(-1.,0.));
#583 = ( GEOMETRIC_REPRESENTATION_CONTEXT(2) 
PARAMETRIC_REPRESENTATION_CONTEXT() REPRESENTATION_CONTEXT('2D SPACE',''
  ) );
#584 = ORIENTED_EDGE('',*,*,#132,.F.);
#585 = ORIENTED_EDGE('',*,*,#109,.F.);
#586 = ORIENTED_EDGE('',*,*,#81,.F.);
#587 = ORIENTED_EDGE('',*,*,#588,.F.);
#588 = EDGE_CURVE('',#589,#58,#591,.T.);
#589 = VERTEX_POINT('',#590);
#590 = CARTESIAN_POINT('',(-1.959591794227,11.,0.4));
#591 = SURFACE_CURVE('',#592,(#597,#604),.PCURVE_S1.);
#592 = CIRCLE('',#593,2.);
#593 = AXIS2_PLACEMENT_3D('',#594,#595,#596);
#594 = CARTESIAN_POINT('',(0.,11.,8.881784197001E-16));
#595 = DIRECTION('',(0.,1.,-2.2E-16));
#596 = DIRECTION('',(1.,0.,0.));
#597 = PCURVE('',#97,#598);
#598 = DEFINITIONAL_REPRESENTATION('',(#599),#603);
#599 = CIRCLE('',#600,2.);
#600 = AXIS2_PLACEMENT_2D('',#601,#602);
#601 = CARTESIAN_POINT('',(-8.881784197001E-16,-4.03E-15));
#602 = DIRECTION('',(0.,1.));
#603 = ( GEOMETRIC_REPRESENTATION_CONTEXT(2) 
PARAMETRIC_REPRESENTATION_CONTEXT() REPRESENTATION_CONTEXT('2D SPACE',''
  ) );
#604 = PCURVE('',#605,#610);
#605 = CYLINDRICAL_SURFACE('',#606,2.);
#606 = AXIS2_PLACEMENT_3D('',#607,#608,#609);
#607 = CARTESIAN_POINT('',(0.,11.,1.79E-15));
#608 = DIRECTION('',(0.,-1.,1.1E-16));
#609 = DIRECTION('',(1.,0.,0.));
#610 = DEFINITIONAL_REPRESENTATION('',(#611),#615);
#611 = LINE('',#612,#613);
#612 = CARTESIAN_POINT('',(-0.,0.));
#613 = VECTOR('',#614,1.);
#614 = DIRECTION('',(-1.,0.));
#615 = ( GEOMETRIC_REPRESENTATION_CONTEXT(2) 
PARAMETRIC_REPRESENTATION_CONTEXT() REPRESENTATION_CONTEXT('2D SPACE',''
  ) );
#616 = ORIENTED_EDGE('',*,*,#617,.F.);
#617 = EDGE_CURVE('',#618,#589,#620,.T.);
#618 = VERTEX_POINT('',#619);
#619 = CARTESIAN_POINT('',(-3.,11.,0.4));
#620 = SURFACE_CURVE('',#621,(#625,#632),.PCURVE_S1.);
#621 = LINE('',#622,#623);
#622 = CARTESIAN_POINT('',(-3.,11.,0.4));
#623 = VECTOR('',#624,1.);
#624 = DIRECTION('',(1.,0.,0.));
#625 = PCURVE('',#97,#626);
#626 = DEFINITIONAL_REPRESENTATION('',(#627),#631);
#627 = LINE('',#628,#629);
#628 = CARTESIAN_POINT('',(0.4,-3.));
#629 = VECTOR('',#630,1.);
#630 = DIRECTION('',(0.,1.));
#631 = ( GEOMETRIC_REPRESENTATION_CONTEXT(2) 
PARAMETRIC_REPRESENTATION_CONTEXT() REPRESENTATION_CONTEXT('2D SPACE',''
  ) );
#632 = PCURVE('',#633,#638);
#633 = PLANE('',#634);
#634 = AXIS2_PLACEMENT_3D('',#635,#636,#637);
#635 = CARTESIAN_POINT('',(4.03E-15,11.,1.7763568394E-15));
#636 = DIRECTION('',(0.,1.,0.));
#637 = DIRECTION('',(0.,0.,1.));
#638 = DEFINITIONAL_REPRESENTATION('',(#639),#643);
#639 = LINE('',#640,#641);
#640 = CARTESIAN_POINT('',(0.4,-3.));
#641 = VECTOR('',#642,1.);
#642 = DIRECTION('',(0.,1.));
#643 = ( GEOMETRIC_REPRESENTATION_CONTEXT(2) 
PARAMETRIC_REPRESENTATION_CONTEXT() REPRESENTATION_CONTEXT('2D SPACE',''
  ) );
#644 = ORIENTED_EDGE('',*,*,#645,.F.);
#645 = EDGE_CURVE('',#646,#618,#648,.T.);
#646 = VERTEX_POINT('',#647);
#647 = CARTESIAN_POINT('',(-3.,11.,-0.4));
#648 = SURFACE_CURVE('',#649,(#653,#660),.PCURVE_S1.);
#649 = LINE('',#650,#651);
#650 = CARTESIAN_POINT('',(-3.,11.,-0.4));
#651 = VECTOR('',#652,1.);
#652 = DIRECTION('',(0.,2.2E-16,1.));
#653 = PCURVE('',#97,#654);
#654 = DEFINITIONAL_REPRESENTATION('',(#655),#659);
#655 = LINE('',#656,#657);
#656 = CARTESIAN_POINT('',(-0.4,-3.));
#657 = VECTOR('',#658,1.);
#658 = DIRECTION('',(1.,0.));
#659 = ( GEOMETRIC_REPRESENTATION_CONTEXT(2) 
PARAMETRIC_REPRESENTATION_CONTEXT() REPRESENTATION_CONTEXT('2D SPACE',''
  ) );
#660 = PCURVE('',#633,#661);
#661 = DEFINITIONAL_REPRESENTATION('',(#662),#666);
#662 = LINE('',#663,#664);
#663 = CARTESIAN_POINT('',(-0.4,-3.));
#664 = VECTOR('',#665,1.);
#665 = DIRECTION('',(1.,0.));
#666 = ( GEOMETRIC_REPRESENTATION_CONTEXT(2) 
PARAMETRIC_REPRESENTATION_CONTEXT() REPRESENTATION_CONTEXT('2D SPACE',''
  ) );
#667 = ORIENTED_EDGE('',*,*,#668,.F.);
#668 = EDGE_CURVE('',#557,#646,#669,.T.);
#669 = SURFACE_CURVE('',#670,(#674,#681),.PCURVE_S1.);
#670 = LINE('',#671,#672);
#671 = CARTESIAN_POINT('',(3.,11.,-0.4));
#672 = VECTOR('',#673,1.);
#673 = DIRECTION('',(-1.,0.,0.));
#674 = PCURVE('',#97,#675);
#675 = DEFINITIONAL_REPRESENTATION('',(#676),#680);
#676 = LINE('',#677,#678);
#677 = CARTESIAN_POINT('',(-0.4,3.));
#678 = VECTOR('',#679,1.);
#679 = DIRECTION('',(0.,-1.));
#680 = ( GEOMETRIC_REPRESENTATION_CONTEXT(2) 
PARAMETRIC_REPRESENTATION_CONTEXT() REPRESENTATION_CONTEXT('2D SPACE',''
  ) );
#681 = PCURVE('',#633,#682);
#682 = DEFINITIONAL_REPRESENTATION('',(#683),#687);
#683 = LINE('',#684,#685);
#684 = CARTESIAN_POINT('',(-0.4,3.));
#685 = VECTOR('',#686,1.);
#686 = DIRECTION('',(0.,-1.));
#687 = ( GEOMETRIC_REPRESENTATION_CONTEXT(2) 
PARAMETRIC_REPRESENTATION_CONTEXT() REPRESENTATION_CONTEXT('2D SPACE',''
  ) );
#688 = ADVANCED_FACE('',(#689),#172,.F.);
#689 = FACE_BOUND('',#690,.F.);
#690 = EDGE_LOOP('',(#691,#721,#821,#842,#843));
#691 = ORIENTED_EDGE('',*,*,#692,.F.);
#692 = EDGE_CURVE('',#693,#695,#697,.T.);
#693 = VERTEX_POINT('',#694);
#694 = CARTESIAN_POINT('',(0.916515138991,14.,-0.4));
#695 = VERTEX_POINT('',#696);
#696 = CARTESIAN_POINT('',(0.75,14.,-0.4));
#697 = SURFACE_CURVE('',#698,(#702,#709),.PCURVE_S1.);
#698 = LINE('',#699,#700);
#699 = CARTESIAN_POINT('',(3.,14.,-0.4));
#700 = VECTOR('',#701,1.);
#701 = DIRECTION('',(-1.,0.,0.));
#702 = PCURVE('',#172,#703);
#703 = DEFINITIONAL_REPRESENTATION('',(#704),#708);
#704 = LINE('',#705,#706);
#705 = CARTESIAN_POINT('',(-0.,-1.7763568394E-15));
#706 = VECTOR('',#707,1.);
#707 = DIRECTION('',(1.,0.));
#708 = ( GEOMETRIC_REPRESENTATION_CONTEXT(2) 
PARAMETRIC_REPRESENTATION_CONTEXT() REPRESENTATION_CONTEXT('2D SPACE',''
  ) );
#709 = PCURVE('',#710,#715);
#710 = PLANE('',#711);
#711 = AXIS2_PLACEMENT_3D('',#712,#713,#714);
#712 = CARTESIAN_POINT('',(-1.3E-16,14.,2.6645352591E-15));
#713 = DIRECTION('',(0.,1.,-2.2E-16));
#714 = DIRECTION('',(0.,2.2E-16,1.));
#715 = DEFINITIONAL_REPRESENTATION('',(#716),#720);
#716 = LINE('',#717,#718);
#717 = CARTESIAN_POINT('',(-0.4,3.));
#718 = VECTOR('',#719,1.);
#719 = DIRECTION('',(0.,-1.));
#720 = ( GEOMETRIC_REPRESENTATION_CONTEXT(2) 
PARAMETRIC_REPRESENTATION_CONTEXT() REPRESENTATION_CONTEXT('2D SPACE',''
  ) );
#721 = ORIENTED_EDGE('',*,*,#722,.F.);
#722 = EDGE_CURVE('',#723,#693,#725,.T.);
#723 = VERTEX_POINT('',#724);
#724 = CARTESIAN_POINT('',(1.959591794227,13.,-0.4));
#725 = SURFACE_CURVE('',#726,(#754,#785),.PCURVE_S1.);
#726 = B_SPLINE_CURVE_WITH_KNOTS('',6,(#727,#728,#729,#730,#731,#732,
    #733,#734,#735,#736,#737,#738,#739,#740,#741,#742,#743,#744,#745,
    #746,#747,#748,#749,#750,#751,#752,#753),.UNSPECIFIED.,.F.,.F.,(7,5,
    5,5,5,7),(0.,0.343462818729,0.563054746368,0.860369151547,
    0.925630262006,1.),.UNSPECIFIED.);
#727 = CARTESIAN_POINT('',(1.959591794227,13.,-0.4));
#728 = CARTESIAN_POINT('',(1.959591794227,13.091656976498,-0.4));
#729 = CARTESIAN_POINT('',(1.94930267551,13.183325281598,-0.4));
#730 = CARTESIAN_POINT('',(1.928719974126,13.273557002485,-0.4));
#731 = CARTESIAN_POINT('',(1.898126825029,13.360946731053,-0.4));
#732 = CARTESIAN_POINT('',(1.858043142474,13.444162955964,-0.4));
#733 = CARTESIAN_POINT('',(1.778056871067,13.57177617327,-0.4));
#734 = CARTESIAN_POINT('',(1.743299521899,13.619354339621,-0.4));
#735 = CARTESIAN_POINT('',(1.705180826209,13.664431403675,-0.4));
#736 = CARTESIAN_POINT('',(1.663937750835,13.706726799651,-0.4));
#737 = CARTESIAN_POINT('',(1.619839870762,13.745994629208,-0.4));
#738 = CARTESIAN_POINT('',(1.510020106358,13.830817185661,-0.4));
#739 = CARTESIAN_POINT('',(1.442165779359,13.873680573891,-0.4));
#740 = CARTESIAN_POINT('',(1.37036481833,13.910108149542,-0.4));
#741 = CARTESIAN_POINT('',(1.295441868681,13.939742108146,-0.4));
#742 = CARTESIAN_POINT('',(1.218289682185,13.96239072953,-0.4));
#743 = CARTESIAN_POINT('',(1.122624993392,13.981585483765,-0.4));
#744 = CARTESIAN_POINT('',(1.105343785845,13.984707531284,-0.4));
#745 = CARTESIAN_POINT('',(1.088010310859,13.987497471044,-0.4));
#746 = CARTESIAN_POINT('',(1.070634650391,13.989956769574,-0.4));
#747 = CARTESIAN_POINT('',(1.053227017273,13.992087590868,-0.4));
#748 = CARTESIAN_POINT('',(1.01593585515,13.995949958145,-0.4));
#749 = CARTESIAN_POINT('',(0.996045880367,13.997584323928,-0.4));
#750 = CARTESIAN_POINT('',(0.976143143687,13.998800082839,-0.4));
#751 = CARTESIAN_POINT('',(0.956243201171,13.999602916689,-0.4));
#752 = CARTESIAN_POINT('',(0.936361852102,14.,-0.4));
#753 = CARTESIAN_POINT('',(0.916515138991,14.,-0.4));
#754 = PCURVE('',#172,#755);
#755 = DEFINITIONAL_REPRESENTATION('',(#756),#784);
#756 = B_SPLINE_CURVE_WITH_KNOTS('',6,(#757,#758,#759,#760,#761,#762,
    #763,#764,#765,#766,#767,#768,#769,#770,#771,#772,#773,#774,#775,
    #776,#777,#778,#779,#780,#781,#782,#783),.UNSPECIFIED.,.F.,.F.,(7,5,
    5,5,5,7),(0.,0.343462818729,0.563054746368,0.860369151547,
    0.925630262006,1.),.UNSPECIFIED.);
#757 = CARTESIAN_POINT('',(1.040408205773,-1.));
#758 = CARTESIAN_POINT('',(1.040408205773,-0.908343023502));
#759 = CARTESIAN_POINT('',(1.05069732449,-0.816674718402));
#760 = CARTESIAN_POINT('',(1.071280025874,-0.726442997515));
#761 = CARTESIAN_POINT('',(1.101873174971,-0.639053268947));
#762 = CARTESIAN_POINT('',(1.141956857526,-0.555837044036));
#763 = CARTESIAN_POINT('',(1.221943128933,-0.42822382673));
#764 = CARTESIAN_POINT('',(1.256700478101,-0.380645660379));
#765 = CARTESIAN_POINT('',(1.294819173791,-0.335568596325));
#766 = CARTESIAN_POINT('',(1.336062249165,-0.293273200349));
#767 = CARTESIAN_POINT('',(1.380160129238,-0.254005370792));
#768 = CARTESIAN_POINT('',(1.489979893642,-0.169182814339));
#769 = CARTESIAN_POINT('',(1.557834220641,-0.126319426109));
#770 = CARTESIAN_POINT('',(1.62963518167,-8.989185045788E-02));
#771 = CARTESIAN_POINT('',(1.704558131319,-6.025789185352E-02));
#772 = CARTESIAN_POINT('',(1.781710317815,-3.760927047039E-02));
#773 = CARTESIAN_POINT('',(1.877375006608,-1.841451623534E-02));
#774 = CARTESIAN_POINT('',(1.894656214155,-1.529246871596E-02));
#775 = CARTESIAN_POINT('',(1.911989689141,-1.250252895614E-02));
#776 = CARTESIAN_POINT('',(1.929365349609,-1.00432304257E-02));
#777 = CARTESIAN_POINT('',(1.946772982727,-7.912409131682E-03));
#778 = CARTESIAN_POINT('',(1.98406414485,-4.050041855375E-03));
#779 = CARTESIAN_POINT('',(2.003954119633,-2.415676071715E-03));
#780 = CARTESIAN_POINT('',(2.023856856313,-1.199917161411E-03));
#781 = CARTESIAN_POINT('',(2.043756798829,-3.970833110927E-04));
#782 = CARTESIAN_POINT('',(2.063638147898,-1.7763568394E-15));
#783 = CARTESIAN_POINT('',(2.083484861009,-1.7763568394E-15));
#784 = ( GEOMETRIC_REPRESENTATION_CONTEXT(2) 
PARAMETRIC_REPRESENTATION_CONTEXT() REPRESENTATION_CONTEXT('2D SPACE',''
  ) );
#785 = PCURVE('',#786,#791);
#786 = TOROIDAL_SURFACE('',#787,1.,1.);
#787 = AXIS2_PLACEMENT_3D('',#788,#789,#790);
#788 = CARTESIAN_POINT('',(0.,13.,1.13E-15));
#789 = DIRECTION('',(0.,1.,-3.3E-16));
#790 = DIRECTION('',(1.,1.089E-31,3.3E-16));
#791 = DEFINITIONAL_REPRESENTATION('',(#792),#820);
#792 = B_SPLINE_CURVE_WITH_KNOTS('',6,(#793,#794,#795,#796,#797,#798,
    #799,#800,#801,#802,#803,#804,#805,#806,#807,#808,#809,#810,#811,
    #812,#813,#814,#815,#816,#817,#818,#819),.UNSPECIFIED.,.F.,.F.,(7,5,
    5,5,5,7),(0.,0.343462818729,0.563054746368,0.860369151547,
    0.925630262006,1.),.UNSPECIFIED.);
#793 = CARTESIAN_POINT('',(0.20135792079,0.));
#794 = CARTESIAN_POINT('',(0.20135792079,9.165697649823E-02));
#795 = CARTESIAN_POINT('',(0.202386844983,0.183325064181));
#796 = CARTESIAN_POINT('',(0.204445050074,0.274943870547));
#797 = CARTESIAN_POINT('',(0.207582362374,0.366490433986));
#798 = CARTESIAN_POINT('',(0.211901472281,0.457936874441));
#799 = CARTESIAN_POINT('',(0.221220103722,0.607552354293));
#800 = CARTESIAN_POINT('',(0.225412730367,0.665834249944));
#801 = CARTESIAN_POINT('',(0.230212494195,0.724030464919));
#802 = CARTESIAN_POINT('',(0.235681643892,0.782125052663));
#803 = CARTESIAN_POINT('',(0.241902660398,0.840097149051));
#804 = CARTESIAN_POINT('',(0.258574129606,0.976196024905));
#805 = CARTESIAN_POINT('',(0.269742832665,1.054197761599));
#806 = CARTESIAN_POINT('',(0.282764437032,1.131841308299));
#807 = CARTESIAN_POINT('',(0.298009547083,1.209025848844));
#808 = CARTESIAN_POINT('',(0.315995728154,1.285599643096));
#809 = CARTESIAN_POINT('',(0.342218804993,1.377885732393));
#810 = CARTESIAN_POINT('',(0.347108202025,1.394453180578));
#811 = CARTESIAN_POINT('',(0.352175183115,1.410974148882));
#812 = CARTESIAN_POINT('',(0.35742852206,1.427445150609));
#813 = CARTESIAN_POINT('',(0.362877605142,1.443862276193));
#814 = CARTESIAN_POINT('',(0.374976512798,1.478863357929));
#815 = CARTESIAN_POINT('',(0.381687769501,1.497429866271));
#816 = CARTESIAN_POINT('',(0.388681042597,1.515914337361));
#817 = CARTESIAN_POINT('',(0.395972204931,1.534309364224));
#818 = CARTESIAN_POINT('',(0.403578160823,1.552606513769));
#819 = CARTESIAN_POINT('',(0.411516846067,1.570796326795));
#820 = ( GEOMETRIC_REPRESENTATION_CONTEXT(2) 
PARAMETRIC_REPRESENTATION_CONTEXT() REPRESENTATION_CONTEXT('2D SPACE',''
  ) );
#821 = ORIENTED_EDGE('',*,*,#822,.T.);
#822 = EDGE_CURVE('',#723,#24,#823,.T.);
#823 = SURFACE_CURVE('',#824,(#828,#835),.PCURVE_S1.);
#824 = LINE('',#825,#826);
#825 = CARTESIAN_POINT('',(1.959591794227,11.,-0.4));
#826 = VECTOR('',#827,1.);
#827 = DIRECTION('',(0.,-1.,7.8E-16));
#828 = PCURVE('',#172,#829);
#829 = DEFINITIONAL_REPRESENTATION('',(#830),#834);
#830 = LINE('',#831,#832);
#831 = CARTESIAN_POINT('',(1.040408205773,-3.));
#832 = VECTOR('',#833,1.);
#833 = DIRECTION('',(-0.,-1.));
#834 = ( GEOMETRIC_REPRESENTATION_CONTEXT(2) 
PARAMETRIC_REPRESENTATION_CONTEXT() REPRESENTATION_CONTEXT('2D SPACE',''
  ) );
#835 = PCURVE('',#573,#836);
#836 = DEFINITIONAL_REPRESENTATION('',(#837),#841);
#837 = LINE('',#838,#839);
#838 = CARTESIAN_POINT('',(-0.20135792079,-2.2E-16));
#839 = VECTOR('',#840,1.);
#840 = DIRECTION('',(-0.,1.));
#841 = ( GEOMETRIC_REPRESENTATION_CONTEXT(2) 
PARAMETRIC_REPRESENTATION_CONTEXT() REPRESENTATION_CONTEXT('2D SPACE',''
  ) );
#842 = ORIENTED_EDGE('',*,*,#156,.T.);
#843 = ORIENTED_EDGE('',*,*,#844,.T.);
#844 = EDGE_CURVE('',#157,#695,#845,.T.);
#845 = SURFACE_CURVE('',#846,(#851,#858),.PCURVE_S1.);
#846 = HYPERBOLA('',#847,15.999999999999,0.4);
#847 = AXIS2_PLACEMENT_3D('',#848,#849,#850);
#848 = CARTESIAN_POINT('',(0.,48.,-0.4));
#849 = DIRECTION('',(0.,-1.1E-16,-1.));
#850 = DIRECTION('',(0.,-1.,1.1E-16));
#851 = PCURVE('',#172,#852);
#852 = DEFINITIONAL_REPRESENTATION('',(#853),#857);
#853 = HYPERBOLA('',#854,15.999999999999,0.4);
#854 = AXIS2_PLACEMENT_2D('',#855,#856);
#855 = CARTESIAN_POINT('',(3.,34.));
#856 = DIRECTION('',(-0.,-1.));
#857 = ( GEOMETRIC_REPRESENTATION_CONTEXT(2) 
PARAMETRIC_REPRESENTATION_CONTEXT() REPRESENTATION_CONTEXT('2D SPACE',''
  ) );
#858 = PCURVE('',#201,#859);
#859 = DEFINITIONAL_REPRESENTATION('',(#860),#867);
#860 = B_SPLINE_CURVE_WITH_KNOTS('',5,(#861,#862,#863,#864,#865,#866),
  .UNSPECIFIED.,.F.,.F.,(6,6),(-1.490007556367,-1.38629436112),
  .PIECEWISE_BEZIER_KNOTS.);
#861 = CARTESIAN_POINT('',(5.839850322658,-4.700000000001));
#862 = CARTESIAN_POINT('',(5.830952675881,-5.39890382341));
#863 = CARTESIAN_POINT('',(5.821846630908,-6.077746912063));
#864 = CARTESIAN_POINT('',(5.812527147821,-6.737155732699));
#865 = CARTESIAN_POINT('',(5.802989222831,-7.377720828518));
#866 = CARTESIAN_POINT('',(5.793227980926,-8.));
#867 = ( GEOMETRIC_REPRESENTATION_CONTEXT(2) 
PARAMETRIC_REPRESENTATION_CONTEXT() REPRESENTATION_CONTEXT('2D SPACE',''
  ) );
#868 = ADVANCED_FACE('',(#869),#251,.F.);
#869 = FACE_BOUND('',#870,.F.);
#870 = EDGE_LOOP('',(#871,#901,#926,#927,#950));
#871 = ORIENTED_EDGE('',*,*,#872,.F.);
#872 = EDGE_CURVE('',#873,#875,#877,.T.);
#873 = VERTEX_POINT('',#874);
#874 = CARTESIAN_POINT('',(0.75,14.,0.4));
#875 = VERTEX_POINT('',#876);
#876 = CARTESIAN_POINT('',(0.916515138991,14.,0.4));
#877 = SURFACE_CURVE('',#878,(#882,#889),.PCURVE_S1.);
#878 = LINE('',#879,#880);
#879 = CARTESIAN_POINT('',(-3.,14.,0.4));
#880 = VECTOR('',#881,1.);
#881 = DIRECTION('',(1.,0.,0.));
#882 = PCURVE('',#251,#883);
#883 = DEFINITIONAL_REPRESENTATION('',(#884),#888);
#884 = LINE('',#885,#886);
#885 = CARTESIAN_POINT('',(0.,-1.7763568394E-15));
#886 = VECTOR('',#887,1.);
#887 = DIRECTION('',(1.,0.));
#888 = ( GEOMETRIC_REPRESENTATION_CONTEXT(2) 
PARAMETRIC_REPRESENTATION_CONTEXT() REPRESENTATION_CONTEXT('2D SPACE',''
  ) );
#889 = PCURVE('',#890,#895);
#890 = PLANE('',#891);
#891 = AXIS2_PLACEMENT_3D('',#892,#893,#894);
#892 = CARTESIAN_POINT('',(-1.3E-16,14.,2.6645352591E-15));
#893 = DIRECTION('',(0.,1.,-2.2E-16));
#894 = DIRECTION('',(0.,2.2E-16,1.));
#895 = DEFINITIONAL_REPRESENTATION('',(#896),#900);
#896 = LINE('',#897,#898);
#897 = CARTESIAN_POINT('',(0.4,-3.));
#898 = VECTOR('',#899,1.);
#899 = DIRECTION('',(0.,1.));
#900 = ( GEOMETRIC_REPRESENTATION_CONTEXT(2) 
PARAMETRIC_REPRESENTATION_CONTEXT() REPRESENTATION_CONTEXT('2D SPACE',''
  ) );
#901 = ORIENTED_EDGE('',*,*,#902,.T.);
#902 = EDGE_CURVE('',#873,#214,#903,.T.);
#903 = SURFACE_CURVE('',#904,(#909,#916),.PCURVE_S1.);
#904 = HYPERBOLA('',#905,16.000000000001,0.4);
#905 = AXIS2_PLACEMENT_3D('',#906,#907,#908);
#906 = CARTESIAN_POINT('',(0.,48.,0.4));
#907 = DIRECTION('',(-0.,1.1E-16,1.));
#908 = DIRECTION('',(-0.,-1.,1.1E-16));
#909 = PCURVE('',#251,#910);
#910 = DEFINITIONAL_REPRESENTATION('',(#911),#915);
#911 = HYPERBOLA('',#912,16.000000000001,0.4);
#912 = AXIS2_PLACEMENT_2D('',#913,#914);
#913 = CARTESIAN_POINT('',(3.,34.));
#914 = DIRECTION('',(-0.,-1.));
#915 = ( GEOMETRIC_REPRESENTATION_CONTEXT(2) 
PARAMETRIC_REPRESENTATION_CONTEXT() REPRESENTATION_CONTEXT('2D SPACE',''
  ) );
#916 = PCURVE('',#201,#917);
#917 = DEFINITIONAL_REPRESENTATION('',(#918),#925);
#918 = B_SPLINE_CURVE_WITH_KNOTS('',5,(#919,#920,#921,#922,#923,#924),
  .UNSPECIFIED.,.F.,.F.,(6,6),(1.38629436112,1.490007556367),
  .PIECEWISE_BEZIER_KNOTS.);
#919 = CARTESIAN_POINT('',(0.489957326254,-7.999999999999));
#920 = CARTESIAN_POINT('',(0.480196084348,-7.377720828517));
#921 = CARTESIAN_POINT('',(0.470658159359,-6.737155732698));
#922 = CARTESIAN_POINT('',(0.461338676271,-6.077746912062));
#923 = CARTESIAN_POINT('',(0.452232631299,-5.398903823409));
#924 = CARTESIAN_POINT('',(0.443334984522,-4.699999999999));
#925 = ( GEOMETRIC_REPRESENTATION_CONTEXT(2) 
PARAMETRIC_REPRESENTATION_CONTEXT() REPRESENTATION_CONTEXT('2D SPACE',''
  ) );
#926 = ORIENTED_EDGE('',*,*,#237,.T.);
#927 = ORIENTED_EDGE('',*,*,#928,.F.);
#928 = EDGE_CURVE('',#929,#58,#931,.T.);
#929 = VERTEX_POINT('',#930);
#930 = CARTESIAN_POINT('',(1.959591794227,13.,0.4));
#931 = SURFACE_CURVE('',#932,(#936,#943),.PCURVE_S1.);
#932 = LINE('',#933,#934);
#933 = CARTESIAN_POINT('',(1.959591794227,11.,0.4));
#934 = VECTOR('',#935,1.);
#935 = DIRECTION('',(0.,-1.,7.8E-16));
#936 = PCURVE('',#251,#937);
#937 = DEFINITIONAL_REPRESENTATION('',(#938),#942);
#938 = LINE('',#939,#940);
#939 = CARTESIAN_POINT('',(4.959591794227,-3.));
#940 = VECTOR('',#941,1.);
#941 = DIRECTION('',(0.,-1.));
#942 = ( GEOMETRIC_REPRESENTATION_CONTEXT(2) 
PARAMETRIC_REPRESENTATION_CONTEXT() REPRESENTATION_CONTEXT('2D SPACE',''
  ) );
#943 = PCURVE('',#605,#944);
#944 = DEFINITIONAL_REPRESENTATION('',(#945),#949);
#945 = LINE('',#946,#947);
#946 = CARTESIAN_POINT('',(-6.081827386389,2.2E-16));
#947 = VECTOR('',#948,1.);
#948 = DIRECTION('',(-0.,1.));
#949 = ( GEOMETRIC_REPRESENTATION_CONTEXT(2) 
PARAMETRIC_REPRESENTATION_CONTEXT() REPRESENTATION_CONTEXT('2D SPACE',''
  ) );
#950 = ORIENTED_EDGE('',*,*,#951,.T.);
#951 = EDGE_CURVE('',#929,#875,#952,.T.);
#952 = SURFACE_CURVE('',#953,(#981,#1012),.PCURVE_S1.);
#953 = B_SPLINE_CURVE_WITH_KNOTS('',6,(#954,#955,#956,#957,#958,#959,
    #960,#961,#962,#963,#964,#965,#966,#967,#968,#969,#970,#971,#972,
    #973,#974,#975,#976,#977,#978,#979,#980),.UNSPECIFIED.,.F.,.F.,(7,5,
    5,5,5,7),(0.,0.343462818731,0.563054746371,0.86036915155,
    0.925630262009,1.),.UNSPECIFIED.);
#954 = CARTESIAN_POINT('',(1.959591794227,13.,0.4));
#955 = CARTESIAN_POINT('',(1.959591794227,13.091656976499,0.4));
#956 = CARTESIAN_POINT('',(1.94930267551,13.1833252816,0.4));
#957 = CARTESIAN_POINT('',(1.928719974126,13.273557002487,0.4));
#958 = CARTESIAN_POINT('',(1.898126825028,13.360946731056,0.4));
#959 = CARTESIAN_POINT('',(1.858043142472,13.444162955967,0.4));
#960 = CARTESIAN_POINT('',(1.778056871065,13.571776173273,0.4));
#961 = CARTESIAN_POINT('',(1.743299521896,13.619354339624,0.4));
#962 = CARTESIAN_POINT('',(1.705180826206,13.664431403678,0.4));
#963 = CARTESIAN_POINT('',(1.663937750832,13.706726799654,0.4));
#964 = CARTESIAN_POINT('',(1.619839870759,13.74599462921,0.4));
#965 = CARTESIAN_POINT('',(1.510020106354,13.830817185663,0.4));
#966 = CARTESIAN_POINT('',(1.442165779355,13.873680573894,0.4));
#967 = CARTESIAN_POINT('',(1.370364818326,13.910108149544,0.4));
#968 = CARTESIAN_POINT('',(1.295441868677,13.939742108148,0.4));
#969 = CARTESIAN_POINT('',(1.218289682181,13.962390729531,0.4));
#970 = CARTESIAN_POINT('',(1.122624993388,13.981585483765,0.4));
#971 = CARTESIAN_POINT('',(1.105343785841,13.984707531285,0.4));
#972 = CARTESIAN_POINT('',(1.088010310854,13.987497471045,0.4));
#973 = CARTESIAN_POINT('',(1.070634650387,13.989956769575,0.4));
#974 = CARTESIAN_POINT('',(1.053227017269,13.992087590869,0.4));
#975 = CARTESIAN_POINT('',(1.015935855146,13.995949958145,0.4));
#976 = CARTESIAN_POINT('',(0.996045880364,13.997584323928,0.4));
#977 = CARTESIAN_POINT('',(0.976143143685,13.998800082839,0.4));
#978 = CARTESIAN_POINT('',(0.95624320117,13.999602916689,0.4));
#979 = CARTESIAN_POINT('',(0.936361852101,14.,0.4));
#980 = CARTESIAN_POINT('',(0.916515138991,14.,0.4));
#981 = PCURVE('',#251,#982);
#982 = DEFINITIONAL_REPRESENTATION('',(#983),#1011);
#983 = B_SPLINE_CURVE_WITH_KNOTS('',6,(#984,#985,#986,#987,#988,#989,
    #990,#991,#992,#993,#994,#995,#996,#997,#998,#999,#1000,#1001,#1002,
    #1003,#1004,#1005,#1006,#1007,#1008,#1009,#1010),.UNSPECIFIED.,.F.,
  .F.,(7,5,5,5,5,7),(0.,0.343462818731,0.563054746371,0.86036915155,
    0.925630262009,1.),.UNSPECIFIED.);
#984 = CARTESIAN_POINT('',(4.959591794227,-1.));
#985 = CARTESIAN_POINT('',(4.959591794227,-0.908343023501));
#986 = CARTESIAN_POINT('',(4.94930267551,-0.8166747184));
#987 = CARTESIAN_POINT('',(4.928719974126,-0.726442997513));
#988 = CARTESIAN_POINT('',(4.898126825028,-0.639053268944));
#989 = CARTESIAN_POINT('',(4.858043142472,-0.555837044033));
#990 = CARTESIAN_POINT('',(4.778056871065,-0.428223826727));
#991 = CARTESIAN_POINT('',(4.743299521896,-0.380645660376));
#992 = CARTESIAN_POINT('',(4.705180826206,-0.335568596322));
#993 = CARTESIAN_POINT('',(4.663937750832,-0.293273200346));
#994 = CARTESIAN_POINT('',(4.619839870759,-0.25400537079));
#995 = CARTESIAN_POINT('',(4.510020106354,-0.169182814337));
#996 = CARTESIAN_POINT('',(4.442165779355,-0.126319426106));
#997 = CARTESIAN_POINT('',(4.370364818326,-8.989185045605E-02));
#998 = CARTESIAN_POINT('',(4.295441868677,-6.025789185205E-02));
#999 = CARTESIAN_POINT('',(4.218289682181,-3.76092704692E-02));
#1000 = CARTESIAN_POINT('',(4.122624993388,-1.841451623454E-02));
#1001 = CARTESIAN_POINT('',(4.105343785841,-1.529246871523E-02));
#1002 = CARTESIAN_POINT('',(4.088010310854,-1.250252895547E-02));
#1003 = CARTESIAN_POINT('',(4.070634650387,-1.00432304251E-02));
#1004 = CARTESIAN_POINT('',(4.053227017269,-7.912409131153E-03));
#1005 = CARTESIAN_POINT('',(4.015935855146,-4.050041855068E-03));
#1006 = CARTESIAN_POINT('',(3.996045880364,-2.41567607153E-03));
#1007 = CARTESIAN_POINT('',(3.976143143685,-1.199917161321E-03));
#1008 = CARTESIAN_POINT('',(3.95624320117,-3.970833110625E-04));
#1009 = CARTESIAN_POINT('',(3.936361852101,-1.7763568394E-15));
#1010 = CARTESIAN_POINT('',(3.916515138991,-1.7763568394E-15));
#1011 = ( GEOMETRIC_REPRESENTATION_CONTEXT(2) 
PARAMETRIC_REPRESENTATION_CONTEXT() REPRESENTATION_CONTEXT('2D SPACE',''
  ) );
#1012 = PCURVE('',#1013,#1018);
#1013 = TOROIDAL_SURFACE('',#1014,1.,1.);
#1014 = AXIS2_PLACEMENT_3D('',#1015,#1016,#1017);
#1015 = CARTESIAN_POINT('',(0.,13.,1.13E-15));
#1016 = DIRECTION('',(0.,1.,-3.3E-16));
#1017 = DIRECTION('',(1.,1.089E-31,3.3E-16));
#1018 = DEFINITIONAL_REPRESENTATION('',(#1019),#1047);
#1019 = B_SPLINE_CURVE_WITH_KNOTS('',6,(#1020,#1021,#1022,#1023,#1024,
    #1025,#1026,#1027,#1028,#1029,#1030,#1031,#1032,#1033,#1034,#1035,
    #1036,#1037,#1038,#1039,#1040,#1041,#1042,#1043,#1044,#1045,#1046),
  .UNSPECIFIED.,.F.,.F.,(7,5,5,5,5,7),(0.,0.343462818731,0.563054746371,
    0.86036915155,0.925630262009,1.),.UNSPECIFIED.);
#1020 = CARTESIAN_POINT('',(6.081827386389,0.));
#1021 = CARTESIAN_POINT('',(6.081827386389,9.165697649895E-02));
#1022 = CARTESIAN_POINT('',(6.080798462197,0.183325064182));
#1023 = CARTESIAN_POINT('',(6.078740257105,0.27494387055));
#1024 = CARTESIAN_POINT('',(6.075602944806,0.366490433988));
#1025 = CARTESIAN_POINT('',(6.071283834898,0.457936874445));
#1026 = CARTESIAN_POINT('',(6.061965203457,0.607552354297));
#1027 = CARTESIAN_POINT('',(6.057772576813,0.665834249948));
#1028 = CARTESIAN_POINT('',(6.052972812984,0.724030464923));
#1029 = CARTESIAN_POINT('',(6.047503663287,0.782125052667));
#1030 = CARTESIAN_POINT('',(6.041282646781,0.840097149055));
#1031 = CARTESIAN_POINT('',(6.024611177573,0.976196024909));
#1032 = CARTESIAN_POINT('',(6.013442474514,1.054197761603));
#1033 = CARTESIAN_POINT('',(6.000420870147,1.131841308303));
#1034 = CARTESIAN_POINT('',(5.985175760096,1.209025848849));
#1035 = CARTESIAN_POINT('',(5.967189579024,1.2855996431));
#1036 = CARTESIAN_POINT('',(5.940966502185,1.377885732398));
#1037 = CARTESIAN_POINT('',(5.936077105153,1.394453180583));
#1038 = CARTESIAN_POINT('',(5.931010124064,1.410974148886));
#1039 = CARTESIAN_POINT('',(5.925756785118,1.427445150613));
#1040 = CARTESIAN_POINT('',(5.920307702036,1.443862276197));
#1041 = CARTESIAN_POINT('',(5.90820879438,1.478863357933));
#1042 = CARTESIAN_POINT('',(5.901497537677,1.497429866273));
#1043 = CARTESIAN_POINT('',(5.894504264581,1.515914337363));
#1044 = CARTESIAN_POINT('',(5.887213102248,1.534309364225));
#1045 = CARTESIAN_POINT('',(5.879607146356,1.55260651377));
#1046 = CARTESIAN_POINT('',(5.871668461112,1.570796326795));
#1047 = ( GEOMETRIC_REPRESENTATION_CONTEXT(2) 
PARAMETRIC_REPRESENTATION_CONTEXT() REPRESENTATION_CONTEXT('2D SPACE',''
  ) );
#1048 = ADVANCED_FACE('',(#1049),#201,.F.);
#1049 = FACE_BOUND('',#1050,.T.);
#1050 = EDGE_LOOP('',(#1051,#1071,#1102,#1103,#1104,#1105,#1129,#1161,
    #1190,#1222,#1244,#1245));
#1051 = ORIENTED_EDGE('',*,*,#1052,.F.);
#1052 = EDGE_CURVE('',#1053,#185,#1055,.T.);
#1053 = VERTEX_POINT('',#1054);
#1054 = CARTESIAN_POINT('',(1.05,6.,-8.881784197001E-16));
#1055 = SEAM_CURVE('',#1056,(#1059,#1065),.PCURVE_S1.);
#1056 = B_SPLINE_CURVE_WITH_KNOTS('',1,(#1057,#1058),.UNSPECIFIED.,.F.,
  .F.,(2,2),(0.,1.),.PIECEWISE_BEZIER_KNOTS.);
#1057 = CARTESIAN_POINT('',(1.05,6.,2.E-15));
#1058 = CARTESIAN_POINT('',(0.85,14.,-3.33E-15));
#1059 = PCURVE('',#201,#1060);
#1060 = DEFINITIONAL_REPRESENTATION('',(#1061),#1064);
#1061 = B_SPLINE_CURVE_WITH_KNOTS('',1,(#1062,#1063),.UNSPECIFIED.,.F.,
  .F.,(2,2),(0.,1.),.PIECEWISE_BEZIER_KNOTS.);
#1062 = CARTESIAN_POINT('',(0.,0.));
#1063 = CARTESIAN_POINT('',(0.,-8.));
#1064 = ( GEOMETRIC_REPRESENTATION_CONTEXT(2) 
PARAMETRIC_REPRESENTATION_CONTEXT() REPRESENTATION_CONTEXT('2D SPACE',''
  ) );
#1065 = PCURVE('',#201,#1066);
#1066 = DEFINITIONAL_REPRESENTATION('',(#1067),#1070);
#1067 = B_SPLINE_CURVE_WITH_KNOTS('',1,(#1068,#1069),.UNSPECIFIED.,.F.,
  .F.,(2,2),(0.,1.),.PIECEWISE_BEZIER_KNOTS.);
#1068 = CARTESIAN_POINT('',(6.28318530718,0.));
#1069 = CARTESIAN_POINT('',(6.28318530718,-8.));
#1070 = ( GEOMETRIC_REPRESENTATION_CONTEXT(2) 
PARAMETRIC_REPRESENTATION_CONTEXT() REPRESENTATION_CONTEXT('2D SPACE',''
  ) );
#1071 = ORIENTED_EDGE('',*,*,#1072,.T.);
#1072 = EDGE_CURVE('',#1053,#1053,#1073,.T.);
#1073 = SURFACE_CURVE('',#1074,(#1079,#1086),.PCURVE_S1.);
#1074 = CIRCLE('',#1075,1.05);
#1075 = AXIS2_PLACEMENT_3D('',#1076,#1077,#1078);
#1076 = CARTESIAN_POINT('',(0.,6.,2.E-15));
#1077 = DIRECTION('',(0.,-1.,5.6E-16));
#1078 = DIRECTION('',(1.,0.,0.));
#1079 = PCURVE('',#201,#1080);
#1080 = DEFINITIONAL_REPRESENTATION('',(#1081),#1085);
#1081 = LINE('',#1082,#1083);
#1082 = CARTESIAN_POINT('',(0.,-0.));
#1083 = VECTOR('',#1084,1.);
#1084 = DIRECTION('',(1.,-0.));
#1085 = ( GEOMETRIC_REPRESENTATION_CONTEXT(2) 
PARAMETRIC_REPRESENTATION_CONTEXT() REPRESENTATION_CONTEXT('2D SPACE',''
  ) );
#1086 = PCURVE('',#1087,#1092);
#1087 = PLANE('',#1088);
#1088 = AXIS2_PLACEMENT_3D('',#1089,#1090,#1091);
#1089 = CARTESIAN_POINT('',(-2.3E-16,6.,7.105427357601E-15));
#1090 = DIRECTION('',(0.,1.,1.2E-16));
#1091 = DIRECTION('',(0.,-1.2E-16,1.));
#1092 = DEFINITIONAL_REPRESENTATION('',(#1093),#1101);
#1093 = ( BOUNDED_CURVE() B_SPLINE_CURVE(2,(#1094,#1095,#1096,#1097,
#1098,#1099,#1100),.UNSPECIFIED.,.T.,.F.) B_SPLINE_CURVE_WITH_KNOTS((1,2
    ,2,2,2,1),(-2.094395102393,0.,2.094395102393,4.188790204786,
6.28318530718,8.377580409573),.UNSPECIFIED.) CURVE() 
GEOMETRIC_REPRESENTATION_ITEM() RATIONAL_B_SPLINE_CURVE((1.,0.5,1.,0.5,
1.,0.5,1.)) REPRESENTATION_ITEM('') );
#1094 = CARTESIAN_POINT('',(-5.329070518201E-15,1.05));
#1095 = CARTESIAN_POINT('',(1.818653347947,1.05));
#1096 = CARTESIAN_POINT('',(0.909326673974,-0.525));
#1097 = CARTESIAN_POINT('',(-5.07189469038E-15,-2.1));
#1098 = CARTESIAN_POINT('',(-0.909326673974,-0.525));
#1099 = CARTESIAN_POINT('',(-1.818653347947,1.05));
#1100 = CARTESIAN_POINT('',(-5.329070518201E-15,1.05));
#1101 = ( GEOMETRIC_REPRESENTATION_CONTEXT(2) 
PARAMETRIC_REPRESENTATION_CONTEXT() REPRESENTATION_CONTEXT('2D SPACE',''
  ) );
#1102 = ORIENTED_EDGE('',*,*,#1052,.T.);
#1103 = ORIENTED_EDGE('',*,*,#184,.T.);
#1104 = ORIENTED_EDGE('',*,*,#844,.T.);
#1105 = ORIENTED_EDGE('',*,*,#1106,.T.);
#1106 = EDGE_CURVE('',#695,#1107,#1109,.T.);
#1107 = VERTEX_POINT('',#1108);
#1108 = CARTESIAN_POINT('',(-0.75,14.,-0.4));
#1109 = SURFACE_CURVE('',#1110,(#1115,#1122),.PCURVE_S1.);
#1110 = CIRCLE('',#1111,0.85);
#1111 = AXIS2_PLACEMENT_3D('',#1112,#1113,#1114);
#1112 = CARTESIAN_POINT('',(0.,14.,-1.7763568394E-15));
#1113 = DIRECTION('',(0.,1.,-2.2E-16));
#1114 = DIRECTION('',(1.,0.,0.));
#1115 = PCURVE('',#201,#1116);
#1116 = DEFINITIONAL_REPRESENTATION('',(#1117),#1121);
#1117 = LINE('',#1118,#1119);
#1118 = CARTESIAN_POINT('',(6.28318530718,-8.));
#1119 = VECTOR('',#1120,1.);
#1120 = DIRECTION('',(-1.,-0.));
#1121 = ( GEOMETRIC_REPRESENTATION_CONTEXT(2) 
PARAMETRIC_REPRESENTATION_CONTEXT() REPRESENTATION_CONTEXT('2D SPACE',''
  ) );
#1122 = PCURVE('',#710,#1123);
#1123 = DEFINITIONAL_REPRESENTATION('',(#1124),#1128);
#1124 = CIRCLE('',#1125,0.85);
#1125 = AXIS2_PLACEMENT_2D('',#1126,#1127);
#1126 = CARTESIAN_POINT('',(-4.440892098501E-15,1.3E-16));
#1127 = DIRECTION('',(0.,1.));
#1128 = ( GEOMETRIC_REPRESENTATION_CONTEXT(2) 
PARAMETRIC_REPRESENTATION_CONTEXT() REPRESENTATION_CONTEXT('2D SPACE',''
  ) );
#1129 = ORIENTED_EDGE('',*,*,#1130,.T.);
#1130 = EDGE_CURVE('',#1107,#1131,#1133,.T.);
#1131 = VERTEX_POINT('',#1132);
#1132 = CARTESIAN_POINT('',(-0.834041365881,11.,-0.4));
#1133 = SURFACE_CURVE('',#1134,(#1139,#1149),.PCURVE_S1.);
#1134 = HYPERBOLA('',#1135,15.999999999999,0.4);
#1135 = AXIS2_PLACEMENT_3D('',#1136,#1137,#1138);
#1136 = CARTESIAN_POINT('',(0.,48.,-0.4));
#1137 = DIRECTION('',(0.,-1.1E-16,-1.));
#1138 = DIRECTION('',(0.,-1.,1.1E-16));
#1139 = PCURVE('',#201,#1140);
#1140 = DEFINITIONAL_REPRESENTATION('',(#1141),#1148);
#1141 = B_SPLINE_CURVE_WITH_KNOTS('',5,(#1142,#1143,#1144,#1145,#1146,
    #1147),.UNSPECIFIED.,.F.,.F.,(6,6),(1.38629436112,1.490007556367),
  .PIECEWISE_BEZIER_KNOTS.);
#1142 = CARTESIAN_POINT('',(3.631549979844,-8.));
#1143 = CARTESIAN_POINT('',(3.621788737938,-7.377720828518));
#1144 = CARTESIAN_POINT('',(3.612250812948,-6.737155732699));
#1145 = CARTESIAN_POINT('',(3.602931329861,-6.077746912063));
#1146 = CARTESIAN_POINT('',(3.593825284889,-5.39890382341));
#1147 = CARTESIAN_POINT('',(3.584927638111,-4.700000000001));
#1148 = ( GEOMETRIC_REPRESENTATION_CONTEXT(2) 
PARAMETRIC_REPRESENTATION_CONTEXT() REPRESENTATION_CONTEXT('2D SPACE',''
  ) );
#1149 = PCURVE('',#1150,#1155);
#1150 = PLANE('',#1151);
#1151 = AXIS2_PLACEMENT_3D('',#1152,#1153,#1154);
#1152 = CARTESIAN_POINT('',(3.,14.,-0.4));
#1153 = DIRECTION('',(0.,-1.1E-16,-1.));
#1154 = DIRECTION('',(-1.,0.,-0.));
#1155 = DEFINITIONAL_REPRESENTATION('',(#1156),#1160);
#1156 = HYPERBOLA('',#1157,15.999999999999,0.4);
#1157 = AXIS2_PLACEMENT_2D('',#1158,#1159);
#1158 = CARTESIAN_POINT('',(3.,34.));
#1159 = DIRECTION('',(-0.,-1.));
#1160 = ( GEOMETRIC_REPRESENTATION_CONTEXT(2) 
PARAMETRIC_REPRESENTATION_CONTEXT() REPRESENTATION_CONTEXT('2D SPACE',''
  ) );
#1161 = ORIENTED_EDGE('',*,*,#1162,.T.);
#1162 = EDGE_CURVE('',#1131,#1163,#1165,.T.);
#1163 = VERTEX_POINT('',#1164);
#1164 = CARTESIAN_POINT('',(-0.834041365881,11.,0.4));
#1165 = SURFACE_CURVE('',#1166,(#1171,#1178),.PCURVE_S1.);
#1166 = CIRCLE('',#1167,0.925);
#1167 = AXIS2_PLACEMENT_3D('',#1168,#1169,#1170);
#1168 = CARTESIAN_POINT('',(0.,11.,-4.44E-15));
#1169 = DIRECTION('',(0.,1.,-8.9E-16));
#1170 = DIRECTION('',(1.,0.,0.));
#1171 = PCURVE('',#201,#1172);
#1172 = DEFINITIONAL_REPRESENTATION('',(#1173),#1177);
#1173 = LINE('',#1174,#1175);
#1174 = CARTESIAN_POINT('',(6.28318530718,-5.));
#1175 = VECTOR('',#1176,1.);
#1176 = DIRECTION('',(-1.,-0.));
#1177 = ( GEOMETRIC_REPRESENTATION_CONTEXT(2) 
PARAMETRIC_REPRESENTATION_CONTEXT() REPRESENTATION_CONTEXT('2D SPACE',''
  ) );
#1178 = PCURVE('',#1179,#1184);
#1179 = PLANE('',#1180);
#1180 = AXIS2_PLACEMENT_3D('',#1181,#1182,#1183);
#1181 = CARTESIAN_POINT('',(0.,11.,-7.105427357601E-15));
#1182 = DIRECTION('',(0.,1.,-2.2E-16));
#1183 = DIRECTION('',(0.,2.2E-16,1.));
#1184 = DEFINITIONAL_REPRESENTATION('',(#1185),#1189);
#1185 = CIRCLE('',#1186,0.925);
#1186 = AXIS2_PLACEMENT_2D('',#1187,#1188);
#1187 = CARTESIAN_POINT('',(3.552713678801E-15,0.));
#1188 = DIRECTION('',(0.,1.));
#1189 = ( GEOMETRIC_REPRESENTATION_CONTEXT(2) 
PARAMETRIC_REPRESENTATION_CONTEXT() REPRESENTATION_CONTEXT('2D SPACE',''
  ) );
#1190 = ORIENTED_EDGE('',*,*,#1191,.T.);
#1191 = EDGE_CURVE('',#1163,#1192,#1194,.T.);
#1192 = VERTEX_POINT('',#1193);
#1193 = CARTESIAN_POINT('',(-0.75,14.,0.4));
#1194 = SURFACE_CURVE('',#1195,(#1200,#1210),.PCURVE_S1.);
#1195 = HYPERBOLA('',#1196,16.000000000001,0.4);
#1196 = AXIS2_PLACEMENT_3D('',#1197,#1198,#1199);
#1197 = CARTESIAN_POINT('',(0.,48.,0.4));
#1198 = DIRECTION('',(-0.,1.1E-16,1.));
#1199 = DIRECTION('',(-0.,-1.,1.1E-16));
#1200 = PCURVE('',#201,#1201);
#1201 = DEFINITIONAL_REPRESENTATION('',(#1202),#1209);
#1202 = B_SPLINE_CURVE_WITH_KNOTS('',5,(#1203,#1204,#1205,#1206,#1207,
    #1208),.UNSPECIFIED.,.F.,.F.,(6,6),(-1.490007556367,-1.38629436112),
  .PIECEWISE_BEZIER_KNOTS.);
#1203 = CARTESIAN_POINT('',(2.698257669068,-4.699999999999));
#1204 = CARTESIAN_POINT('',(2.689360022291,-5.398903823409));
#1205 = CARTESIAN_POINT('',(2.680253977318,-6.077746912062));
#1206 = CARTESIAN_POINT('',(2.670934494231,-6.737155732698));
#1207 = CARTESIAN_POINT('',(2.661396569242,-7.377720828517));
#1208 = CARTESIAN_POINT('',(2.651635327336,-7.999999999999));
#1209 = ( GEOMETRIC_REPRESENTATION_CONTEXT(2) 
PARAMETRIC_REPRESENTATION_CONTEXT() REPRESENTATION_CONTEXT('2D SPACE',''
  ) );
#1210 = PCURVE('',#1211,#1216);
#1211 = PLANE('',#1212);
#1212 = AXIS2_PLACEMENT_3D('',#1213,#1214,#1215);
#1213 = CARTESIAN_POINT('',(-3.,14.,0.4));
#1214 = DIRECTION('',(0.,1.1E-16,1.));
#1215 = DIRECTION('',(1.,0.,-0.));
#1216 = DEFINITIONAL_REPRESENTATION('',(#1217),#1221);
#1217 = HYPERBOLA('',#1218,16.000000000001,0.4);
#1218 = AXIS2_PLACEMENT_2D('',#1219,#1220);
#1219 = CARTESIAN_POINT('',(3.,34.));
#1220 = DIRECTION('',(-0.,-1.));
#1221 = ( GEOMETRIC_REPRESENTATION_CONTEXT(2) 
PARAMETRIC_REPRESENTATION_CONTEXT() REPRESENTATION_CONTEXT('2D SPACE',''
  ) );
#1222 = ORIENTED_EDGE('',*,*,#1223,.T.);
#1223 = EDGE_CURVE('',#1192,#873,#1224,.T.);
#1224 = SURFACE_CURVE('',#1225,(#1230,#1237),.PCURVE_S1.);
#1225 = CIRCLE('',#1226,0.85);
#1226 = AXIS2_PLACEMENT_3D('',#1227,#1228,#1229);
#1227 = CARTESIAN_POINT('',(0.,14.,-1.7763568394E-15));
#1228 = DIRECTION('',(0.,1.,-2.2E-16));
#1229 = DIRECTION('',(1.,0.,0.));
#1230 = PCURVE('',#201,#1231);
#1231 = DEFINITIONAL_REPRESENTATION('',(#1232),#1236);
#1232 = LINE('',#1233,#1234);
#1233 = CARTESIAN_POINT('',(6.28318530718,-8.));
#1234 = VECTOR('',#1235,1.);
#1235 = DIRECTION('',(-1.,-0.));
#1236 = ( GEOMETRIC_REPRESENTATION_CONTEXT(2) 
PARAMETRIC_REPRESENTATION_CONTEXT() REPRESENTATION_CONTEXT('2D SPACE',''
  ) );
#1237 = PCURVE('',#890,#1238);
#1238 = DEFINITIONAL_REPRESENTATION('',(#1239),#1243);
#1239 = CIRCLE('',#1240,0.85);
#1240 = AXIS2_PLACEMENT_2D('',#1241,#1242);
#1241 = CARTESIAN_POINT('',(-4.440892098501E-15,1.3E-16));
#1242 = DIRECTION('',(0.,1.));
#1243 = ( GEOMETRIC_REPRESENTATION_CONTEXT(2) 
PARAMETRIC_REPRESENTATION_CONTEXT() REPRESENTATION_CONTEXT('2D SPACE',''
  ) );
#1244 = ORIENTED_EDGE('',*,*,#902,.T.);
#1245 = ORIENTED_EDGE('',*,*,#213,.T.);
#1246 = ADVANCED_FACE('',(#1247),#286,.T.);
#1247 = FACE_BOUND('',#1248,.T.);
#1248 = EDGE_LOOP('',(#1249,#1272,#1273,#1296));
#1249 = ORIENTED_EDGE('',*,*,#1250,.T.);
#1250 = EDGE_CURVE('',#1251,#269,#1253,.T.);
#1251 = VERTEX_POINT('',#1252);
#1252 = CARTESIAN_POINT('',(-15.,8.,-2.6645352591E-15));
#1253 = SURFACE_CURVE('',#1254,(#1258,#1265),.PCURVE_S1.);
#1254 = LINE('',#1255,#1256);
#1255 = CARTESIAN_POINT('',(-15.,8.,7.01E-15));
#1256 = VECTOR('',#1257,1.);
#1257 = DIRECTION('',(0.,1.,-1.1E-16));
#1258 = PCURVE('',#286,#1259);
#1259 = DEFINITIONAL_REPRESENTATION('',(#1260),#1264);
#1260 = LINE('',#1261,#1262);
#1261 = CARTESIAN_POINT('',(0.,0.));
#1262 = VECTOR('',#1263,1.);
#1263 = DIRECTION('',(-5.644837214443E-18,-1.));
#1264 = ( GEOMETRIC_REPRESENTATION_CONTEXT(2) 
PARAMETRIC_REPRESENTATION_CONTEXT() REPRESENTATION_CONTEXT('2D SPACE',''
  ) );
#1265 = PCURVE('',#314,#1266);
#1266 = DEFINITIONAL_REPRESENTATION('',(#1267),#1271);
#1267 = LINE('',#1268,#1269);
#1268 = CARTESIAN_POINT('',(0.,0.));
#1269 = VECTOR('',#1270,1.);
#1270 = DIRECTION('',(5.644837214443E-18,-1.));
#1271 = ( GEOMETRIC_REPRESENTATION_CONTEXT(2) 
PARAMETRIC_REPRESENTATION_CONTEXT() REPRESENTATION_CONTEXT('2D SPACE',''
  ) );
#1272 = ORIENTED_EDGE('',*,*,#268,.T.);
#1273 = ORIENTED_EDGE('',*,*,#1274,.F.);
#1274 = EDGE_CURVE('',#1275,#271,#1277,.T.);
#1275 = VERTEX_POINT('',#1276);
#1276 = CARTESIAN_POINT('',(-5.,8.,-30.));
#1277 = SURFACE_CURVE('',#1278,(#1282,#1289),.PCURVE_S1.);
#1278 = LINE('',#1279,#1280);
#1279 = CARTESIAN_POINT('',(-5.,8.,-30.));
#1280 = VECTOR('',#1281,1.);
#1281 = DIRECTION('',(0.,1.,-1.1E-16));
#1282 = PCURVE('',#286,#1283);
#1283 = DEFINITIONAL_REPRESENTATION('',(#1284),#1288);
#1284 = LINE('',#1285,#1286);
#1285 = CARTESIAN_POINT('',(31.622776601684,7.420825261528E-17));
#1286 = VECTOR('',#1287,1.);
#1287 = DIRECTION('',(-5.644837214443E-18,-1.));
#1288 = ( GEOMETRIC_REPRESENTATION_CONTEXT(2) 
PARAMETRIC_REPRESENTATION_CONTEXT() REPRESENTATION_CONTEXT('2D SPACE',''
  ) );
#1289 = PCURVE('',#542,#1290);
#1290 = DEFINITIONAL_REPRESENTATION('',(#1291),#1295);
#1291 = LINE('',#1292,#1293);
#1292 = CARTESIAN_POINT('',(-2.819842099193,0.));
#1293 = VECTOR('',#1294,1.);
#1294 = DIRECTION('',(-0.,-1.));
#1295 = ( GEOMETRIC_REPRESENTATION_CONTEXT(2) 
PARAMETRIC_REPRESENTATION_CONTEXT() REPRESENTATION_CONTEXT('2D SPACE',''
  ) );
#1296 = ORIENTED_EDGE('',*,*,#1297,.F.);
#1297 = EDGE_CURVE('',#1251,#1275,#1298,.T.);
#1298 = SURFACE_CURVE('',#1299,(#1303,#1310),.PCURVE_S1.);
#1299 = LINE('',#1300,#1301);
#1300 = CARTESIAN_POINT('',(-15.,8.,6.217248937901E-15));
#1301 = VECTOR('',#1302,1.);
#1302 = DIRECTION('',(0.316227766017,-2.1E-16,-0.948683298051));
#1303 = PCURVE('',#286,#1304);
#1304 = DEFINITIONAL_REPRESENTATION('',(#1305),#1309);
#1305 = LINE('',#1306,#1307);
#1306 = CARTESIAN_POINT('',(6.768627229127E-16,8.881784197001E-16));
#1307 = VECTOR('',#1308,1.);
#1308 = DIRECTION('',(1.,1.E-16));
#1309 = ( GEOMETRIC_REPRESENTATION_CONTEXT(2) 
PARAMETRIC_REPRESENTATION_CONTEXT() REPRESENTATION_CONTEXT('2D SPACE',''
  ) );
#1310 = PCURVE('',#1311,#1316);
#1311 = PLANE('',#1312);
#1312 = AXIS2_PLACEMENT_3D('',#1313,#1314,#1315);
#1313 = CARTESIAN_POINT('',(4.03E-15,8.,2.6645352591E-15));
#1314 = DIRECTION('',(0.,1.,0.));
#1315 = DIRECTION('',(0.,0.,1.));
#1316 = DEFINITIONAL_REPRESENTATION('',(#1317),#1321);
#1317 = LINE('',#1318,#1319);
#1318 = CARTESIAN_POINT('',(3.552713678801E-15,-15.));
#1319 = VECTOR('',#1320,1.);
#1320 = DIRECTION('',(-0.948683298051,0.316227766017));
#1321 = ( GEOMETRIC_REPRESENTATION_CONTEXT(2) 
PARAMETRIC_REPRESENTATION_CONTEXT() REPRESENTATION_CONTEXT('2D SPACE',''
  ) );
#1322 = ADVANCED_FACE('',(#1323),#314,.F.);
#1323 = FACE_BOUND('',#1324,.F.);
#1324 = EDGE_LOOP('',(#1325,#1326,#1327,#1350));
#1325 = ORIENTED_EDGE('',*,*,#1250,.T.);
#1326 = ORIENTED_EDGE('',*,*,#298,.T.);
#1327 = ORIENTED_EDGE('',*,*,#1328,.F.);
#1328 = EDGE_CURVE('',#1329,#299,#1331,.T.);
#1329 = VERTEX_POINT('',#1330);
#1330 = CARTESIAN_POINT('',(-5.,8.,30.));
#1331 = SURFACE_CURVE('',#1332,(#1336,#1343),.PCURVE_S1.);
#1332 = LINE('',#1333,#1334);
#1333 = CARTESIAN_POINT('',(-5.,8.,30.));
#1334 = VECTOR('',#1335,1.);
#1335 = DIRECTION('',(0.,1.,-1.1E-16));
#1336 = PCURVE('',#314,#1337);
#1337 = DEFINITIONAL_REPRESENTATION('',(#1338),#1342);
#1338 = LINE('',#1339,#1340);
#1339 = CARTESIAN_POINT('',(31.622776601684,-7.420825261528E-17));
#1340 = VECTOR('',#1341,1.);
#1341 = DIRECTION('',(5.644837214443E-18,-1.));
#1342 = ( GEOMETRIC_REPRESENTATION_CONTEXT(2) 
PARAMETRIC_REPRESENTATION_CONTEXT() REPRESENTATION_CONTEXT('2D SPACE',''
  ) );
#1343 = PCURVE('',#343,#1344);
#1344 = DEFINITIONAL_REPRESENTATION('',(#1345),#1349);
#1345 = LINE('',#1346,#1347);
#1346 = CARTESIAN_POINT('',(-6.604935861576,0.));
#1347 = VECTOR('',#1348,1.);
#1348 = DIRECTION('',(-0.,-1.));
#1349 = ( GEOMETRIC_REPRESENTATION_CONTEXT(2) 
PARAMETRIC_REPRESENTATION_CONTEXT() REPRESENTATION_CONTEXT('2D SPACE',''
  ) );
#1350 = ORIENTED_EDGE('',*,*,#1351,.F.);
#1351 = EDGE_CURVE('',#1251,#1329,#1352,.T.);
#1352 = SURFACE_CURVE('',#1353,(#1357,#1364),.PCURVE_S1.);
#1353 = LINE('',#1354,#1355);
#1354 = CARTESIAN_POINT('',(-15.,8.,6.217248937901E-15));
#1355 = VECTOR('',#1356,1.);
#1356 = DIRECTION('',(0.316227766017,2.1E-16,0.948683298051));
#1357 = PCURVE('',#314,#1358);
#1358 = DEFINITIONAL_REPRESENTATION('',(#1359),#1363);
#1359 = LINE('',#1360,#1361);
#1360 = CARTESIAN_POINT('',(-6.768627229127E-16,8.881784197001E-16));
#1361 = VECTOR('',#1362,1.);
#1362 = DIRECTION('',(1.,-1.E-16));
#1363 = ( GEOMETRIC_REPRESENTATION_CONTEXT(2) 
PARAMETRIC_REPRESENTATION_CONTEXT() REPRESENTATION_CONTEXT('2D SPACE',''
  ) );
#1364 = PCURVE('',#1311,#1365);
#1365 = DEFINITIONAL_REPRESENTATION('',(#1366),#1370);
#1366 = LINE('',#1367,#1368);
#1367 = CARTESIAN_POINT('',(3.552713678801E-15,-15.));
#1368 = VECTOR('',#1369,1.);
#1369 = DIRECTION('',(0.948683298051,0.316227766017));
#1370 = ( GEOMETRIC_REPRESENTATION_CONTEXT(2) 
PARAMETRIC_REPRESENTATION_CONTEXT() REPRESENTATION_CONTEXT('2D SPACE',''
  ) );
#1371 = ADVANCED_FACE('',(#1372),#542,.T.);
#1372 = FACE_BOUND('',#1373,.F.);
#1373 = EDGE_LOOP('',(#1374,#1397,#1398,#1399));
#1374 = ORIENTED_EDGE('',*,*,#1375,.T.);
#1375 = EDGE_CURVE('',#1376,#499,#1378,.T.);
#1376 = VERTEX_POINT('',#1377);
#1377 = CARTESIAN_POINT('',(29.726151169459,8.,-30.67605090949));
#1378 = SURFACE_CURVE('',#1379,(#1383,#1390),.PCURVE_S1.);
#1379 = LINE('',#1380,#1381);
#1380 = CARTESIAN_POINT('',(29.726151169459,8.,-30.67605090949));
#1381 = VECTOR('',#1382,1.);
#1382 = DIRECTION('',(0.,1.,-1.1E-16));
#1383 = PCURVE('',#542,#1384);
#1384 = DEFINITIONAL_REPRESENTATION('',(#1385),#1389);
#1385 = LINE('',#1386,#1387);
#1386 = CARTESIAN_POINT('',(-0.360681763134,0.));
#1387 = VECTOR('',#1388,1.);
#1388 = DIRECTION('',(-0.,-1.));
#1389 = ( GEOMETRIC_REPRESENTATION_CONTEXT(2) 
PARAMETRIC_REPRESENTATION_CONTEXT() REPRESENTATION_CONTEXT('2D SPACE',''
  ) );
#1390 = PCURVE('',#515,#1391);
#1391 = DEFINITIONAL_REPRESENTATION('',(#1392),#1396);
#1392 = LINE('',#1393,#1394);
#1393 = CARTESIAN_POINT('',(-1.019882255194,0.));
#1394 = VECTOR('',#1395,1.);
#1395 = DIRECTION('',(-0.,-1.));
#1396 = ( GEOMETRIC_REPRESENTATION_CONTEXT(2) 
PARAMETRIC_REPRESENTATION_CONTEXT() REPRESENTATION_CONTEXT('2D SPACE',''
  ) );
#1397 = ORIENTED_EDGE('',*,*,#527,.T.);
#1398 = ORIENTED_EDGE('',*,*,#1274,.F.);
#1399 = ORIENTED_EDGE('',*,*,#1400,.F.);
#1400 = EDGE_CURVE('',#1376,#1275,#1401,.T.);
#1401 = SURFACE_CURVE('',#1402,(#1407,#1414),.PCURVE_S1.);
#1402 = CIRCLE('',#1403,18.428816467582);
#1403 = AXIS2_PLACEMENT_3D('',#1404,#1405,#1406);
#1404 = CARTESIAN_POINT('',(12.483110385633,8.,-24.17229653812));
#1405 = DIRECTION('',(0.,1.,-2.2E-16));
#1406 = DIRECTION('',(1.,0.,0.));
#1407 = PCURVE('',#542,#1408);
#1408 = DEFINITIONAL_REPRESENTATION('',(#1409),#1413);
#1409 = LINE('',#1410,#1411);
#1410 = CARTESIAN_POINT('',(-0.,0.));
#1411 = VECTOR('',#1412,1.);
#1412 = DIRECTION('',(-1.,0.));
#1413 = ( GEOMETRIC_REPRESENTATION_CONTEXT(2) 
PARAMETRIC_REPRESENTATION_CONTEXT() REPRESENTATION_CONTEXT('2D SPACE',''
  ) );
#1414 = PCURVE('',#1311,#1415);
#1415 = DEFINITIONAL_REPRESENTATION('',(#1416),#1420);
#1416 = CIRCLE('',#1417,18.428816467582);
#1417 = AXIS2_PLACEMENT_2D('',#1418,#1419);
#1418 = CARTESIAN_POINT('',(-24.17229653812,12.483110385633));
#1419 = DIRECTION('',(0.,1.));
#1420 = ( GEOMETRIC_REPRESENTATION_CONTEXT(2) 
PARAMETRIC_REPRESENTATION_CONTEXT() REPRESENTATION_CONTEXT('2D SPACE',''
  ) );
#1421 = ADVANCED_FACE('',(#1422),#343,.F.);
#1422 = FACE_BOUND('',#1423,.T.);
#1423 = EDGE_LOOP('',(#1424,#1447,#1448,#1449));
#1424 = ORIENTED_EDGE('',*,*,#1425,.T.);
#1425 = EDGE_CURVE('',#1426,#327,#1428,.T.);
#1426 = VERTEX_POINT('',#1427);
#1427 = CARTESIAN_POINT('',(-9.879975987034,8.,36.579273632572));
#1428 = SURFACE_CURVE('',#1429,(#1433,#1440),.PCURVE_S1.);
#1429 = LINE('',#1430,#1431);
#1430 = CARTESIAN_POINT('',(-9.879975987034,8.,36.579273632572));
#1431 = VECTOR('',#1432,1.);
#1432 = DIRECTION('',(0.,1.,-1.1E-16));
#1433 = PCURVE('',#343,#1434);
#1434 = DEFINITIONAL_REPRESENTATION('',(#1435),#1439);
#1435 = LINE('',#1436,#1437);
#1436 = CARTESIAN_POINT('',(-4.685073684382,0.));
#1437 = VECTOR('',#1438,1.);
#1438 = DIRECTION('',(-0.,-1.));
#1439 = ( GEOMETRIC_REPRESENTATION_CONTEXT(2) 
PARAMETRIC_REPRESENTATION_CONTEXT() REPRESENTATION_CONTEXT('2D SPACE',''
  ) );
#1440 = PCURVE('',#372,#1441);
#1441 = DEFINITIONAL_REPRESENTATION('',(#1442),#1446);
#1442 = LINE('',#1443,#1444);
#1443 = CARTESIAN_POINT('',(-4.685073684382,0.));
#1444 = VECTOR('',#1445,1.);
#1445 = DIRECTION('',(-0.,-1.));
#1446 = ( GEOMETRIC_REPRESENTATION_CONTEXT(2) 
PARAMETRIC_REPRESENTATION_CONTEXT() REPRESENTATION_CONTEXT('2D SPACE',''
  ) );
#1447 = ORIENTED_EDGE('',*,*,#326,.T.);
#1448 = ORIENTED_EDGE('',*,*,#1328,.F.);
#1449 = ORIENTED_EDGE('',*,*,#1450,.F.);
#1450 = EDGE_CURVE('',#1426,#1329,#1451,.T.);
#1451 = SURFACE_CURVE('',#1452,(#1457,#1464),.PCURVE_S1.);
#1452 = CIRCLE('',#1453,5.);
#1453 = AXIS2_PLACEMENT_3D('',#1454,#1455,#1456);
#1454 = CARTESIAN_POINT('',(-9.743416490253,8.,31.581138830084));
#1455 = DIRECTION('',(0.,1.,-2.2E-16));
#1456 = DIRECTION('',(1.,0.,0.));
#1457 = PCURVE('',#343,#1458);
#1458 = DEFINITIONAL_REPRESENTATION('',(#1459),#1463);
#1459 = LINE('',#1460,#1461);
#1460 = CARTESIAN_POINT('',(-0.,0.));
#1461 = VECTOR('',#1462,1.);
#1462 = DIRECTION('',(-1.,0.));
#1463 = ( GEOMETRIC_REPRESENTATION_CONTEXT(2) 
PARAMETRIC_REPRESENTATION_CONTEXT() REPRESENTATION_CONTEXT('2D SPACE',''
  ) );
#1464 = PCURVE('',#1311,#1465);
#1465 = DEFINITIONAL_REPRESENTATION('',(#1466),#1470);
#1466 = CIRCLE('',#1467,5.);
#1467 = AXIS2_PLACEMENT_2D('',#1468,#1469);
#1468 = CARTESIAN_POINT('',(31.581138830084,-9.743416490253));
#1469 = DIRECTION('',(0.,1.));
#1470 = ( GEOMETRIC_REPRESENTATION_CONTEXT(2) 
PARAMETRIC_REPRESENTATION_CONTEXT() REPRESENTATION_CONTEXT('2D SPACE',''
  ) );
#1471 = ADVANCED_FACE('',(#1472),#515,.F.);
#1472 = FACE_BOUND('',#1473,.T.);
#1473 = EDGE_LOOP('',(#1474,#1475,#1476,#1499));
#1474 = ORIENTED_EDGE('',*,*,#1375,.T.);
#1475 = ORIENTED_EDGE('',*,*,#498,.T.);
#1476 = ORIENTED_EDGE('',*,*,#1477,.F.);
#1477 = EDGE_CURVE('',#1478,#470,#1480,.T.);
#1478 = VERTEX_POINT('',#1479);
#1479 = CARTESIAN_POINT('',(9.879975987034,8.,-36.57927363257));
#1480 = SURFACE_CURVE('',#1481,(#1485,#1492),.PCURVE_S1.);
#1481 = LINE('',#1482,#1483);
#1482 = CARTESIAN_POINT('',(9.879975987034,8.,-36.57927363257));
#1483 = VECTOR('',#1484,1.);
#1484 = DIRECTION('',(0.,1.,-1.1E-16));
#1485 = PCURVE('',#515,#1486);
#1486 = DEFINITIONAL_REPRESENTATION('',(#1487),#1491);
#1487 = LINE('',#1488,#1489);
#1488 = CARTESIAN_POINT('',(-1.543481030793,0.));
#1489 = VECTOR('',#1490,1.);
#1490 = DIRECTION('',(-0.,-1.));
#1491 = ( GEOMETRIC_REPRESENTATION_CONTEXT(2) 
PARAMETRIC_REPRESENTATION_CONTEXT() REPRESENTATION_CONTEXT('2D SPACE',''
  ) );
#1492 = PCURVE('',#486,#1493);
#1493 = DEFINITIONAL_REPRESENTATION('',(#1494),#1498);
#1494 = LINE('',#1495,#1496);
#1495 = CARTESIAN_POINT('',(-1.543481030793,0.));
#1496 = VECTOR('',#1497,1.);
#1497 = DIRECTION('',(-0.,-1.));
#1498 = ( GEOMETRIC_REPRESENTATION_CONTEXT(2) 
PARAMETRIC_REPRESENTATION_CONTEXT() REPRESENTATION_CONTEXT('2D SPACE',''
  ) );
#1499 = ORIENTED_EDGE('',*,*,#1500,.F.);
#1500 = EDGE_CURVE('',#1376,#1478,#1501,.T.);
#1501 = SURFACE_CURVE('',#1502,(#1507,#1514),.PCURVE_S1.);
#1502 = CIRCLE('',#1503,40.);
#1503 = AXIS2_PLACEMENT_3D('',#1504,#1505,#1506);
#1504 = CARTESIAN_POINT('',(8.787500012783,8.,3.40580478733));
#1505 = DIRECTION('',(0.,1.,-2.2E-16));
#1506 = DIRECTION('',(1.,0.,0.));
#1507 = PCURVE('',#515,#1508);
#1508 = DEFINITIONAL_REPRESENTATION('',(#1509),#1513);
#1509 = LINE('',#1510,#1511);
#1510 = CARTESIAN_POINT('',(-0.,0.));
#1511 = VECTOR('',#1512,1.);
#1512 = DIRECTION('',(-1.,0.));
#1513 = ( GEOMETRIC_REPRESENTATION_CONTEXT(2) 
PARAMETRIC_REPRESENTATION_CONTEXT() REPRESENTATION_CONTEXT('2D SPACE',''
  ) );
#1514 = PCURVE('',#1311,#1515);
#1515 = DEFINITIONAL_REPRESENTATION('',(#1516),#1520);
#1516 = CIRCLE('',#1517,40.);
#1517 = AXIS2_PLACEMENT_2D('',#1518,#1519);
#1518 = CARTESIAN_POINT('',(3.40580478733,8.787500012783));
#1519 = DIRECTION('',(0.,1.));
#1520 = ( GEOMETRIC_REPRESENTATION_CONTEXT(2) 
PARAMETRIC_REPRESENTATION_CONTEXT() REPRESENTATION_CONTEXT('2D SPACE',''
  ) );
#1521 = ADVANCED_FACE('',(#1522),#372,.F.);
#1522 = FACE_BOUND('',#1523,.T.);
#1523 = EDGE_LOOP('',(#1524,#1547,#1548,#1549));
#1524 = ORIENTED_EDGE('',*,*,#1525,.T.);
#1525 = EDGE_CURVE('',#1526,#356,#1528,.T.);
#1526 = VERTEX_POINT('',#1527);
#1527 = CARTESIAN_POINT('',(-29.72615116945,8.,30.676050909493));
#1528 = SURFACE_CURVE('',#1529,(#1533,#1540),.PCURVE_S1.);
#1529 = LINE('',#1530,#1531);
#1530 = CARTESIAN_POINT('',(-29.72615116945,8.,30.676050909493));
#1531 = VECTOR('',#1532,1.);
#1532 = DIRECTION('',(0.,1.,-1.1E-16));
#1533 = PCURVE('',#372,#1534);
#1534 = DEFINITIONAL_REPRESENTATION('',(#1535),#1539);
#1535 = LINE('',#1536,#1537);
#1536 = CARTESIAN_POINT('',(-4.161474908784,0.));
#1537 = VECTOR('',#1538,1.);
#1538 = DIRECTION('',(-0.,-1.));
#1539 = ( GEOMETRIC_REPRESENTATION_CONTEXT(2) 
PARAMETRIC_REPRESENTATION_CONTEXT() REPRESENTATION_CONTEXT('2D SPACE',''
  ) );
#1540 = PCURVE('',#401,#1541);
#1541 = DEFINITIONAL_REPRESENTATION('',(#1542),#1546);
#1542 = LINE('',#1543,#1544);
#1543 = CARTESIAN_POINT('',(-3.502274416724,0.));
#1544 = VECTOR('',#1545,1.);
#1545 = DIRECTION('',(-0.,-1.));
#1546 = ( GEOMETRIC_REPRESENTATION_CONTEXT(2) 
PARAMETRIC_REPRESENTATION_CONTEXT() REPRESENTATION_CONTEXT('2D SPACE',''
  ) );
#1547 = ORIENTED_EDGE('',*,*,#355,.T.);
#1548 = ORIENTED_EDGE('',*,*,#1425,.F.);
#1549 = ORIENTED_EDGE('',*,*,#1550,.F.);
#1550 = EDGE_CURVE('',#1526,#1426,#1551,.T.);
#1551 = SURFACE_CURVE('',#1552,(#1557,#1564),.PCURVE_S1.);
#1552 = CIRCLE('',#1553,40.);
#1553 = AXIS2_PLACEMENT_3D('',#1554,#1555,#1556);
#1554 = CARTESIAN_POINT('',(-8.787500012783,8.,-3.40580478733));
#1555 = DIRECTION('',(0.,1.,-2.2E-16));
#1556 = DIRECTION('',(1.,0.,0.));
#1557 = PCURVE('',#372,#1558);
#1558 = DEFINITIONAL_REPRESENTATION('',(#1559),#1563);
#1559 = LINE('',#1560,#1561);
#1560 = CARTESIAN_POINT('',(-0.,0.));
#1561 = VECTOR('',#1562,1.);
#1562 = DIRECTION('',(-1.,0.));
#1563 = ( GEOMETRIC_REPRESENTATION_CONTEXT(2) 
PARAMETRIC_REPRESENTATION_CONTEXT() REPRESENTATION_CONTEXT('2D SPACE',''
  ) );
#1564 = PCURVE('',#1311,#1565);
#1565 = DEFINITIONAL_REPRESENTATION('',(#1566),#1570);
#1566 = CIRCLE('',#1567,40.);
#1567 = AXIS2_PLACEMENT_2D('',#1568,#1569);
#1568 = CARTESIAN_POINT('',(-3.40580478733,-8.787500012783));
#1569 = DIRECTION('',(0.,1.));
#1570 = ( GEOMETRIC_REPRESENTATION_CONTEXT(2) 
PARAMETRIC_REPRESENTATION_CONTEXT() REPRESENTATION_CONTEXT('2D SPACE',''
  ) );
#1571 = ADVANCED_FACE('',(#1572),#486,.F.);
#1572 = FACE_BOUND('',#1573,.T.);
#1573 = EDGE_LOOP('',(#1574,#1575,#1576,#1599));
#1574 = ORIENTED_EDGE('',*,*,#1477,.T.);
#1575 = ORIENTED_EDGE('',*,*,#469,.T.);
#1576 = ORIENTED_EDGE('',*,*,#1577,.F.);
#1577 = EDGE_CURVE('',#1578,#442,#1580,.T.);
#1578 = VERTEX_POINT('',#1579);
#1579 = CARTESIAN_POINT('',(5.,8.,-30.));
#1580 = SURFACE_CURVE('',#1581,(#1585,#1592),.PCURVE_S1.);
#1581 = LINE('',#1582,#1583);
#1582 = CARTESIAN_POINT('',(5.,8.,-30.));
#1583 = VECTOR('',#1584,1.);
#1584 = DIRECTION('',(0.,1.,-1.1E-16));
#1585 = PCURVE('',#486,#1586);
#1586 = DEFINITIONAL_REPRESENTATION('',(#1587),#1591);
#1587 = LINE('',#1588,#1589);
#1588 = CARTESIAN_POINT('',(-3.463343207986,0.));
#1589 = VECTOR('',#1590,1.);
#1590 = DIRECTION('',(-0.,-1.));
#1591 = ( GEOMETRIC_REPRESENTATION_CONTEXT(2) 
PARAMETRIC_REPRESENTATION_CONTEXT() REPRESENTATION_CONTEXT('2D SPACE',''
  ) );
#1592 = PCURVE('',#457,#1593);
#1593 = DEFINITIONAL_REPRESENTATION('',(#1594),#1598);
#1594 = LINE('',#1595,#1596);
#1595 = CARTESIAN_POINT('',(31.622776601684,7.420825261528E-17));
#1596 = VECTOR('',#1597,1.);
#1597 = DIRECTION('',(-5.644837214443E-18,-1.));
#1598 = ( GEOMETRIC_REPRESENTATION_CONTEXT(2) 
PARAMETRIC_REPRESENTATION_CONTEXT() REPRESENTATION_CONTEXT('2D SPACE',''
  ) );
#1599 = ORIENTED_EDGE('',*,*,#1600,.F.);
#1600 = EDGE_CURVE('',#1478,#1578,#1601,.T.);
#1601 = SURFACE_CURVE('',#1602,(#1607,#1614),.PCURVE_S1.);
#1602 = CIRCLE('',#1603,5.);
#1603 = AXIS2_PLACEMENT_3D('',#1604,#1605,#1606);
#1604 = CARTESIAN_POINT('',(9.743416490253,8.,-31.58113883008));
#1605 = DIRECTION('',(0.,1.,-2.2E-16));
#1606 = DIRECTION('',(1.,0.,0.));
#1607 = PCURVE('',#486,#1608);
#1608 = DEFINITIONAL_REPRESENTATION('',(#1609),#1613);
#1609 = LINE('',#1610,#1611);
#1610 = CARTESIAN_POINT('',(-0.,0.));
#1611 = VECTOR('',#1612,1.);
#1612 = DIRECTION('',(-1.,0.));
#1613 = ( GEOMETRIC_REPRESENTATION_CONTEXT(2) 
PARAMETRIC_REPRESENTATION_CONTEXT() REPRESENTATION_CONTEXT('2D SPACE',''
  ) );
#1614 = PCURVE('',#1311,#1615);
#1615 = DEFINITIONAL_REPRESENTATION('',(#1616),#1620);
#1616 = CIRCLE('',#1617,5.);
#1617 = AXIS2_PLACEMENT_2D('',#1618,#1619);
#1618 = CARTESIAN_POINT('',(-31.58113883008,9.743416490253));
#1619 = DIRECTION('',(0.,1.));
#1620 = ( GEOMETRIC_REPRESENTATION_CONTEXT(2) 
PARAMETRIC_REPRESENTATION_CONTEXT() REPRESENTATION_CONTEXT('2D SPACE',''
  ) );
#1621 = ADVANCED_FACE('',(#1622),#401,.T.);
#1622 = FACE_BOUND('',#1623,.F.);
#1623 = EDGE_LOOP('',(#1624,#1625,#1626,#1649));
#1624 = ORIENTED_EDGE('',*,*,#1525,.T.);
#1625 = ORIENTED_EDGE('',*,*,#384,.T.);
#1626 = ORIENTED_EDGE('',*,*,#1627,.F.);
#1627 = EDGE_CURVE('',#1628,#385,#1630,.T.);
#1628 = VERTEX_POINT('',#1629);
#1629 = CARTESIAN_POINT('',(5.,8.,30.));
#1630 = SURFACE_CURVE('',#1631,(#1635,#1642),.PCURVE_S1.);
#1631 = LINE('',#1632,#1633);
#1632 = CARTESIAN_POINT('',(5.,8.,30.));
#1633 = VECTOR('',#1634,1.);
#1634 = DIRECTION('',(0.,1.,-1.1E-16));
#1635 = PCURVE('',#401,#1636);
#1636 = DEFINITIONAL_REPRESENTATION('',(#1637),#1641);
#1637 = LINE('',#1638,#1639);
#1638 = CARTESIAN_POINT('',(-5.961434752783,0.));
#1639 = VECTOR('',#1640,1.);
#1640 = DIRECTION('',(-0.,-1.));
#1641 = ( GEOMETRIC_REPRESENTATION_CONTEXT(2) 
PARAMETRIC_REPRESENTATION_CONTEXT() REPRESENTATION_CONTEXT('2D SPACE',''
  ) );
#1642 = PCURVE('',#429,#1643);
#1643 = DEFINITIONAL_REPRESENTATION('',(#1644),#1648);
#1644 = LINE('',#1645,#1646);
#1645 = CARTESIAN_POINT('',(31.622776601684,-7.420825261528E-17));
#1646 = VECTOR('',#1647,1.);
#1647 = DIRECTION('',(5.644837214443E-18,-1.));
#1648 = ( GEOMETRIC_REPRESENTATION_CONTEXT(2) 
PARAMETRIC_REPRESENTATION_CONTEXT() REPRESENTATION_CONTEXT('2D SPACE',''
  ) );
#1649 = ORIENTED_EDGE('',*,*,#1650,.F.);
#1650 = EDGE_CURVE('',#1526,#1628,#1651,.T.);
#1651 = SURFACE_CURVE('',#1652,(#1657,#1664),.PCURVE_S1.);
#1652 = CIRCLE('',#1653,18.428816467582);
#1653 = AXIS2_PLACEMENT_3D('',#1654,#1655,#1656);
#1654 = CARTESIAN_POINT('',(-12.48311038563,8.,24.172296538122));
#1655 = DIRECTION('',(0.,1.,-2.2E-16));
#1656 = DIRECTION('',(1.,0.,0.));
#1657 = PCURVE('',#401,#1658);
#1658 = DEFINITIONAL_REPRESENTATION('',(#1659),#1663);
#1659 = LINE('',#1660,#1661);
#1660 = CARTESIAN_POINT('',(-0.,0.));
#1661 = VECTOR('',#1662,1.);
#1662 = DIRECTION('',(-1.,0.));
#1663 = ( GEOMETRIC_REPRESENTATION_CONTEXT(2) 
PARAMETRIC_REPRESENTATION_CONTEXT() REPRESENTATION_CONTEXT('2D SPACE',''
  ) );
#1664 = PCURVE('',#1311,#1665);
#1665 = DEFINITIONAL_REPRESENTATION('',(#1666),#1670);
#1666 = CIRCLE('',#1667,18.428816467582);
#1667 = AXIS2_PLACEMENT_2D('',#1668,#1669);
#1668 = CARTESIAN_POINT('',(24.172296538122,-12.48311038563));
#1669 = DIRECTION('',(0.,1.));
#1670 = ( GEOMETRIC_REPRESENTATION_CONTEXT(2) 
PARAMETRIC_REPRESENTATION_CONTEXT() REPRESENTATION_CONTEXT('2D SPACE',''
  ) );
#1671 = ADVANCED_FACE('',(#1672),#457,.F.);
#1672 = FACE_BOUND('',#1673,.F.);
#1673 = EDGE_LOOP('',(#1674,#1697,#1698,#1699));
#1674 = ORIENTED_EDGE('',*,*,#1675,.T.);
#1675 = EDGE_CURVE('',#1676,#414,#1678,.T.);
#1676 = VERTEX_POINT('',#1677);
#1677 = CARTESIAN_POINT('',(15.,8.,-4.440892098501E-15));
#1678 = SURFACE_CURVE('',#1679,(#1683,#1690),.PCURVE_S1.);
#1679 = LINE('',#1680,#1681);
#1680 = CARTESIAN_POINT('',(15.,8.,6.31E-15));
#1681 = VECTOR('',#1682,1.);
#1682 = DIRECTION('',(0.,1.,-1.1E-16));
#1683 = PCURVE('',#457,#1684);
#1684 = DEFINITIONAL_REPRESENTATION('',(#1685),#1689);
#1685 = LINE('',#1686,#1687);
#1686 = CARTESIAN_POINT('',(-0.,0.));
#1687 = VECTOR('',#1688,1.);
#1688 = DIRECTION('',(-5.644837214443E-18,-1.));
#1689 = ( GEOMETRIC_REPRESENTATION_CONTEXT(2) 
PARAMETRIC_REPRESENTATION_CONTEXT() REPRESENTATION_CONTEXT('2D SPACE',''
  ) );
#1690 = PCURVE('',#429,#1691);
#1691 = DEFINITIONAL_REPRESENTATION('',(#1692),#1696);
#1692 = LINE('',#1693,#1694);
#1693 = CARTESIAN_POINT('',(0.,0.));
#1694 = VECTOR('',#1695,1.);
#1695 = DIRECTION('',(5.644837214443E-18,-1.));
#1696 = ( GEOMETRIC_REPRESENTATION_CONTEXT(2) 
PARAMETRIC_REPRESENTATION_CONTEXT() REPRESENTATION_CONTEXT('2D SPACE',''
  ) );
#1697 = ORIENTED_EDGE('',*,*,#441,.T.);
#1698 = ORIENTED_EDGE('',*,*,#1577,.F.);
#1699 = ORIENTED_EDGE('',*,*,#1700,.F.);
#1700 = EDGE_CURVE('',#1676,#1578,#1701,.T.);
#1701 = SURFACE_CURVE('',#1702,(#1706,#1713),.PCURVE_S1.);
#1702 = LINE('',#1703,#1704);
#1703 = CARTESIAN_POINT('',(15.,8.,5.329070518201E-15));
#1704 = VECTOR('',#1705,1.);
#1705 = DIRECTION('',(-0.316227766017,-2.1E-16,-0.948683298051));
#1706 = PCURVE('',#457,#1707);
#1707 = DEFINITIONAL_REPRESENTATION('',(#1708),#1712);
#1708 = LINE('',#1709,#1710);
#1709 = CARTESIAN_POINT('',(8.375322743535E-16,8.881784197001E-16));
#1710 = VECTOR('',#1711,1.);
#1711 = DIRECTION('',(1.,1.E-16));
#1712 = ( GEOMETRIC_REPRESENTATION_CONTEXT(2) 
PARAMETRIC_REPRESENTATION_CONTEXT() REPRESENTATION_CONTEXT('2D SPACE',''
  ) );
#1713 = PCURVE('',#1311,#1714);
#1714 = DEFINITIONAL_REPRESENTATION('',(#1715),#1719);
#1715 = LINE('',#1716,#1717);
#1716 = CARTESIAN_POINT('',(2.6645352591E-15,15.));
#1717 = VECTOR('',#1718,1.);
#1718 = DIRECTION('',(-0.948683298051,-0.316227766017));
#1719 = ( GEOMETRIC_REPRESENTATION_CONTEXT(2) 
PARAMETRIC_REPRESENTATION_CONTEXT() REPRESENTATION_CONTEXT('2D SPACE',''
  ) );
#1720 = ADVANCED_FACE('',(#1721),#429,.T.);
#1721 = FACE_BOUND('',#1722,.T.);
#1722 = EDGE_LOOP('',(#1723,#1724,#1725,#1726));
#1723 = ORIENTED_EDGE('',*,*,#1675,.T.);
#1724 = ORIENTED_EDGE('',*,*,#413,.T.);
#1725 = ORIENTED_EDGE('',*,*,#1627,.F.);
#1726 = ORIENTED_EDGE('',*,*,#1727,.F.);
#1727 = EDGE_CURVE('',#1676,#1628,#1728,.T.);
#1728 = SURFACE_CURVE('',#1729,(#1733,#1740),.PCURVE_S1.);
#1729 = LINE('',#1730,#1731);
#1730 = CARTESIAN_POINT('',(15.,8.,5.329070518201E-15));
#1731 = VECTOR('',#1732,1.);
#1732 = DIRECTION('',(-0.316227766017,2.1E-16,0.948683298051));
#1733 = PCURVE('',#429,#1734);
#1734 = DEFINITIONAL_REPRESENTATION('',(#1735),#1739);
#1735 = LINE('',#1736,#1737);
#1736 = CARTESIAN_POINT('',(-8.375322743535E-16,8.881784197001E-16));
#1737 = VECTOR('',#1738,1.);
#1738 = DIRECTION('',(1.,-1.E-16));
#1739 = ( GEOMETRIC_REPRESENTATION_CONTEXT(2) 
PARAMETRIC_REPRESENTATION_CONTEXT() REPRESENTATION_CONTEXT('2D SPACE',''
  ) );
#1740 = PCURVE('',#1311,#1741);
#1741 = DEFINITIONAL_REPRESENTATION('',(#1742),#1746);
#1742 = LINE('',#1743,#1744);
#1743 = CARTESIAN_POINT('',(2.6645352591E-15,15.));
#1744 = VECTOR('',#1745,1.);
#1745 = DIRECTION('',(0.948683298051,-0.316227766017));
#1746 = ( GEOMETRIC_REPRESENTATION_CONTEXT(2) 
PARAMETRIC_REPRESENTATION_CONTEXT() REPRESENTATION_CONTEXT('2D SPACE',''
  ) );
#1747 = ADVANCED_FACE('',(#1748),#573,.T.);
#1748 = FACE_BOUND('',#1749,.F.);
#1749 = EDGE_LOOP('',(#1750,#1751,#1752,#1776));
#1750 = ORIENTED_EDGE('',*,*,#556,.F.);
#1751 = ORIENTED_EDGE('',*,*,#822,.F.);
#1752 = ORIENTED_EDGE('',*,*,#1753,.T.);
#1753 = EDGE_CURVE('',#723,#1754,#1756,.T.);
#1754 = VERTEX_POINT('',#1755);
#1755 = CARTESIAN_POINT('',(-1.959591794227,13.,-0.4));
#1756 = SURFACE_CURVE('',#1757,(#1762,#1769),.PCURVE_S1.);
#1757 = CIRCLE('',#1758,2.);
#1758 = AXIS2_PLACEMENT_3D('',#1759,#1760,#1761);
#1759 = CARTESIAN_POINT('',(0.,13.,1.13E-15));
#1760 = DIRECTION('',(0.,1.,-3.3E-16));
#1761 = DIRECTION('',(1.,1.089E-31,3.3E-16));
#1762 = PCURVE('',#573,#1763);
#1763 = DEFINITIONAL_REPRESENTATION('',(#1764),#1768);
#1764 = LINE('',#1765,#1766);
#1765 = CARTESIAN_POINT('',(-0.,-2.));
#1766 = VECTOR('',#1767,1.);
#1767 = DIRECTION('',(-1.,0.));
#1768 = ( GEOMETRIC_REPRESENTATION_CONTEXT(2) 
PARAMETRIC_REPRESENTATION_CONTEXT() REPRESENTATION_CONTEXT('2D SPACE',''
  ) );
#1769 = PCURVE('',#786,#1770);
#1770 = DEFINITIONAL_REPRESENTATION('',(#1771),#1775);
#1771 = LINE('',#1772,#1773);
#1772 = CARTESIAN_POINT('',(0.,0.));
#1773 = VECTOR('',#1774,1.);
#1774 = DIRECTION('',(1.,0.));
#1775 = ( GEOMETRIC_REPRESENTATION_CONTEXT(2) 
PARAMETRIC_REPRESENTATION_CONTEXT() REPRESENTATION_CONTEXT('2D SPACE',''
  ) );
#1776 = ORIENTED_EDGE('',*,*,#1777,.T.);
#1777 = EDGE_CURVE('',#1754,#557,#1778,.T.);
#1778 = SURFACE_CURVE('',#1779,(#1783,#1790),.PCURVE_S1.);
#1779 = LINE('',#1780,#1781);
#1780 = CARTESIAN_POINT('',(-1.959591794227,11.,-0.4));
#1781 = VECTOR('',#1782,1.);
#1782 = DIRECTION('',(0.,-1.,7.8E-16));
#1783 = PCURVE('',#573,#1784);
#1784 = DEFINITIONAL_REPRESENTATION('',(#1785),#1789);
#1785 = LINE('',#1786,#1787);
#1786 = CARTESIAN_POINT('',(-2.940234732799,-2.2E-16));
#1787 = VECTOR('',#1788,1.);
#1788 = DIRECTION('',(-0.,1.));
#1789 = ( GEOMETRIC_REPRESENTATION_CONTEXT(2) 
PARAMETRIC_REPRESENTATION_CONTEXT() REPRESENTATION_CONTEXT('2D SPACE',''
  ) );
#1790 = PCURVE('',#1150,#1791);
#1791 = DEFINITIONAL_REPRESENTATION('',(#1792),#1796);
#1792 = LINE('',#1793,#1794);
#1793 = CARTESIAN_POINT('',(4.959591794227,-3.));
#1794 = VECTOR('',#1795,1.);
#1795 = DIRECTION('',(-0.,-1.));
#1796 = ( GEOMETRIC_REPRESENTATION_CONTEXT(2) 
PARAMETRIC_REPRESENTATION_CONTEXT() REPRESENTATION_CONTEXT('2D SPACE',''
  ) );
#1797 = ADVANCED_FACE('',(#1798),#633,.T.);
#1798 = FACE_BOUND('',#1799,.T.);
#1799 = EDGE_LOOP('',(#1800,#1822,#1823,#1824));
#1800 = ORIENTED_EDGE('',*,*,#1801,.F.);
#1801 = EDGE_CURVE('',#557,#589,#1802,.T.);
#1802 = SURFACE_CURVE('',#1803,(#1808,#1815),.PCURVE_S1.);
#1803 = CIRCLE('',#1804,2.);
#1804 = AXIS2_PLACEMENT_3D('',#1805,#1806,#1807);
#1805 = CARTESIAN_POINT('',(0.,11.,8.881784197001E-16));
#1806 = DIRECTION('',(0.,1.,-2.2E-16));
#1807 = DIRECTION('',(1.,0.,0.));
#1808 = PCURVE('',#633,#1809);
#1809 = DEFINITIONAL_REPRESENTATION('',(#1810),#1814);
#1810 = CIRCLE('',#1811,2.);
#1811 = AXIS2_PLACEMENT_2D('',#1812,#1813);
#1812 = CARTESIAN_POINT('',(-8.881784197001E-16,-4.03E-15));
#1813 = DIRECTION('',(0.,1.));
#1814 = ( GEOMETRIC_REPRESENTATION_CONTEXT(2) 
PARAMETRIC_REPRESENTATION_CONTEXT() REPRESENTATION_CONTEXT('2D SPACE',''
  ) );
#1815 = PCURVE('',#1179,#1816);
#1816 = DEFINITIONAL_REPRESENTATION('',(#1817),#1821);
#1817 = CIRCLE('',#1818,2.);
#1818 = AXIS2_PLACEMENT_2D('',#1819,#1820);
#1819 = CARTESIAN_POINT('',(7.105427357601E-15,0.));
#1820 = DIRECTION('',(0.,1.));
#1821 = ( GEOMETRIC_REPRESENTATION_CONTEXT(2) 
PARAMETRIC_REPRESENTATION_CONTEXT() REPRESENTATION_CONTEXT('2D SPACE',''
  ) );
#1822 = ORIENTED_EDGE('',*,*,#668,.T.);
#1823 = ORIENTED_EDGE('',*,*,#645,.T.);
#1824 = ORIENTED_EDGE('',*,*,#617,.T.);
#1825 = ADVANCED_FACE('',(#1826),#605,.T.);
#1826 = FACE_BOUND('',#1827,.F.);
#1827 = EDGE_LOOP('',(#1828,#1829,#1830,#1853));
#1828 = ORIENTED_EDGE('',*,*,#928,.T.);
#1829 = ORIENTED_EDGE('',*,*,#588,.F.);
#1830 = ORIENTED_EDGE('',*,*,#1831,.F.);
#1831 = EDGE_CURVE('',#1832,#589,#1834,.T.);
#1832 = VERTEX_POINT('',#1833);
#1833 = CARTESIAN_POINT('',(-1.959591794227,13.,0.4));
#1834 = SURFACE_CURVE('',#1835,(#1839,#1846),.PCURVE_S1.);
#1835 = LINE('',#1836,#1837);
#1836 = CARTESIAN_POINT('',(-1.959591794227,11.,0.4));
#1837 = VECTOR('',#1838,1.);
#1838 = DIRECTION('',(0.,-1.,7.8E-16));
#1839 = PCURVE('',#605,#1840);
#1840 = DEFINITIONAL_REPRESENTATION('',(#1841),#1845);
#1841 = LINE('',#1842,#1843);
#1842 = CARTESIAN_POINT('',(-3.34295057438,2.2E-16));
#1843 = VECTOR('',#1844,1.);
#1844 = DIRECTION('',(-0.,1.));
#1845 = ( GEOMETRIC_REPRESENTATION_CONTEXT(2) 
PARAMETRIC_REPRESENTATION_CONTEXT() REPRESENTATION_CONTEXT('2D SPACE',''
  ) );
#1846 = PCURVE('',#1211,#1847);
#1847 = DEFINITIONAL_REPRESENTATION('',(#1848),#1852);
#1848 = LINE('',#1849,#1850);
#1849 = CARTESIAN_POINT('',(1.040408205773,-3.));
#1850 = VECTOR('',#1851,1.);
#1851 = DIRECTION('',(0.,-1.));
#1852 = ( GEOMETRIC_REPRESENTATION_CONTEXT(2) 
PARAMETRIC_REPRESENTATION_CONTEXT() REPRESENTATION_CONTEXT('2D SPACE',''
  ) );
#1853 = ORIENTED_EDGE('',*,*,#1854,.T.);
#1854 = EDGE_CURVE('',#1832,#929,#1855,.T.);
#1855 = SURFACE_CURVE('',#1856,(#1861,#1868),.PCURVE_S1.);
#1856 = CIRCLE('',#1857,2.);
#1857 = AXIS2_PLACEMENT_3D('',#1858,#1859,#1860);
#1858 = CARTESIAN_POINT('',(0.,13.,1.13E-15));
#1859 = DIRECTION('',(0.,1.,-3.3E-16));
#1860 = DIRECTION('',(1.,1.089E-31,3.3E-16));
#1861 = PCURVE('',#605,#1862);
#1862 = DEFINITIONAL_REPRESENTATION('',(#1863),#1867);
#1863 = LINE('',#1864,#1865);
#1864 = CARTESIAN_POINT('',(-0.,-2.));
#1865 = VECTOR('',#1866,1.);
#1866 = DIRECTION('',(-1.,0.));
#1867 = ( GEOMETRIC_REPRESENTATION_CONTEXT(2) 
PARAMETRIC_REPRESENTATION_CONTEXT() REPRESENTATION_CONTEXT('2D SPACE',''
  ) );
#1868 = PCURVE('',#1013,#1869);
#1869 = DEFINITIONAL_REPRESENTATION('',(#1870),#1874);
#1870 = LINE('',#1871,#1872);
#1871 = CARTESIAN_POINT('',(0.,0.));
#1872 = VECTOR('',#1873,1.);
#1873 = DIRECTION('',(1.,0.));
#1874 = ( GEOMETRIC_REPRESENTATION_CONTEXT(2) 
PARAMETRIC_REPRESENTATION_CONTEXT() REPRESENTATION_CONTEXT('2D SPACE',''
  ) );
#1875 = ADVANCED_FACE('',(#1876),#710,.T.);
#1876 = FACE_BOUND('',#1877,.T.);
#1877 = EDGE_LOOP('',(#1878,#1879,#1903,#1924));
#1878 = ORIENTED_EDGE('',*,*,#692,.F.);
#1879 = ORIENTED_EDGE('',*,*,#1880,.T.);
#1880 = EDGE_CURVE('',#693,#1881,#1883,.T.);
#1881 = VERTEX_POINT('',#1882);
#1882 = CARTESIAN_POINT('',(-0.916515138991,14.,-0.4));
#1883 = SURFACE_CURVE('',#1884,(#1889,#1896),.PCURVE_S1.);
#1884 = CIRCLE('',#1885,1.);
#1885 = AXIS2_PLACEMENT_3D('',#1886,#1887,#1888);
#1886 = CARTESIAN_POINT('',(0.,14.,7.9E-16));
#1887 = DIRECTION('',(0.,1.,-3.3E-16));
#1888 = DIRECTION('',(1.,1.089E-31,3.3E-16));
#1889 = PCURVE('',#710,#1890);
#1890 = DEFINITIONAL_REPRESENTATION('',(#1891),#1895);
#1891 = CIRCLE('',#1892,1.);
#1892 = AXIS2_PLACEMENT_2D('',#1893,#1894);
#1893 = CARTESIAN_POINT('',(-1.7763568394E-15,1.3E-16));
#1894 = DIRECTION('',(3.3E-16,1.));
#1895 = ( GEOMETRIC_REPRESENTATION_CONTEXT(2) 
PARAMETRIC_REPRESENTATION_CONTEXT() REPRESENTATION_CONTEXT('2D SPACE',''
  ) );
#1896 = PCURVE('',#786,#1897);
#1897 = DEFINITIONAL_REPRESENTATION('',(#1898),#1902);
#1898 = LINE('',#1899,#1900);
#1899 = CARTESIAN_POINT('',(0.,1.570796326795));
#1900 = VECTOR('',#1901,1.);
#1901 = DIRECTION('',(1.,0.));
#1902 = ( GEOMETRIC_REPRESENTATION_CONTEXT(2) 
PARAMETRIC_REPRESENTATION_CONTEXT() REPRESENTATION_CONTEXT('2D SPACE',''
  ) );
#1903 = ORIENTED_EDGE('',*,*,#1904,.F.);
#1904 = EDGE_CURVE('',#1107,#1881,#1905,.T.);
#1905 = SURFACE_CURVE('',#1906,(#1910,#1917),.PCURVE_S1.);
#1906 = LINE('',#1907,#1908);
#1907 = CARTESIAN_POINT('',(3.,14.,-0.4));
#1908 = VECTOR('',#1909,1.);
#1909 = DIRECTION('',(-1.,0.,0.));
#1910 = PCURVE('',#710,#1911);
#1911 = DEFINITIONAL_REPRESENTATION('',(#1912),#1916);
#1912 = LINE('',#1913,#1914);
#1913 = CARTESIAN_POINT('',(-0.4,3.));
#1914 = VECTOR('',#1915,1.);
#1915 = DIRECTION('',(0.,-1.));
#1916 = ( GEOMETRIC_REPRESENTATION_CONTEXT(2) 
PARAMETRIC_REPRESENTATION_CONTEXT() REPRESENTATION_CONTEXT('2D SPACE',''
  ) );
#1917 = PCURVE('',#1150,#1918);
#1918 = DEFINITIONAL_REPRESENTATION('',(#1919),#1923);
#1919 = LINE('',#1920,#1921);
#1920 = CARTESIAN_POINT('',(-0.,-1.7763568394E-15));
#1921 = VECTOR('',#1922,1.);
#1922 = DIRECTION('',(1.,0.));
#1923 = ( GEOMETRIC_REPRESENTATION_CONTEXT(2) 
PARAMETRIC_REPRESENTATION_CONTEXT() REPRESENTATION_CONTEXT('2D SPACE',''
  ) );
#1924 = ORIENTED_EDGE('',*,*,#1106,.F.);
#1925 = ADVANCED_FACE('',(#1926),#786,.T.);
#1926 = FACE_BOUND('',#1927,.T.);
#1927 = EDGE_LOOP('',(#1928,#1929,#1930,#2023));
#1928 = ORIENTED_EDGE('',*,*,#722,.F.);
#1929 = ORIENTED_EDGE('',*,*,#1753,.T.);
#1930 = ORIENTED_EDGE('',*,*,#1931,.T.);
#1931 = EDGE_CURVE('',#1754,#1881,#1932,.T.);
#1932 = SURFACE_CURVE('',#1933,(#1961,#1992),.PCURVE_S1.);
#1933 = B_SPLINE_CURVE_WITH_KNOTS('',6,(#1934,#1935,#1936,#1937,#1938,
    #1939,#1940,#1941,#1942,#1943,#1944,#1945,#1946,#1947,#1948,#1949,
    #1950,#1951,#1952,#1953,#1954,#1955,#1956,#1957,#1958,#1959,#1960),
  .UNSPECIFIED.,.F.,.F.,(7,5,5,5,5,7),(0.,0.34346281873,0.563054746369,
    0.860369151548,0.925630262007,1.),.UNSPECIFIED.);
#1934 = CARTESIAN_POINT('',(-1.959591794227,13.,-0.4));
#1935 = CARTESIAN_POINT('',(-1.959591794227,13.091656976499,-0.4));
#1936 = CARTESIAN_POINT('',(-1.94930267551,13.183325281599,-0.4));
#1937 = CARTESIAN_POINT('',(-1.928719974126,13.273557002485,-0.4));
#1938 = CARTESIAN_POINT('',(-1.898126825028,13.360946731054,-0.4));
#1939 = CARTESIAN_POINT('',(-1.858043142473,13.444162955965,-0.4));
#1940 = CARTESIAN_POINT('',(-1.778056871066,13.571776173271,-0.4));
#1941 = CARTESIAN_POINT('',(-1.743299521898,13.619354339622,-0.4));
#1942 = CARTESIAN_POINT('',(-1.705180826208,13.664431403676,-0.4));
#1943 = CARTESIAN_POINT('',(-1.663937750834,13.706726799653,-0.4));
#1944 = CARTESIAN_POINT('',(-1.619839870761,13.745994629209,-0.4));
#1945 = CARTESIAN_POINT('',(-1.510020106357,13.830817185662,-0.4));
#1946 = CARTESIAN_POINT('',(-1.442165779357,13.873680573892,-0.4));
#1947 = CARTESIAN_POINT('',(-1.370364818328,13.910108149543,-0.4));
#1948 = CARTESIAN_POINT('',(-1.295441868679,13.939742108147,-0.4));
#1949 = CARTESIAN_POINT('',(-1.218289682183,13.96239072953,-0.4));
#1950 = CARTESIAN_POINT('',(-1.122624993391,13.981585483765,-0.4));
#1951 = CARTESIAN_POINT('',(-1.105343785844,13.984707531284,-0.4));
#1952 = CARTESIAN_POINT('',(-1.088010310857,13.987497471044,-0.4));
#1953 = CARTESIAN_POINT('',(-1.070634650389,13.989956769575,-0.4));
#1954 = CARTESIAN_POINT('',(-1.053227017271,13.992087590869,-0.4));
#1955 = CARTESIAN_POINT('',(-1.015935855148,13.995949958145,-0.4));
#1956 = CARTESIAN_POINT('',(-0.996045880365,13.997584323928,-0.4));
#1957 = CARTESIAN_POINT('',(-0.976143143686,13.998800082839,-0.4));
#1958 = CARTESIAN_POINT('',(-0.95624320117,13.999602916689,-0.4));
#1959 = CARTESIAN_POINT('',(-0.936361852102,14.,-0.4));
#1960 = CARTESIAN_POINT('',(-0.916515138991,14.,-0.4));
#1961 = PCURVE('',#786,#1962);
#1962 = DEFINITIONAL_REPRESENTATION('',(#1963),#1991);
#1963 = B_SPLINE_CURVE_WITH_KNOTS('',6,(#1964,#1965,#1966,#1967,#1968,
    #1969,#1970,#1971,#1972,#1973,#1974,#1975,#1976,#1977,#1978,#1979,
    #1980,#1981,#1982,#1983,#1984,#1985,#1986,#1987,#1988,#1989,#1990),
  .UNSPECIFIED.,.F.,.F.,(7,5,5,5,5,7),(0.,0.34346281873,0.563054746369,
    0.860369151548,0.925630262007,1.),.UNSPECIFIED.);
#1964 = CARTESIAN_POINT('',(2.940234732799,0.));
#1965 = CARTESIAN_POINT('',(2.940234732799,9.165697649852E-02));
#1966 = CARTESIAN_POINT('',(2.939205808607,0.183325064182));
#1967 = CARTESIAN_POINT('',(2.937147603516,0.274943870548));
#1968 = CARTESIAN_POINT('',(2.934010291216,0.366490433987));
#1969 = CARTESIAN_POINT('',(2.929691181308,0.457936874443));
#1970 = CARTESIAN_POINT('',(2.920372549868,0.607552354295));
#1971 = CARTESIAN_POINT('',(2.916179923223,0.665834249946));
#1972 = CARTESIAN_POINT('',(2.911380159394,0.724030464921));
#1973 = CARTESIAN_POINT('',(2.905911009698,0.782125052665));
#1974 = CARTESIAN_POINT('',(2.899689993192,0.840097149053));
#1975 = CARTESIAN_POINT('',(2.883018523983,0.976196024907));
#1976 = CARTESIAN_POINT('',(2.871849820925,1.0541977616));
#1977 = CARTESIAN_POINT('',(2.858828216557,1.131841308301));
#1978 = CARTESIAN_POINT('',(2.843583106506,1.209025848846));
#1979 = CARTESIAN_POINT('',(2.825596925435,1.285599643097));
#1980 = CARTESIAN_POINT('',(2.799373848596,1.377885732395));
#1981 = CARTESIAN_POINT('',(2.794484451564,1.39445318058));
#1982 = CARTESIAN_POINT('',(2.789417470475,1.410974148884));
#1983 = CARTESIAN_POINT('',(2.784164131529,1.427445150611));
#1984 = CARTESIAN_POINT('',(2.778715048447,1.443862276195));
#1985 = CARTESIAN_POINT('',(2.766616140791,1.478863357931));
#1986 = CARTESIAN_POINT('',(2.759904884088,1.497429866272));
#1987 = CARTESIAN_POINT('',(2.752911610992,1.515914337362));
#1988 = CARTESIAN_POINT('',(2.745620448658,1.534309364224));
#1989 = CARTESIAN_POINT('',(2.738014492767,1.55260651377));
#1990 = CARTESIAN_POINT('',(2.730075807522,1.570796326795));
#1991 = ( GEOMETRIC_REPRESENTATION_CONTEXT(2) 
PARAMETRIC_REPRESENTATION_CONTEXT() REPRESENTATION_CONTEXT('2D SPACE',''
  ) );
#1992 = PCURVE('',#1150,#1993);
#1993 = DEFINITIONAL_REPRESENTATION('',(#1994),#2022);
#1994 = B_SPLINE_CURVE_WITH_KNOTS('',6,(#1995,#1996,#1997,#1998,#1999,
    #2000,#2001,#2002,#2003,#2004,#2005,#2006,#2007,#2008,#2009,#2010,
    #2011,#2012,#2013,#2014,#2015,#2016,#2017,#2018,#2019,#2020,#2021),
  .UNSPECIFIED.,.F.,.F.,(7,5,5,5,5,7),(0.,0.34346281873,0.563054746369,
    0.860369151548,0.925630262007,1.),.UNSPECIFIED.);
#1995 = CARTESIAN_POINT('',(4.959591794227,-1.));
#1996 = CARTESIAN_POINT('',(4.959591794227,-0.908343023501));
#1997 = CARTESIAN_POINT('',(4.94930267551,-0.816674718401));
#1998 = CARTESIAN_POINT('',(4.928719974126,-0.726442997515));
#1999 = CARTESIAN_POINT('',(4.898126825028,-0.639053268946));
#2000 = CARTESIAN_POINT('',(4.858043142473,-0.555837044035));
#2001 = CARTESIAN_POINT('',(4.778056871066,-0.428223826729));
#2002 = CARTESIAN_POINT('',(4.743299521898,-0.380645660378));
#2003 = CARTESIAN_POINT('',(4.705180826208,-0.335568596324));
#2004 = CARTESIAN_POINT('',(4.663937750834,-0.293273200347));
#2005 = CARTESIAN_POINT('',(4.619839870761,-0.254005370791));
#2006 = CARTESIAN_POINT('',(4.510020106357,-0.169182814338));
#2007 = CARTESIAN_POINT('',(4.442165779357,-0.126319426108));
#2008 = CARTESIAN_POINT('',(4.370364818328,-8.989185045703E-02));
#2009 = CARTESIAN_POINT('',(4.295441868679,-6.025789185291E-02));
#2010 = CARTESIAN_POINT('',(4.218289682183,-3.760927046987E-02));
#2011 = CARTESIAN_POINT('',(4.122624993391,-1.8414516235E-02));
#2012 = CARTESIAN_POINT('',(4.105343785844,-1.529246871564E-02));
#2013 = CARTESIAN_POINT('',(4.088010310857,-1.250252895585E-02));
#2014 = CARTESIAN_POINT('',(4.070634650389,-1.004323042544E-02));
#2015 = CARTESIAN_POINT('',(4.053227017271,-7.912409131453E-03));
#2016 = CARTESIAN_POINT('',(4.015935855148,-4.050041855242E-03));
#2017 = CARTESIAN_POINT('',(3.996045880365,-2.415676071637E-03));
#2018 = CARTESIAN_POINT('',(3.976143143686,-1.199917161372E-03));
#2019 = CARTESIAN_POINT('',(3.95624320117,-3.970833110802E-04));
#2020 = CARTESIAN_POINT('',(3.936361852102,-1.7763568394E-15));
#2021 = CARTESIAN_POINT('',(3.916515138991,-1.7763568394E-15));
#2022 = ( GEOMETRIC_REPRESENTATION_CONTEXT(2) 
PARAMETRIC_REPRESENTATION_CONTEXT() REPRESENTATION_CONTEXT('2D SPACE',''
  ) );
#2023 = ORIENTED_EDGE('',*,*,#1880,.F.);
#2024 = ADVANCED_FACE('',(#2025),#890,.T.);
#2025 = FACE_BOUND('',#2026,.T.);
#2026 = EDGE_LOOP('',(#2027,#2051,#2052,#2053));
#2027 = ORIENTED_EDGE('',*,*,#2028,.T.);
#2028 = EDGE_CURVE('',#2029,#875,#2031,.T.);
#2029 = VERTEX_POINT('',#2030);
#2030 = CARTESIAN_POINT('',(-0.916515138991,14.,0.4));
#2031 = SURFACE_CURVE('',#2032,(#2037,#2044),.PCURVE_S1.);
#2032 = CIRCLE('',#2033,1.);
#2033 = AXIS2_PLACEMENT_3D('',#2034,#2035,#2036);
#2034 = CARTESIAN_POINT('',(0.,14.,7.9E-16));
#2035 = DIRECTION('',(0.,1.,-3.3E-16));
#2036 = DIRECTION('',(1.,1.089E-31,3.3E-16));
#2037 = PCURVE('',#890,#2038);
#2038 = DEFINITIONAL_REPRESENTATION('',(#2039),#2043);
#2039 = CIRCLE('',#2040,1.);
#2040 = AXIS2_PLACEMENT_2D('',#2041,#2042);
#2041 = CARTESIAN_POINT('',(-1.7763568394E-15,1.3E-16));
#2042 = DIRECTION('',(3.3E-16,1.));
#2043 = ( GEOMETRIC_REPRESENTATION_CONTEXT(2) 
PARAMETRIC_REPRESENTATION_CONTEXT() REPRESENTATION_CONTEXT('2D SPACE',''
  ) );
#2044 = PCURVE('',#1013,#2045);
#2045 = DEFINITIONAL_REPRESENTATION('',(#2046),#2050);
#2046 = LINE('',#2047,#2048);
#2047 = CARTESIAN_POINT('',(0.,1.570796326795));
#2048 = VECTOR('',#2049,1.);
#2049 = DIRECTION('',(1.,0.));
#2050 = ( GEOMETRIC_REPRESENTATION_CONTEXT(2) 
PARAMETRIC_REPRESENTATION_CONTEXT() REPRESENTATION_CONTEXT('2D SPACE',''
  ) );
#2051 = ORIENTED_EDGE('',*,*,#872,.F.);
#2052 = ORIENTED_EDGE('',*,*,#1223,.F.);
#2053 = ORIENTED_EDGE('',*,*,#2054,.F.);
#2054 = EDGE_CURVE('',#2029,#1192,#2055,.T.);
#2055 = SURFACE_CURVE('',#2056,(#2060,#2067),.PCURVE_S1.);
#2056 = LINE('',#2057,#2058);
#2057 = CARTESIAN_POINT('',(-3.,14.,0.4));
#2058 = VECTOR('',#2059,1.);
#2059 = DIRECTION('',(1.,0.,0.));
#2060 = PCURVE('',#890,#2061);
#2061 = DEFINITIONAL_REPRESENTATION('',(#2062),#2066);
#2062 = LINE('',#2063,#2064);
#2063 = CARTESIAN_POINT('',(0.4,-3.));
#2064 = VECTOR('',#2065,1.);
#2065 = DIRECTION('',(0.,1.));
#2066 = ( GEOMETRIC_REPRESENTATION_CONTEXT(2) 
PARAMETRIC_REPRESENTATION_CONTEXT() REPRESENTATION_CONTEXT('2D SPACE',''
  ) );
#2067 = PCURVE('',#1211,#2068);
#2068 = DEFINITIONAL_REPRESENTATION('',(#2069),#2073);
#2069 = LINE('',#2070,#2071);
#2070 = CARTESIAN_POINT('',(0.,-1.7763568394E-15));
#2071 = VECTOR('',#2072,1.);
#2072 = DIRECTION('',(1.,0.));
#2073 = ( GEOMETRIC_REPRESENTATION_CONTEXT(2) 
PARAMETRIC_REPRESENTATION_CONTEXT() REPRESENTATION_CONTEXT('2D SPACE',''
  ) );
#2074 = ADVANCED_FACE('',(#2075),#1013,.T.);
#2075 = FACE_BOUND('',#2076,.T.);
#2076 = EDGE_LOOP('',(#2077,#2078,#2079,#2080));
#2077 = ORIENTED_EDGE('',*,*,#1854,.T.);
#2078 = ORIENTED_EDGE('',*,*,#951,.T.);
#2079 = ORIENTED_EDGE('',*,*,#2028,.F.);
#2080 = ORIENTED_EDGE('',*,*,#2081,.F.);
#2081 = EDGE_CURVE('',#1832,#2029,#2082,.T.);
#2082 = SURFACE_CURVE('',#2083,(#2111,#2142),.PCURVE_S1.);
#2083 = B_SPLINE_CURVE_WITH_KNOTS('',6,(#2084,#2085,#2086,#2087,#2088,
    #2089,#2090,#2091,#2092,#2093,#2094,#2095,#2096,#2097,#2098,#2099,
    #2100,#2101,#2102,#2103,#2104,#2105,#2106,#2107,#2108,#2109,#2110),
  .UNSPECIFIED.,.F.,.F.,(7,5,5,5,5,7),(0.,0.343462818731,0.56305474637,
    0.86036915155,0.925630262009,1.),.UNSPECIFIED.);
#2084 = CARTESIAN_POINT('',(-1.959591794227,13.,0.4));
#2085 = CARTESIAN_POINT('',(-1.959591794227,13.091656976499,0.4));
#2086 = CARTESIAN_POINT('',(-1.94930267551,13.1833252816,0.4));
#2087 = CARTESIAN_POINT('',(-1.928719974125,13.273557002487,0.4));
#2088 = CARTESIAN_POINT('',(-1.898126825028,13.360946731056,0.4));
#2089 = CARTESIAN_POINT('',(-1.858043142472,13.444162955967,0.4));
#2090 = CARTESIAN_POINT('',(-1.778056871065,13.571776173273,0.4));
#2091 = CARTESIAN_POINT('',(-1.743299521896,13.619354339624,0.4));
#2092 = CARTESIAN_POINT('',(-1.705180826206,13.664431403678,0.4));
#2093 = CARTESIAN_POINT('',(-1.663937750832,13.706726799654,0.4));
#2094 = CARTESIAN_POINT('',(-1.619839870759,13.74599462921,0.4));
#2095 = CARTESIAN_POINT('',(-1.510020106354,13.830817185663,0.4));
#2096 = CARTESIAN_POINT('',(-1.442165779355,13.873680573893,0.4));
#2097 = CARTESIAN_POINT('',(-1.370364818326,13.910108149544,0.4));
#2098 = CARTESIAN_POINT('',(-1.295441868677,13.939742108148,0.4));
#2099 = CARTESIAN_POINT('',(-1.218289682181,13.962390729531,0.4));
#2100 = CARTESIAN_POINT('',(-1.122624993388,13.981585483765,0.4));
#2101 = CARTESIAN_POINT('',(-1.105343785841,13.984707531285,0.4));
#2102 = CARTESIAN_POINT('',(-1.088010310854,13.987497471045,0.4));
#2103 = CARTESIAN_POINT('',(-1.070634650387,13.989956769575,0.4));
#2104 = CARTESIAN_POINT('',(-1.053227017269,13.992087590869,0.4));
#2105 = CARTESIAN_POINT('',(-1.015935855146,13.995949958145,0.4));
#2106 = CARTESIAN_POINT('',(-0.996045880364,13.997584323928,0.4));
#2107 = CARTESIAN_POINT('',(-0.976143143685,13.998800082839,0.4));
#2108 = CARTESIAN_POINT('',(-0.95624320117,13.999602916689,0.4));
#2109 = CARTESIAN_POINT('',(-0.936361852101,14.,0.4));
#2110 = CARTESIAN_POINT('',(-0.916515138991,14.,0.4));
#2111 = PCURVE('',#1013,#2112);
#2112 = DEFINITIONAL_REPRESENTATION('',(#2113),#2141);
#2113 = B_SPLINE_CURVE_WITH_KNOTS('',6,(#2114,#2115,#2116,#2117,#2118,
    #2119,#2120,#2121,#2122,#2123,#2124,#2125,#2126,#2127,#2128,#2129,
    #2130,#2131,#2132,#2133,#2134,#2135,#2136,#2137,#2138,#2139,#2140),
  .UNSPECIFIED.,.F.,.F.,(7,5,5,5,5,7),(0.,0.343462818731,0.56305474637,
    0.86036915155,0.925630262009,1.),.UNSPECIFIED.);
#2114 = CARTESIAN_POINT('',(3.34295057438,0.));
#2115 = CARTESIAN_POINT('',(3.34295057438,9.165697649895E-02));
#2116 = CARTESIAN_POINT('',(3.343979498573,0.183325064182));
#2117 = CARTESIAN_POINT('',(3.346037703664,0.27494387055));
#2118 = CARTESIAN_POINT('',(3.349175015964,0.366490433988));
#2119 = CARTESIAN_POINT('',(3.353494125871,0.457936874445));
#2120 = CARTESIAN_POINT('',(3.362812757312,0.607552354297));
#2121 = CARTESIAN_POINT('',(3.367005383957,0.665834249948));
#2122 = CARTESIAN_POINT('',(3.371805147785,0.724030464923));
#2123 = CARTESIAN_POINT('',(3.377274297482,0.782125052667));
#2124 = CARTESIAN_POINT('',(3.383495313988,0.840097149055));
#2125 = CARTESIAN_POINT('',(3.400166783197,0.976196024909));
#2126 = CARTESIAN_POINT('',(3.411335486255,1.054197761603));
#2127 = CARTESIAN_POINT('',(3.424357090623,1.131841308303));
#2128 = CARTESIAN_POINT('',(3.439602200674,1.209025848849));
#2129 = CARTESIAN_POINT('',(3.457588381745,1.2855996431));
#2130 = CARTESIAN_POINT('',(3.483811458584,1.377885732398));
#2131 = CARTESIAN_POINT('',(3.488700855617,1.394453180583));
#2132 = CARTESIAN_POINT('',(3.493767836706,1.410974148886));
#2133 = CARTESIAN_POINT('',(3.499021175652,1.427445150613));
#2134 = CARTESIAN_POINT('',(3.504470258734,1.443862276197));
#2135 = CARTESIAN_POINT('',(3.516569166389,1.478863357933));
#2136 = CARTESIAN_POINT('',(3.523280423092,1.497429866273));
#2137 = CARTESIAN_POINT('',(3.530273696188,1.515914337363));
#2138 = CARTESIAN_POINT('',(3.537564858522,1.534309364225));
#2139 = CARTESIAN_POINT('',(3.545170814413,1.55260651377));
#2140 = CARTESIAN_POINT('',(3.553109499657,1.570796326795));
#2141 = ( GEOMETRIC_REPRESENTATION_CONTEXT(2) 
PARAMETRIC_REPRESENTATION_CONTEXT() REPRESENTATION_CONTEXT('2D SPACE',''
  ) );
#2142 = PCURVE('',#1211,#2143);
#2143 = DEFINITIONAL_REPRESENTATION('',(#2144),#2172);
#2144 = B_SPLINE_CURVE_WITH_KNOTS('',6,(#2145,#2146,#2147,#2148,#2149,
    #2150,#2151,#2152,#2153,#2154,#2155,#2156,#2157,#2158,#2159,#2160,
    #2161,#2162,#2163,#2164,#2165,#2166,#2167,#2168,#2169,#2170,#2171),
  .UNSPECIFIED.,.F.,.F.,(7,5,5,5,5,7),(0.,0.343462818731,0.56305474637,
    0.86036915155,0.925630262009,1.),.UNSPECIFIED.);
#2145 = CARTESIAN_POINT('',(1.040408205773,-1.));
#2146 = CARTESIAN_POINT('',(1.040408205773,-0.908343023501));
#2147 = CARTESIAN_POINT('',(1.05069732449,-0.8166747184));
#2148 = CARTESIAN_POINT('',(1.071280025875,-0.726442997513));
#2149 = CARTESIAN_POINT('',(1.101873174972,-0.639053268944));
#2150 = CARTESIAN_POINT('',(1.141956857528,-0.555837044033));
#2151 = CARTESIAN_POINT('',(1.221943128935,-0.428223826727));
#2152 = CARTESIAN_POINT('',(1.256700478104,-0.380645660376));
#2153 = CARTESIAN_POINT('',(1.294819173794,-0.335568596322));
#2154 = CARTESIAN_POINT('',(1.336062249168,-0.293273200346));
#2155 = CARTESIAN_POINT('',(1.380160129241,-0.25400537079));
#2156 = CARTESIAN_POINT('',(1.489979893646,-0.169182814337));
#2157 = CARTESIAN_POINT('',(1.557834220645,-0.126319426107));
#2158 = CARTESIAN_POINT('',(1.629635181674,-8.989185045593E-02));
#2159 = CARTESIAN_POINT('',(1.704558131323,-6.025789185212E-02));
#2160 = CARTESIAN_POINT('',(1.781710317819,-3.76092704692E-02));
#2161 = CARTESIAN_POINT('',(1.877375006612,-1.841451623454E-02));
#2162 = CARTESIAN_POINT('',(1.894656214159,-1.529246871523E-02));
#2163 = CARTESIAN_POINT('',(1.911989689146,-1.250252895547E-02));
#2164 = CARTESIAN_POINT('',(1.929365349613,-1.00432304251E-02));
#2165 = CARTESIAN_POINT('',(1.946772982731,-7.912409131153E-03));
#2166 = CARTESIAN_POINT('',(1.984064144854,-4.050041855068E-03));
#2167 = CARTESIAN_POINT('',(2.003954119636,-2.41567607153E-03));
#2168 = CARTESIAN_POINT('',(2.023856856315,-1.199917161321E-03));
#2169 = CARTESIAN_POINT('',(2.04375679883,-3.970833110625E-04));
#2170 = CARTESIAN_POINT('',(2.063638147899,-1.7763568394E-15));
#2171 = CARTESIAN_POINT('',(2.083484861009,-1.7763568394E-15));
#2172 = ( GEOMETRIC_REPRESENTATION_CONTEXT(2) 
PARAMETRIC_REPRESENTATION_CONTEXT() REPRESENTATION_CONTEXT('2D SPACE',''
  ) );
#2173 = ADVANCED_FACE('',(#2174),#1211,.F.);
#2174 = FACE_BOUND('',#2175,.F.);
#2175 = EDGE_LOOP('',(#2176,#2177,#2178,#2179,#2200));
#2176 = ORIENTED_EDGE('',*,*,#2054,.F.);
#2177 = ORIENTED_EDGE('',*,*,#2081,.F.);
#2178 = ORIENTED_EDGE('',*,*,#1831,.T.);
#2179 = ORIENTED_EDGE('',*,*,#2180,.T.);
#2180 = EDGE_CURVE('',#589,#1163,#2181,.T.);
#2181 = SURFACE_CURVE('',#2182,(#2186,#2193),.PCURVE_S1.);
#2182 = LINE('',#2183,#2184);
#2183 = CARTESIAN_POINT('',(-3.,11.,0.4));
#2184 = VECTOR('',#2185,1.);
#2185 = DIRECTION('',(1.,0.,0.));
#2186 = PCURVE('',#1211,#2187);
#2187 = DEFINITIONAL_REPRESENTATION('',(#2188),#2192);
#2188 = LINE('',#2189,#2190);
#2189 = CARTESIAN_POINT('',(0.,-3.));
#2190 = VECTOR('',#2191,1.);
#2191 = DIRECTION('',(1.,0.));
#2192 = ( GEOMETRIC_REPRESENTATION_CONTEXT(2) 
PARAMETRIC_REPRESENTATION_CONTEXT() REPRESENTATION_CONTEXT('2D SPACE',''
  ) );
#2193 = PCURVE('',#1179,#2194);
#2194 = DEFINITIONAL_REPRESENTATION('',(#2195),#2199);
#2195 = LINE('',#2196,#2197);
#2196 = CARTESIAN_POINT('',(0.4,-3.));
#2197 = VECTOR('',#2198,1.);
#2198 = DIRECTION('',(0.,1.));
#2199 = ( GEOMETRIC_REPRESENTATION_CONTEXT(2) 
PARAMETRIC_REPRESENTATION_CONTEXT() REPRESENTATION_CONTEXT('2D SPACE',''
  ) );
#2200 = ORIENTED_EDGE('',*,*,#1191,.T.);
#2201 = ADVANCED_FACE('',(#2202),#1179,.T.);
#2202 = FACE_BOUND('',#2203,.T.);
#2203 = EDGE_LOOP('',(#2204,#2225,#2226,#2227));
#2204 = ORIENTED_EDGE('',*,*,#2205,.T.);
#2205 = EDGE_CURVE('',#1131,#557,#2206,.T.);
#2206 = SURFACE_CURVE('',#2207,(#2211,#2218),.PCURVE_S1.);
#2207 = LINE('',#2208,#2209);
#2208 = CARTESIAN_POINT('',(3.,11.,-0.4));
#2209 = VECTOR('',#2210,1.);
#2210 = DIRECTION('',(-1.,0.,0.));
#2211 = PCURVE('',#1179,#2212);
#2212 = DEFINITIONAL_REPRESENTATION('',(#2213),#2217);
#2213 = LINE('',#2214,#2215);
#2214 = CARTESIAN_POINT('',(-0.4,3.));
#2215 = VECTOR('',#2216,1.);
#2216 = DIRECTION('',(0.,-1.));
#2217 = ( GEOMETRIC_REPRESENTATION_CONTEXT(2) 
PARAMETRIC_REPRESENTATION_CONTEXT() REPRESENTATION_CONTEXT('2D SPACE',''
  ) );
#2218 = PCURVE('',#1150,#2219);
#2219 = DEFINITIONAL_REPRESENTATION('',(#2220),#2224);
#2220 = LINE('',#2221,#2222);
#2221 = CARTESIAN_POINT('',(-0.,-3.));
#2222 = VECTOR('',#2223,1.);
#2223 = DIRECTION('',(1.,0.));
#2224 = ( GEOMETRIC_REPRESENTATION_CONTEXT(2) 
PARAMETRIC_REPRESENTATION_CONTEXT() REPRESENTATION_CONTEXT('2D SPACE',''
  ) );
#2225 = ORIENTED_EDGE('',*,*,#1801,.T.);
#2226 = ORIENTED_EDGE('',*,*,#2180,.T.);
#2227 = ORIENTED_EDGE('',*,*,#1162,.F.);
#2228 = ADVANCED_FACE('',(#2229),#1150,.F.);
#2229 = FACE_BOUND('',#2230,.F.);
#2230 = EDGE_LOOP('',(#2231,#2232,#2233,#2234,#2235));
#2231 = ORIENTED_EDGE('',*,*,#1904,.F.);
#2232 = ORIENTED_EDGE('',*,*,#1130,.T.);
#2233 = ORIENTED_EDGE('',*,*,#2205,.T.);
#2234 = ORIENTED_EDGE('',*,*,#1777,.F.);
#2235 = ORIENTED_EDGE('',*,*,#1931,.T.);
#2236 = ADVANCED_FACE('',(#2237,#2268),#1087,.F.);
#2237 = FACE_BOUND('',#2238,.F.);
#2238 = EDGE_LOOP('',(#2239));
#2239 = ORIENTED_EDGE('',*,*,#2240,.T.);
#2240 = EDGE_CURVE('',#2241,#2241,#2243,.T.);
#2241 = VERTEX_POINT('',#2242);
#2242 = CARTESIAN_POINT('',(3.,6.,-8.881784197001E-16));
#2243 = SURFACE_CURVE('',#2244,(#2249,#2256),.PCURVE_S1.);
#2244 = CIRCLE('',#2245,3.);
#2245 = AXIS2_PLACEMENT_3D('',#2246,#2247,#2248);
#2246 = CARTESIAN_POINT('',(0.,6.,6.66E-15));
#2247 = DIRECTION('',(0.,1.,-2.2E-16));
#2248 = DIRECTION('',(1.,0.,0.));
#2249 = PCURVE('',#1087,#2250);
#2250 = DEFINITIONAL_REPRESENTATION('',(#2251),#2255);
#2251 = CIRCLE('',#2252,3.);
#2252 = AXIS2_PLACEMENT_2D('',#2253,#2254);
#2253 = CARTESIAN_POINT('',(-8.881784197001E-16,2.3E-16));
#2254 = DIRECTION('',(0.,1.));
#2255 = ( GEOMETRIC_REPRESENTATION_CONTEXT(2) 
PARAMETRIC_REPRESENTATION_CONTEXT() REPRESENTATION_CONTEXT('2D SPACE',''
  ) );
#2256 = PCURVE('',#2257,#2262);
#2257 = CYLINDRICAL_SURFACE('',#2258,3.);
#2258 = AXIS2_PLACEMENT_3D('',#2259,#2260,#2261);
#2259 = CARTESIAN_POINT('',(0.,6.,6.66E-15));
#2260 = DIRECTION('',(0.,-1.,1.1E-16));
#2261 = DIRECTION('',(1.,0.,0.));
#2262 = DEFINITIONAL_REPRESENTATION('',(#2263),#2267);
#2263 = LINE('',#2264,#2265);
#2264 = CARTESIAN_POINT('',(-0.,0.));
#2265 = VECTOR('',#2266,1.);
#2266 = DIRECTION('',(-1.,0.));
#2267 = ( GEOMETRIC_REPRESENTATION_CONTEXT(2) 
PARAMETRIC_REPRESENTATION_CONTEXT() REPRESENTATION_CONTEXT('2D SPACE',''
  ) );
#2268 = FACE_BOUND('',#2269,.F.);
#2269 = EDGE_LOOP('',(#2270));
#2270 = ORIENTED_EDGE('',*,*,#1072,.T.);
#2271 = ADVANCED_FACE('',(#2272,#2284),#1311,.F.);
#2272 = FACE_BOUND('',#2273,.F.);
#2273 = EDGE_LOOP('',(#2274,#2275,#2276,#2277,#2278,#2279,#2280,#2281,
    #2282,#2283));
#2274 = ORIENTED_EDGE('',*,*,#1297,.F.);
#2275 = ORIENTED_EDGE('',*,*,#1351,.T.);
#2276 = ORIENTED_EDGE('',*,*,#1450,.F.);
#2277 = ORIENTED_EDGE('',*,*,#1550,.F.);
#2278 = ORIENTED_EDGE('',*,*,#1650,.T.);
#2279 = ORIENTED_EDGE('',*,*,#1727,.F.);
#2280 = ORIENTED_EDGE('',*,*,#1700,.T.);
#2281 = ORIENTED_EDGE('',*,*,#1600,.F.);
#2282 = ORIENTED_EDGE('',*,*,#1500,.F.);
#2283 = ORIENTED_EDGE('',*,*,#1400,.T.);
#2284 = FACE_BOUND('',#2285,.F.);
#2285 = EDGE_LOOP('',(#2286));
#2286 = ORIENTED_EDGE('',*,*,#2287,.F.);
#2287 = EDGE_CURVE('',#2288,#2288,#2290,.T.);
#2288 = VERTEX_POINT('',#2289);
#2289 = CARTESIAN_POINT('',(3.,8.,-4.440892098501E-15));
#2290 = SURFACE_CURVE('',#2291,(#2296,#2303),.PCURVE_S1.);
#2291 = CIRCLE('',#2292,3.);
#2292 = AXIS2_PLACEMENT_3D('',#2293,#2294,#2295);
#2293 = CARTESIAN_POINT('',(0.,8.,6.217248937901E-15));
#2294 = DIRECTION('',(0.,1.,-2.2E-16));
#2295 = DIRECTION('',(1.,0.,0.));
#2296 = PCURVE('',#1311,#2297);
#2297 = DEFINITIONAL_REPRESENTATION('',(#2298),#2302);
#2298 = CIRCLE('',#2299,3.);
#2299 = AXIS2_PLACEMENT_2D('',#2300,#2301);
#2300 = CARTESIAN_POINT('',(3.552713678801E-15,-4.03E-15));
#2301 = DIRECTION('',(0.,1.));
#2302 = ( GEOMETRIC_REPRESENTATION_CONTEXT(2) 
PARAMETRIC_REPRESENTATION_CONTEXT() REPRESENTATION_CONTEXT('2D SPACE',''
  ) );
#2303 = PCURVE('',#2257,#2304);
#2304 = DEFINITIONAL_REPRESENTATION('',(#2305),#2309);
#2305 = LINE('',#2306,#2307);
#2306 = CARTESIAN_POINT('',(-0.,-2.));
#2307 = VECTOR('',#2308,1.);
#2308 = DIRECTION('',(-1.,0.));
#2309 = ( GEOMETRIC_REPRESENTATION_CONTEXT(2) 
PARAMETRIC_REPRESENTATION_CONTEXT() REPRESENTATION_CONTEXT('2D SPACE',''
  ) );
#2310 = ADVANCED_FACE('',(#2311),#2257,.T.);
#2311 = FACE_BOUND('',#2312,.F.);
#2312 = EDGE_LOOP('',(#2313,#2334,#2335,#2336));
#2313 = ORIENTED_EDGE('',*,*,#2314,.T.);
#2314 = EDGE_CURVE('',#2241,#2288,#2315,.T.);
#2315 = SEAM_CURVE('',#2316,(#2320,#2327),.PCURVE_S1.);
#2316 = LINE('',#2317,#2318);
#2317 = CARTESIAN_POINT('',(3.,6.,6.66E-15));
#2318 = VECTOR('',#2319,1.);
#2319 = DIRECTION('',(0.,1.,-1.1E-16));
#2320 = PCURVE('',#2257,#2321);
#2321 = DEFINITIONAL_REPRESENTATION('',(#2322),#2326);
#2322 = LINE('',#2323,#2324);
#2323 = CARTESIAN_POINT('',(-0.,0.));
#2324 = VECTOR('',#2325,1.);
#2325 = DIRECTION('',(-0.,-1.));
#2326 = ( GEOMETRIC_REPRESENTATION_CONTEXT(2) 
PARAMETRIC_REPRESENTATION_CONTEXT() REPRESENTATION_CONTEXT('2D SPACE',''
  ) );
#2327 = PCURVE('',#2257,#2328);
#2328 = DEFINITIONAL_REPRESENTATION('',(#2329),#2333);
#2329 = LINE('',#2330,#2331);
#2330 = CARTESIAN_POINT('',(-6.28318530718,0.));
#2331 = VECTOR('',#2332,1.);
#2332 = DIRECTION('',(-0.,-1.));
#2333 = ( GEOMETRIC_REPRESENTATION_CONTEXT(2) 
PARAMETRIC_REPRESENTATION_CONTEXT() REPRESENTATION_CONTEXT('2D SPACE',''
  ) );
#2334 = ORIENTED_EDGE('',*,*,#2287,.T.);
#2335 = ORIENTED_EDGE('',*,*,#2314,.F.);
#2336 = ORIENTED_EDGE('',*,*,#2240,.F.);
#2337 = ( GEOMETRIC_REPRESENTATION_CONTEXT(3) 
GLOBAL_UNCERTAINTY_ASSIGNED_CONTEXT((#2341)) 
GLOBAL_UNIT_ASSIGNED_CONTEXT((#2338,#2339,#2340)) REPRESENTATION_CONTEXT
('Context #1','3D Context with UNIT and UNCERTAINTY') );
#2338 = ( LENGTH_UNIT() NAMED_UNIT(*) SI_UNIT(.MILLI.,.METRE.) );
#2339 = ( NAMED_UNIT(*) PLANE_ANGLE_UNIT() SI_UNIT($,.RADIAN.) );
#2340 = ( NAMED_UNIT(*) SI_UNIT($,.STERADIAN.) SOLID_ANGLE_UNIT() );
#2341 = UNCERTAINTY_MEASURE_WITH_UNIT(LENGTH_MEASURE(2.E-07),#2338,
  'distance_accuracy_value','confusion accuracy');
#2342 = PRODUCT_RELATED_PRODUCT_CATEGORY('part',$,(#7));
#2343 = MECHANICAL_DESIGN_GEOMETRIC_PRESENTATION_REPRESENTATION('',(
    #2344),#2337);
#2344 = STYLED_ITEM('color',(#2345),#15);
#2345 = PRESENTATION_STYLE_ASSIGNMENT((#2346,#2352));
#2346 = SURFACE_STYLE_USAGE(.BOTH.,#2347);
#2347 = SURFACE_SIDE_STYLE('',(#2348));
#2348 = SURFACE_STYLE_FILL_AREA(#2349);
#2349 = FILL_AREA_STYLE('',(#2350));
#2350 = FILL_AREA_STYLE_COLOUR('',#2351);
#2351 = COLOUR_RGB('',0.800000010877,0.800000010877,0.800000010877);
#2352 = CURVE_STYLE('',#2353,POSITIVE_LENGTH_MEASURE(0.1),#2354);
#2353 = DRAUGHTING_PRE_DEFINED_CURVE_FONT('continuous');
#2354 = COLOUR_RGB('',9.803921802644E-02,9.803921802644E-02,
  9.803921802644E-02);
ENDSEC;
END-ISO-10303-21;
