ISO-10303-21;
HEADER;
FILE_DESCRIPTION(('FreeCAD Model'),'2;1');
FILE_NAME('Open CASCADE Shape Model','2026-04-29T21:51:13',(''),(''),
  'Open CASCADE STEP processor 7.8','FreeCAD','Unknown');
FILE_SCHEMA(('AUTOMOTIVE_DESIGN { 1 0 10303 214 1 1 1 1 }'));
ENDSEC;
DATA;
#1 = APPLICATION_PROTOCOL_DEFINITION('international standard',
  'automotive_design',2000,#2);
#2 = APPLICATION_CONTEXT(
  'core data for automotive mechanical design processes');
#3 = SHAPE_DEFINITION_REPRESENTATION(#4,#10);
#4 = PRODUCT_DEFINITION_SHAPE('','',#5);
#5 = PRODUCT_DEFINITION('design','',#6,#9);
#6 = PRODUCT_DEFINITION_FORMATION('','',#7);
#7 = PRODUCT('Wheel28','Wheel28','',(#8));
#8 = PRODUCT_CONTEXT('',#2,'mechanical');
#9 = PRODUCT_DEFINITION_CONTEXT('part definition',#2,'design');
#10 = SHAPE_REPRESENTATION('',(#11,#15),#19);
#11 = AXIS2_PLACEMENT_3D('',#12,#13,#14);
#12 = CARTESIAN_POINT('',(0.,0.,0.));
#13 = DIRECTION('',(0.,0.,1.));
#14 = DIRECTION('',(1.,0.,-0.));
#15 = AXIS2_PLACEMENT_3D('',#16,#17,#18);
#16 = CARTESIAN_POINT('',(0.,0.,0.));
#17 = DIRECTION('',(0.,0.,1.));
#18 = DIRECTION('',(1.,0.,0.));
#19 = ( GEOMETRIC_REPRESENTATION_CONTEXT(3) 
GLOBAL_UNCERTAINTY_ASSIGNED_CONTEXT((#23)) GLOBAL_UNIT_ASSIGNED_CONTEXT(
(#20,#21,#22)) REPRESENTATION_CONTEXT('Context #1',
  '3D Context with UNIT and UNCERTAINTY') );
#20 = ( LENGTH_UNIT() NAMED_UNIT(*) SI_UNIT(.MILLI.,.METRE.) );
#21 = ( NAMED_UNIT(*) PLANE_ANGLE_UNIT() SI_UNIT($,.RADIAN.) );
#22 = ( NAMED_UNIT(*) SI_UNIT($,.STERADIAN.) SOLID_ANGLE_UNIT() );
#23 = UNCERTAINTY_MEASURE_WITH_UNIT(LENGTH_MEASURE(1.E-05),#20,
  'distance_accuracy_value','confusion accuracy');
#24 = PRODUCT_RELATED_PRODUCT_CATEGORY('part',$,(#7));
#25 = SHAPE_DEFINITION_REPRESENTATION(#26,#32);
#26 = PRODUCT_DEFINITION_SHAPE('','',#27);
#27 = PRODUCT_DEFINITION('design','',#28,#31);
#28 = PRODUCT_DEFINITION_FORMATION('','',#29);
#29 = PRODUCT('Body009','Body009','',(#30));
#30 = PRODUCT_CONTEXT('',#2,'mechanical');
#31 = PRODUCT_DEFINITION_CONTEXT('part definition',#2,'design');
#32 = ADVANCED_BREP_SHAPE_REPRESENTATION('',(#11,#33),#3654);
#33 = MANIFOLD_SOLID_BREP('',#34);
#34 = CLOSED_SHELL('',(#35,#139,#194,#978,#1034,#1120,#1202,#1251,#1301,
    #1351,#1401,#1451,#1500,#1550,#1631,#1708,#1757,#1807,#1857,#1907,
    #1956,#2006,#2087,#2164,#2213,#2263,#2313,#2363,#2413,#2462,#2517,
    #2576,#2635,#2931,#2959,#2991,#3313,#3341,#3348,#3398,#3425,#3475,
    #3502,#3510,#3538,#3565,#3592,#3619,#3646));
#35 = ADVANCED_FACE('',(#36,#76),#49,.T.);
#36 = FACE_BOUND('',#37,.T.);
#37 = EDGE_LOOP('',(#38));
#38 = ORIENTED_EDGE('',*,*,#39,.F.);
#39 = EDGE_CURVE('',#40,#40,#42,.T.);
#40 = VERTEX_POINT('',#41);
#41 = CARTESIAN_POINT('',(2.,3.10862446895E-15,14.));
#42 = SURFACE_CURVE('',#43,(#48,#64),.PCURVE_S1.);
#43 = CIRCLE('',#44,14.);
#44 = AXIS2_PLACEMENT_3D('',#45,#46,#47);
#45 = CARTESIAN_POINT('',(2.,0.,0.));
#46 = DIRECTION('',(-1.,0.,0.));
#47 = DIRECTION('',(0.,2.22044604925E-16,1.));
#48 = PCURVE('',#49,#54);
#49 = PLANE('',#50);
#50 = AXIS2_PLACEMENT_3D('',#51,#52,#53);
#51 = CARTESIAN_POINT('',(2.,0.,0.));
#52 = DIRECTION('',(1.,0.,0.));
#53 = DIRECTION('',(0.,0.,-1.));
#54 = DEFINITIONAL_REPRESENTATION('',(#55),#63);
#55 = ( BOUNDED_CURVE() B_SPLINE_CURVE(2,(#56,#57,#58,#59,#60,#61,#62),
.UNSPECIFIED.,.T.,.F.) B_SPLINE_CURVE_WITH_KNOTS((1,2,2,2,2,1),(
    -2.094395102393,0.,2.094395102393,4.188790204786,6.28318530718,
8.377580409573),.UNSPECIFIED.) CURVE() GEOMETRIC_REPRESENTATION_ITEM() 
RATIONAL_B_SPLINE_CURVE((1.,0.5,1.,0.5,1.,0.5,1.)) REPRESENTATION_ITEM(
  '') );
#56 = CARTESIAN_POINT('',(-14.,3.10862446895E-15));
#57 = CARTESIAN_POINT('',(-14.,24.248711305964));
#58 = CARTESIAN_POINT('',(7.,12.124355652982));
#59 = CARTESIAN_POINT('',(28.,-2.788237900288E-15));
#60 = CARTESIAN_POINT('',(7.,-12.12435565298));
#61 = CARTESIAN_POINT('',(-14.,-24.24871130596));
#62 = CARTESIAN_POINT('',(-14.,3.10862446895E-15));
#63 = ( GEOMETRIC_REPRESENTATION_CONTEXT(2) 
PARAMETRIC_REPRESENTATION_CONTEXT() REPRESENTATION_CONTEXT('2D SPACE',''
  ) );
#64 = PCURVE('',#65,#70);
#65 = CYLINDRICAL_SURFACE('',#66,14.);
#66 = AXIS2_PLACEMENT_3D('',#67,#68,#69);
#67 = CARTESIAN_POINT('',(-2.965,0.,0.));
#68 = DIRECTION('',(1.,0.,0.));
#69 = DIRECTION('',(0.,2.22044604925E-16,1.));
#70 = DEFINITIONAL_REPRESENTATION('',(#71),#75);
#71 = LINE('',#72,#73);
#72 = CARTESIAN_POINT('',(-0.,4.965));
#73 = VECTOR('',#74,1.);
#74 = DIRECTION('',(-1.,0.));
#75 = ( GEOMETRIC_REPRESENTATION_CONTEXT(2) 
PARAMETRIC_REPRESENTATION_CONTEXT() REPRESENTATION_CONTEXT('2D SPACE',''
  ) );
#76 = FACE_BOUND('',#77,.T.);
#77 = EDGE_LOOP('',(#78,#113));
#78 = ORIENTED_EDGE('',*,*,#79,.F.);
#79 = EDGE_CURVE('',#80,#82,#84,.T.);
#80 = VERTEX_POINT('',#81);
#81 = CARTESIAN_POINT('',(2.,0.,13.75));
#82 = VERTEX_POINT('',#83);
#83 = CARTESIAN_POINT('',(2.,2.E-15,-13.75));
#84 = SURFACE_CURVE('',#85,(#90,#97),.PCURVE_S1.);
#85 = CIRCLE('',#86,13.75);
#86 = AXIS2_PLACEMENT_3D('',#87,#88,#89);
#87 = CARTESIAN_POINT('',(2.,0.,0.));
#88 = DIRECTION('',(1.,-0.,0.));
#89 = DIRECTION('',(0.,0.,-1.));
#90 = PCURVE('',#49,#91);
#91 = DEFINITIONAL_REPRESENTATION('',(#92),#96);
#92 = CIRCLE('',#93,13.75);
#93 = AXIS2_PLACEMENT_2D('',#94,#95);
#94 = CARTESIAN_POINT('',(0.,0.));
#95 = DIRECTION('',(1.,0.));
#96 = ( GEOMETRIC_REPRESENTATION_CONTEXT(2) 
PARAMETRIC_REPRESENTATION_CONTEXT() REPRESENTATION_CONTEXT('2D SPACE',''
  ) );
#97 = PCURVE('',#98,#103);
#98 = PLANE('',#99);
#99 = AXIS2_PLACEMENT_3D('',#100,#101,#102);
#100 = CARTESIAN_POINT('',(2.,0.,0.));
#101 = DIRECTION('',(-1.,-0.,-0.));
#102 = DIRECTION('',(0.,2.22044604925E-16,1.));
#103 = DEFINITIONAL_REPRESENTATION('',(#104),#112);
#104 = ( BOUNDED_CURVE() B_SPLINE_CURVE(2,(#105,#106,#107,#108,#109,#110
,#111),.UNSPECIFIED.,.T.,.F.) B_SPLINE_CURVE_WITH_KNOTS((1,2,2,2,2,1),(
    -2.094395102393,0.,2.094395102393,4.188790204786,6.28318530718,
8.377580409573),.UNSPECIFIED.) CURVE() GEOMETRIC_REPRESENTATION_ITEM() 
RATIONAL_B_SPLINE_CURVE((1.,0.5,1.,0.5,1.,0.5,1.)) REPRESENTATION_ITEM(
  '') );
#105 = CARTESIAN_POINT('',(-13.75,3.053113317719E-15));
#106 = CARTESIAN_POINT('',(-13.75,23.815698604072));
#107 = CARTESIAN_POINT('',(6.875,11.907849302036));
#108 = CARTESIAN_POINT('',(27.5,-2.738447937783E-15));
#109 = CARTESIAN_POINT('',(6.875,-11.90784930203));
#110 = CARTESIAN_POINT('',(-13.75,-23.81569860407));
#111 = CARTESIAN_POINT('',(-13.75,3.053113317719E-15));
#112 = ( GEOMETRIC_REPRESENTATION_CONTEXT(2) 
PARAMETRIC_REPRESENTATION_CONTEXT() REPRESENTATION_CONTEXT('2D SPACE',''
  ) );
#113 = ORIENTED_EDGE('',*,*,#114,.F.);
#114 = EDGE_CURVE('',#82,#80,#115,.T.);
#115 = SURFACE_CURVE('',#116,(#121,#128),.PCURVE_S1.);
#116 = CIRCLE('',#117,13.75);
#117 = AXIS2_PLACEMENT_3D('',#118,#119,#120);
#118 = CARTESIAN_POINT('',(2.,0.,0.));
#119 = DIRECTION('',(1.,-0.,0.));
#120 = DIRECTION('',(0.,0.,-1.));
#121 = PCURVE('',#49,#122);
#122 = DEFINITIONAL_REPRESENTATION('',(#123),#127);
#123 = CIRCLE('',#124,13.75);
#124 = AXIS2_PLACEMENT_2D('',#125,#126);
#125 = CARTESIAN_POINT('',(0.,0.));
#126 = DIRECTION('',(1.,0.));
#127 = ( GEOMETRIC_REPRESENTATION_CONTEXT(2) 
PARAMETRIC_REPRESENTATION_CONTEXT() REPRESENTATION_CONTEXT('2D SPACE',''
  ) );
#128 = PCURVE('',#98,#129);
#129 = DEFINITIONAL_REPRESENTATION('',(#130),#138);
#130 = ( BOUNDED_CURVE() B_SPLINE_CURVE(2,(#131,#132,#133,#134,#135,#136
,#137),.UNSPECIFIED.,.T.,.F.) B_SPLINE_CURVE_WITH_KNOTS((1,2,2,2,2,1),(
    -2.094395102393,0.,2.094395102393,4.188790204786,6.28318530718,
8.377580409573),.UNSPECIFIED.) CURVE() GEOMETRIC_REPRESENTATION_ITEM() 
RATIONAL_B_SPLINE_CURVE((1.,0.5,1.,0.5,1.,0.5,1.)) REPRESENTATION_ITEM(
  '') );
#131 = CARTESIAN_POINT('',(-13.75,3.053113317719E-15));
#132 = CARTESIAN_POINT('',(-13.75,23.815698604072));
#133 = CARTESIAN_POINT('',(6.875,11.907849302036));
#134 = CARTESIAN_POINT('',(27.5,-2.738447937783E-15));
#135 = CARTESIAN_POINT('',(6.875,-11.90784930203));
#136 = CARTESIAN_POINT('',(-13.75,-23.81569860407));
#137 = CARTESIAN_POINT('',(-13.75,3.053113317719E-15));
#138 = ( GEOMETRIC_REPRESENTATION_CONTEXT(2) 
PARAMETRIC_REPRESENTATION_CONTEXT() REPRESENTATION_CONTEXT('2D SPACE',''
  ) );
#139 = ADVANCED_FACE('',(#140),#65,.T.);
#140 = FACE_BOUND('',#141,.F.);
#141 = EDGE_LOOP('',(#142,#165,#192,#193));
#142 = ORIENTED_EDGE('',*,*,#143,.F.);
#143 = EDGE_CURVE('',#144,#40,#146,.T.);
#144 = VERTEX_POINT('',#145);
#145 = CARTESIAN_POINT('',(1.49666295471,1.998445079226E-15,14.));
#146 = SEAM_CURVE('',#147,(#151,#158),.PCURVE_S1.);
#147 = LINE('',#148,#149);
#148 = CARTESIAN_POINT('',(-2.965,3.10862446895E-15,14.));
#149 = VECTOR('',#150,1.);
#150 = DIRECTION('',(1.,0.,0.));
#151 = PCURVE('',#65,#152);
#152 = DEFINITIONAL_REPRESENTATION('',(#153),#157);
#153 = LINE('',#154,#155);
#154 = CARTESIAN_POINT('',(-0.,0.));
#155 = VECTOR('',#156,1.);
#156 = DIRECTION('',(-0.,1.));
#157 = ( GEOMETRIC_REPRESENTATION_CONTEXT(2) 
PARAMETRIC_REPRESENTATION_CONTEXT() REPRESENTATION_CONTEXT('2D SPACE',''
  ) );
#158 = PCURVE('',#65,#159);
#159 = DEFINITIONAL_REPRESENTATION('',(#160),#164);
#160 = LINE('',#161,#162);
#161 = CARTESIAN_POINT('',(-6.28318530718,0.));
#162 = VECTOR('',#163,1.);
#163 = DIRECTION('',(-0.,1.));
#164 = ( GEOMETRIC_REPRESENTATION_CONTEXT(2) 
PARAMETRIC_REPRESENTATION_CONTEXT() REPRESENTATION_CONTEXT('2D SPACE',''
  ) );
#165 = ORIENTED_EDGE('',*,*,#166,.T.);
#166 = EDGE_CURVE('',#144,#144,#167,.T.);
#167 = SURFACE_CURVE('',#168,(#173,#180),.PCURVE_S1.);
#168 = CIRCLE('',#169,14.);
#169 = AXIS2_PLACEMENT_3D('',#170,#171,#172);
#170 = CARTESIAN_POINT('',(1.49666295471,0.,0.));
#171 = DIRECTION('',(-1.,0.,0.));
#172 = DIRECTION('',(0.,1.427460770875E-16,1.));
#173 = PCURVE('',#65,#174);
#174 = DEFINITIONAL_REPRESENTATION('',(#175),#179);
#175 = LINE('',#176,#177);
#176 = CARTESIAN_POINT('',(-0.,4.46166295471));
#177 = VECTOR('',#178,1.);
#178 = DIRECTION('',(-1.,0.));
#179 = ( GEOMETRIC_REPRESENTATION_CONTEXT(2) 
PARAMETRIC_REPRESENTATION_CONTEXT() REPRESENTATION_CONTEXT('2D SPACE',''
  ) );
#180 = PCURVE('',#181,#186);
#181 = TOROIDAL_SURFACE('',#182,14.1,1.5);
#182 = AXIS2_PLACEMENT_3D('',#183,#184,#185);
#183 = CARTESIAN_POINT('',(0.,0.,0.));
#184 = DIRECTION('',(-1.,-0.,-0.));
#185 = DIRECTION('',(0.,2.22044604925E-16,1.));
#186 = DEFINITIONAL_REPRESENTATION('',(#187),#191);
#187 = LINE('',#188,#189);
#188 = CARTESIAN_POINT('',(0.,4.645672831974));
#189 = VECTOR('',#190,1.);
#190 = DIRECTION('',(1.,0.));
#191 = ( GEOMETRIC_REPRESENTATION_CONTEXT(2) 
PARAMETRIC_REPRESENTATION_CONTEXT() REPRESENTATION_CONTEXT('2D SPACE',''
  ) );
#192 = ORIENTED_EDGE('',*,*,#143,.T.);
#193 = ORIENTED_EDGE('',*,*,#39,.F.);
#194 = ADVANCED_FACE('',(#195,#199),#98,.F.);
#195 = FACE_BOUND('',#196,.F.);
#196 = EDGE_LOOP('',(#197,#198));
#197 = ORIENTED_EDGE('',*,*,#114,.F.);
#198 = ORIENTED_EDGE('',*,*,#79,.F.);
#199 = FACE_BOUND('',#200,.F.);
#200 = EDGE_LOOP('',(#201,#232,#261,#290,#318,#347,#376,#405,#434,#462,
    #491,#520,#549,#577,#606,#635,#664,#692,#721,#750,#779,#807,#836,
    #865,#894,#923,#951));
#201 = ORIENTED_EDGE('',*,*,#202,.F.);
#202 = EDGE_CURVE('',#203,#205,#207,.T.);
#203 = VERTEX_POINT('',#204);
#204 = CARTESIAN_POINT('',(2.,7.771561172376E-16,3.5));
#205 = VERTEX_POINT('',#206);
#206 = CARTESIAN_POINT('',(2.,0.60808149667,3.446771952626));
#207 = SURFACE_CURVE('',#208,(#213,#220),.PCURVE_S1.);
#208 = CIRCLE('',#209,3.5);
#209 = AXIS2_PLACEMENT_3D('',#210,#211,#212);
#210 = CARTESIAN_POINT('',(2.,0.,0.));
#211 = DIRECTION('',(-1.,0.,0.));
#212 = DIRECTION('',(0.,2.22044604925E-16,1.));
#213 = PCURVE('',#98,#214);
#214 = DEFINITIONAL_REPRESENTATION('',(#215),#219);
#215 = CIRCLE('',#216,3.5);
#216 = AXIS2_PLACEMENT_2D('',#217,#218);
#217 = CARTESIAN_POINT('',(0.,0.));
#218 = DIRECTION('',(1.,0.));
#219 = ( GEOMETRIC_REPRESENTATION_CONTEXT(2) 
PARAMETRIC_REPRESENTATION_CONTEXT() REPRESENTATION_CONTEXT('2D SPACE',''
  ) );
#220 = PCURVE('',#221,#226);
#221 = CYLINDRICAL_SURFACE('',#222,3.5);
#222 = AXIS2_PLACEMENT_3D('',#223,#224,#225);
#223 = CARTESIAN_POINT('',(2.,0.,0.));
#224 = DIRECTION('',(1.,0.,0.));
#225 = DIRECTION('',(0.,2.22044604925E-16,1.));
#226 = DEFINITIONAL_REPRESENTATION('',(#227),#231);
#227 = LINE('',#228,#229);
#228 = CARTESIAN_POINT('',(-0.,0.));
#229 = VECTOR('',#230,1.);
#230 = DIRECTION('',(-1.,0.));
#231 = ( GEOMETRIC_REPRESENTATION_CONTEXT(2) 
PARAMETRIC_REPRESENTATION_CONTEXT() REPRESENTATION_CONTEXT('2D SPACE',''
  ) );
#232 = ORIENTED_EDGE('',*,*,#233,.F.);
#233 = EDGE_CURVE('',#234,#203,#236,.T.);
#234 = VERTEX_POINT('',#235);
#235 = CARTESIAN_POINT('',(2.,-3.28903282036,1.196771952626));
#236 = SURFACE_CURVE('',#237,(#242,#249),.PCURVE_S1.);
#237 = CIRCLE('',#238,3.5);
#238 = AXIS2_PLACEMENT_3D('',#239,#240,#241);
#239 = CARTESIAN_POINT('',(2.,0.,0.));
#240 = DIRECTION('',(-1.,0.,0.));
#241 = DIRECTION('',(0.,2.22044604925E-16,1.));
#242 = PCURVE('',#98,#243);
#243 = DEFINITIONAL_REPRESENTATION('',(#244),#248);
#244 = CIRCLE('',#245,3.5);
#245 = AXIS2_PLACEMENT_2D('',#246,#247);
#246 = CARTESIAN_POINT('',(0.,0.));
#247 = DIRECTION('',(1.,0.));
#248 = ( GEOMETRIC_REPRESENTATION_CONTEXT(2) 
PARAMETRIC_REPRESENTATION_CONTEXT() REPRESENTATION_CONTEXT('2D SPACE',''
  ) );
#249 = PCURVE('',#250,#255);
#250 = CYLINDRICAL_SURFACE('',#251,3.5);
#251 = AXIS2_PLACEMENT_3D('',#252,#253,#254);
#252 = CARTESIAN_POINT('',(2.,0.,0.));
#253 = DIRECTION('',(1.,0.,0.));
#254 = DIRECTION('',(0.,2.22044604925E-16,1.));
#255 = DEFINITIONAL_REPRESENTATION('',(#256),#260);
#256 = LINE('',#257,#258);
#257 = CARTESIAN_POINT('',(-0.,0.));
#258 = VECTOR('',#259,1.);
#259 = DIRECTION('',(-1.,0.));
#260 = ( GEOMETRIC_REPRESENTATION_CONTEXT(2) 
PARAMETRIC_REPRESENTATION_CONTEXT() REPRESENTATION_CONTEXT('2D SPACE',''
  ) );
#261 = ORIENTED_EDGE('',*,*,#262,.F.);
#262 = EDGE_CURVE('',#263,#234,#265,.T.);
#263 = VERTEX_POINT('',#264);
#264 = CARTESIAN_POINT('',(2.,-3.433280857411,3.229618168368));
#265 = SURFACE_CURVE('',#266,(#271,#278),.PCURVE_S1.);
#266 = CIRCLE('',#267,2.5);
#267 = AXIS2_PLACEMENT_3D('',#268,#269,#270);
#268 = CARTESIAN_POINT('',(2.,-5.638341977761,2.051609061644));
#269 = DIRECTION('',(-1.,0.,0.));
#270 = DIRECTION('',(0.,0.,1.));
#271 = PCURVE('',#98,#272);
#272 = DEFINITIONAL_REPRESENTATION('',(#273),#277);
#273 = CIRCLE('',#274,2.5);
#274 = AXIS2_PLACEMENT_2D('',#275,#276);
#275 = CARTESIAN_POINT('',(2.051609061644,-5.638341977761));
#276 = DIRECTION('',(1.,-2.22044604925E-16));
#277 = ( GEOMETRIC_REPRESENTATION_CONTEXT(2) 
PARAMETRIC_REPRESENTATION_CONTEXT() REPRESENTATION_CONTEXT('2D SPACE',''
  ) );
#278 = PCURVE('',#279,#284);
#279 = CYLINDRICAL_SURFACE('',#280,2.5);
#280 = AXIS2_PLACEMENT_3D('',#281,#282,#283);
#281 = CARTESIAN_POINT('',(3.3,-5.638341977761,2.051609061644));
#282 = DIRECTION('',(-1.,-0.,-0.));
#283 = DIRECTION('',(0.,0.,1.));
#284 = DEFINITIONAL_REPRESENTATION('',(#285),#289);
#285 = LINE('',#286,#287);
#286 = CARTESIAN_POINT('',(0.,1.3));
#287 = VECTOR('',#288,1.);
#288 = DIRECTION('',(1.,0.));
#289 = ( GEOMETRIC_REPRESENTATION_CONTEXT(2) 
PARAMETRIC_REPRESENTATION_CONTEXT() REPRESENTATION_CONTEXT('2D SPACE',''
  ) );
#290 = ORIENTED_EDGE('',*,*,#291,.F.);
#291 = EDGE_CURVE('',#292,#263,#294,.T.);
#292 = VERTEX_POINT('',#293);
#293 = CARTESIAN_POINT('',(2.,-5.410607922225,6.244929793387));
#294 = SURFACE_CURVE('',#295,(#299,#306),.PCURVE_S1.);
#295 = LINE('',#296,#297);
#296 = CARTESIAN_POINT('',(2.,-0.919858516481,-0.603208346807));
#297 = VECTOR('',#298,1.);
#298 = DIRECTION('',(0.,0.54837122437,-0.836235014982));
#299 = PCURVE('',#98,#300);
#300 = DEFINITIONAL_REPRESENTATION('',(#301),#305);
#301 = LINE('',#302,#303);
#302 = CARTESIAN_POINT('',(-0.603208346807,-0.919858516481));
#303 = VECTOR('',#304,1.);
#304 = DIRECTION('',(-0.836235014982,0.54837122437));
#305 = ( GEOMETRIC_REPRESENTATION_CONTEXT(2) 
PARAMETRIC_REPRESENTATION_CONTEXT() REPRESENTATION_CONTEXT('2D SPACE',''
  ) );
#306 = PCURVE('',#307,#312);
#307 = PLANE('',#308);
#308 = AXIS2_PLACEMENT_3D('',#309,#310,#311);
#309 = CARTESIAN_POINT('',(3.3,-0.919858516481,-0.603208346807));
#310 = DIRECTION('',(0.,-0.836235014982,-0.54837122437));
#311 = DIRECTION('',(0.,0.54837122437,-0.836235014982));
#312 = DEFINITIONAL_REPRESENTATION('',(#313),#317);
#313 = LINE('',#314,#315);
#314 = CARTESIAN_POINT('',(9.284073676313E-17,-1.3));
#315 = VECTOR('',#316,1.);
#316 = DIRECTION('',(1.,0.));
#317 = ( GEOMETRIC_REPRESENTATION_CONTEXT(2) 
PARAMETRIC_REPRESENTATION_CONTEXT() REPRESENTATION_CONTEXT('2D SPACE',''
  ) );
#318 = ORIENTED_EDGE('',*,*,#319,.F.);
#319 = EDGE_CURVE('',#320,#292,#322,.T.);
#320 = VERTEX_POINT('',#321);
#321 = CARTESIAN_POINT('',(2.,-7.08307795219,7.148187344646));
#322 = SURFACE_CURVE('',#323,(#328,#335),.PCURVE_S1.);
#323 = CIRCLE('',#324,2.);
#324 = AXIS2_PLACEMENT_3D('',#325,#326,#327);
#325 = CARTESIAN_POINT('',(2.,-7.08307795219,5.148187344646));
#326 = DIRECTION('',(-1.,0.,0.));
#327 = DIRECTION('',(0.,0.,1.));
#328 = PCURVE('',#98,#329);
#329 = DEFINITIONAL_REPRESENTATION('',(#330),#334);
#330 = CIRCLE('',#331,2.);
#331 = AXIS2_PLACEMENT_2D('',#332,#333);
#332 = CARTESIAN_POINT('',(5.148187344646,-7.08307795219));
#333 = DIRECTION('',(1.,-2.22044604925E-16));
#334 = ( GEOMETRIC_REPRESENTATION_CONTEXT(2) 
PARAMETRIC_REPRESENTATION_CONTEXT() REPRESENTATION_CONTEXT('2D SPACE',''
  ) );
#335 = PCURVE('',#336,#341);
#336 = CYLINDRICAL_SURFACE('',#337,2.);
#337 = AXIS2_PLACEMENT_3D('',#338,#339,#340);
#338 = CARTESIAN_POINT('',(3.3,-7.08307795219,5.148187344646));
#339 = DIRECTION('',(-1.,-0.,-0.));
#340 = DIRECTION('',(0.,0.,1.));
#341 = DEFINITIONAL_REPRESENTATION('',(#342),#346);
#342 = LINE('',#343,#344);
#343 = CARTESIAN_POINT('',(0.,1.3));
#344 = VECTOR('',#345,1.);
#345 = DIRECTION('',(1.,0.));
#346 = ( GEOMETRIC_REPRESENTATION_CONTEXT(2) 
PARAMETRIC_REPRESENTATION_CONTEXT() REPRESENTATION_CONTEXT('2D SPACE',''
  ) );
#347 = ORIENTED_EDGE('',*,*,#348,.F.);
#348 = EDGE_CURVE('',#349,#320,#351,.T.);
#349 = VERTEX_POINT('',#350);
#350 = CARTESIAN_POINT('',(2.,-8.590763273132,6.462297299336));
#351 = SURFACE_CURVE('',#352,(#357,#364),.PCURVE_S1.);
#352 = CIRCLE('',#353,2.);
#353 = AXIS2_PLACEMENT_3D('',#354,#355,#356);
#354 = CARTESIAN_POINT('',(2.,-7.08307795219,5.148187344646));
#355 = DIRECTION('',(-1.,0.,0.));
#356 = DIRECTION('',(0.,0.,1.));
#357 = PCURVE('',#98,#358);
#358 = DEFINITIONAL_REPRESENTATION('',(#359),#363);
#359 = CIRCLE('',#360,2.);
#360 = AXIS2_PLACEMENT_2D('',#361,#362);
#361 = CARTESIAN_POINT('',(5.148187344646,-7.08307795219));
#362 = DIRECTION('',(1.,-2.22044604925E-16));
#363 = ( GEOMETRIC_REPRESENTATION_CONTEXT(2) 
PARAMETRIC_REPRESENTATION_CONTEXT() REPRESENTATION_CONTEXT('2D SPACE',''
  ) );
#364 = PCURVE('',#365,#370);
#365 = CYLINDRICAL_SURFACE('',#366,2.);
#366 = AXIS2_PLACEMENT_3D('',#367,#368,#369);
#367 = CARTESIAN_POINT('',(3.3,-7.08307795219,5.148187344646));
#368 = DIRECTION('',(-1.,-0.,-0.));
#369 = DIRECTION('',(0.,0.,1.));
#370 = DEFINITIONAL_REPRESENTATION('',(#371),#375);
#371 = LINE('',#372,#373);
#372 = CARTESIAN_POINT('',(0.,1.3));
#373 = VECTOR('',#374,1.);
#374 = DIRECTION('',(1.,0.));
#375 = ( GEOMETRIC_REPRESENTATION_CONTEXT(2) 
PARAMETRIC_REPRESENTATION_CONTEXT() REPRESENTATION_CONTEXT('2D SPACE',''
  ) );
#376 = ORIENTED_EDGE('',*,*,#377,.F.);
#377 = EDGE_CURVE('',#378,#349,#380,.T.);
#378 = VERTEX_POINT('',#379);
#379 = CARTESIAN_POINT('',(2.,-8.590763273132,-6.462297299336));
#380 = SURFACE_CURVE('',#381,(#386,#393),.PCURVE_S1.);
#381 = CIRCLE('',#382,10.75);
#382 = AXIS2_PLACEMENT_3D('',#383,#384,#385);
#383 = CARTESIAN_POINT('',(2.,0.,0.));
#384 = DIRECTION('',(-1.,0.,0.));
#385 = DIRECTION('',(0.,0.,1.));
#386 = PCURVE('',#98,#387);
#387 = DEFINITIONAL_REPRESENTATION('',(#388),#392);
#388 = CIRCLE('',#389,10.75);
#389 = AXIS2_PLACEMENT_2D('',#390,#391);
#390 = CARTESIAN_POINT('',(0.,0.));
#391 = DIRECTION('',(1.,-2.22044604925E-16));
#392 = ( GEOMETRIC_REPRESENTATION_CONTEXT(2) 
PARAMETRIC_REPRESENTATION_CONTEXT() REPRESENTATION_CONTEXT('2D SPACE',''
  ) );
#393 = PCURVE('',#394,#399);
#394 = CYLINDRICAL_SURFACE('',#395,10.75);
#395 = AXIS2_PLACEMENT_3D('',#396,#397,#398);
#396 = CARTESIAN_POINT('',(3.3,0.,0.));
#397 = DIRECTION('',(-1.,-0.,-0.));
#398 = DIRECTION('',(0.,0.,1.));
#399 = DEFINITIONAL_REPRESENTATION('',(#400),#404);
#400 = LINE('',#401,#402);
#401 = CARTESIAN_POINT('',(0.,1.3));
#402 = VECTOR('',#403,1.);
#403 = DIRECTION('',(1.,0.));
#404 = ( GEOMETRIC_REPRESENTATION_CONTEXT(2) 
PARAMETRIC_REPRESENTATION_CONTEXT() REPRESENTATION_CONTEXT('2D SPACE',''
  ) );
#405 = ORIENTED_EDGE('',*,*,#406,.F.);
#406 = EDGE_CURVE('',#407,#378,#409,.T.);
#407 = VERTEX_POINT('',#408);
#408 = CARTESIAN_POINT('',(2.,-5.410607922225,-6.244929793387));
#409 = SURFACE_CURVE('',#410,(#415,#422),.PCURVE_S1.);
#410 = CIRCLE('',#411,2.);
#411 = AXIS2_PLACEMENT_3D('',#412,#413,#414);
#412 = CARTESIAN_POINT('',(2.,-7.08307795219,-5.148187344646));
#413 = DIRECTION('',(-1.,0.,0.));
#414 = DIRECTION('',(0.,0.,1.));
#415 = PCURVE('',#98,#416);
#416 = DEFINITIONAL_REPRESENTATION('',(#417),#421);
#417 = CIRCLE('',#418,2.);
#418 = AXIS2_PLACEMENT_2D('',#419,#420);
#419 = CARTESIAN_POINT('',(-5.148187344646,-7.08307795219));
#420 = DIRECTION('',(1.,-2.22044604925E-16));
#421 = ( GEOMETRIC_REPRESENTATION_CONTEXT(2) 
PARAMETRIC_REPRESENTATION_CONTEXT() REPRESENTATION_CONTEXT('2D SPACE',''
  ) );
#422 = PCURVE('',#423,#428);
#423 = CYLINDRICAL_SURFACE('',#424,2.);
#424 = AXIS2_PLACEMENT_3D('',#425,#426,#427);
#425 = CARTESIAN_POINT('',(3.3,-7.08307795219,-5.148187344646));
#426 = DIRECTION('',(-1.,-0.,-0.));
#427 = DIRECTION('',(0.,0.,1.));
#428 = DEFINITIONAL_REPRESENTATION('',(#429),#433);
#429 = LINE('',#430,#431);
#430 = CARTESIAN_POINT('',(0.,1.3));
#431 = VECTOR('',#432,1.);
#432 = DIRECTION('',(1.,0.));
#433 = ( GEOMETRIC_REPRESENTATION_CONTEXT(2) 
PARAMETRIC_REPRESENTATION_CONTEXT() REPRESENTATION_CONTEXT('2D SPACE',''
  ) );
#434 = ORIENTED_EDGE('',*,*,#435,.T.);
#435 = EDGE_CURVE('',#407,#436,#438,.T.);
#436 = VERTEX_POINT('',#437);
#437 = CARTESIAN_POINT('',(2.,-3.433280857411,-3.229618168367));
#438 = SURFACE_CURVE('',#439,(#443,#450),.PCURVE_S1.);
#439 = LINE('',#440,#441);
#440 = CARTESIAN_POINT('',(2.,-0.919858516481,0.603208346807));
#441 = VECTOR('',#442,1.);
#442 = DIRECTION('',(0.,0.54837122437,0.836235014982));
#443 = PCURVE('',#98,#444);
#444 = DEFINITIONAL_REPRESENTATION('',(#445),#449);
#445 = LINE('',#446,#447);
#446 = CARTESIAN_POINT('',(0.603208346807,-0.919858516481));
#447 = VECTOR('',#448,1.);
#448 = DIRECTION('',(0.836235014982,0.54837122437));
#449 = ( GEOMETRIC_REPRESENTATION_CONTEXT(2) 
PARAMETRIC_REPRESENTATION_CONTEXT() REPRESENTATION_CONTEXT('2D SPACE',''
  ) );
#450 = PCURVE('',#451,#456);
#451 = PLANE('',#452);
#452 = AXIS2_PLACEMENT_3D('',#453,#454,#455);
#453 = CARTESIAN_POINT('',(3.3,-0.919858516481,0.603208346807));
#454 = DIRECTION('',(0.,0.836235014982,-0.54837122437));
#455 = DIRECTION('',(0.,0.54837122437,0.836235014982));
#456 = DEFINITIONAL_REPRESENTATION('',(#457),#461);
#457 = LINE('',#458,#459);
#458 = CARTESIAN_POINT('',(0.,-1.3));
#459 = VECTOR('',#460,1.);
#460 = DIRECTION('',(1.,0.));
#461 = ( GEOMETRIC_REPRESENTATION_CONTEXT(2) 
PARAMETRIC_REPRESENTATION_CONTEXT() REPRESENTATION_CONTEXT('2D SPACE',''
  ) );
#462 = ORIENTED_EDGE('',*,*,#463,.F.);
#463 = EDGE_CURVE('',#464,#436,#466,.T.);
#464 = VERTEX_POINT('',#465);
#465 = CARTESIAN_POINT('',(2.,-3.28903282036,-1.196771952626));
#466 = SURFACE_CURVE('',#467,(#472,#479),.PCURVE_S1.);
#467 = CIRCLE('',#468,2.5);
#468 = AXIS2_PLACEMENT_3D('',#469,#470,#471);
#469 = CARTESIAN_POINT('',(2.,-5.638341977761,-2.051609061644));
#470 = DIRECTION('',(-1.,0.,0.));
#471 = DIRECTION('',(0.,0.,1.));
#472 = PCURVE('',#98,#473);
#473 = DEFINITIONAL_REPRESENTATION('',(#474),#478);
#474 = CIRCLE('',#475,2.5);
#475 = AXIS2_PLACEMENT_2D('',#476,#477);
#476 = CARTESIAN_POINT('',(-2.051609061644,-5.638341977761));
#477 = DIRECTION('',(1.,-2.22044604925E-16));
#478 = ( GEOMETRIC_REPRESENTATION_CONTEXT(2) 
PARAMETRIC_REPRESENTATION_CONTEXT() REPRESENTATION_CONTEXT('2D SPACE',''
  ) );
#479 = PCURVE('',#480,#485);
#480 = CYLINDRICAL_SURFACE('',#481,2.5);
#481 = AXIS2_PLACEMENT_3D('',#482,#483,#484);
#482 = CARTESIAN_POINT('',(3.3,-5.638341977761,-2.051609061644));
#483 = DIRECTION('',(-1.,-0.,-0.));
#484 = DIRECTION('',(0.,0.,1.));
#485 = DEFINITIONAL_REPRESENTATION('',(#486),#490);
#486 = LINE('',#487,#488);
#487 = CARTESIAN_POINT('',(0.,1.3));
#488 = VECTOR('',#489,1.);
#489 = DIRECTION('',(1.,0.));
#490 = ( GEOMETRIC_REPRESENTATION_CONTEXT(2) 
PARAMETRIC_REPRESENTATION_CONTEXT() REPRESENTATION_CONTEXT('2D SPACE',''
  ) );
#491 = ORIENTED_EDGE('',*,*,#492,.F.);
#492 = EDGE_CURVE('',#493,#464,#495,.T.);
#493 = VERTEX_POINT('',#494);
#494 = CARTESIAN_POINT('',(2.,0.608081496669,-3.446771952626));
#495 = SURFACE_CURVE('',#496,(#501,#508),.PCURVE_S1.);
#496 = CIRCLE('',#497,3.5);
#497 = AXIS2_PLACEMENT_3D('',#498,#499,#500);
#498 = CARTESIAN_POINT('',(2.,0.,0.));
#499 = DIRECTION('',(-1.,0.,0.));
#500 = DIRECTION('',(0.,2.22044604925E-16,1.));
#501 = PCURVE('',#98,#502);
#502 = DEFINITIONAL_REPRESENTATION('',(#503),#507);
#503 = CIRCLE('',#504,3.5);
#504 = AXIS2_PLACEMENT_2D('',#505,#506);
#505 = CARTESIAN_POINT('',(0.,0.));
#506 = DIRECTION('',(1.,0.));
#507 = ( GEOMETRIC_REPRESENTATION_CONTEXT(2) 
PARAMETRIC_REPRESENTATION_CONTEXT() REPRESENTATION_CONTEXT('2D SPACE',''
  ) );
#508 = PCURVE('',#509,#514);
#509 = CYLINDRICAL_SURFACE('',#510,3.5);
#510 = AXIS2_PLACEMENT_3D('',#511,#512,#513);
#511 = CARTESIAN_POINT('',(2.,0.,0.));
#512 = DIRECTION('',(1.,0.,0.));
#513 = DIRECTION('',(0.,2.22044604925E-16,1.));
#514 = DEFINITIONAL_REPRESENTATION('',(#515),#519);
#515 = LINE('',#516,#517);
#516 = CARTESIAN_POINT('',(-0.,0.));
#517 = VECTOR('',#518,1.);
#518 = DIRECTION('',(-1.,0.));
#519 = ( GEOMETRIC_REPRESENTATION_CONTEXT(2) 
PARAMETRIC_REPRESENTATION_CONTEXT() REPRESENTATION_CONTEXT('2D SPACE',''
  ) );
#520 = ORIENTED_EDGE('',*,*,#521,.F.);
#521 = EDGE_CURVE('',#522,#493,#524,.T.);
#522 = VERTEX_POINT('',#523);
#523 = CARTESIAN_POINT('',(2.,-1.080290949624,-4.588117525029));
#524 = SURFACE_CURVE('',#525,(#530,#537),.PCURVE_S1.);
#525 = CIRCLE('',#526,2.5);
#526 = AXIS2_PLACEMENT_3D('',#527,#528,#529);
#527 = CARTESIAN_POINT('',(2.,1.042425422862,-5.908751918787));
#528 = DIRECTION('',(-1.,0.,0.));
#529 = DIRECTION('',(0.,0.,1.));
#530 = PCURVE('',#98,#531);
#531 = DEFINITIONAL_REPRESENTATION('',(#532),#536);
#532 = CIRCLE('',#533,2.5);
#533 = AXIS2_PLACEMENT_2D('',#534,#535);
#534 = CARTESIAN_POINT('',(-5.908751918787,1.042425422862));
#535 = DIRECTION('',(1.,-2.22044604925E-16));
#536 = ( GEOMETRIC_REPRESENTATION_CONTEXT(2) 
PARAMETRIC_REPRESENTATION_CONTEXT() REPRESENTATION_CONTEXT('2D SPACE',''
  ) );
#537 = PCURVE('',#538,#543);
#538 = CYLINDRICAL_SURFACE('',#539,2.5);
#539 = AXIS2_PLACEMENT_3D('',#540,#541,#542);
#540 = CARTESIAN_POINT('',(3.3,1.042425422862,-5.908751918787));
#541 = DIRECTION('',(-1.,-0.,-0.));
#542 = DIRECTION('',(0.,0.,1.));
#543 = DEFINITIONAL_REPRESENTATION('',(#544),#548);
#544 = LINE('',#545,#546);
#545 = CARTESIAN_POINT('',(0.,1.3));
#546 = VECTOR('',#547,1.);
#547 = DIRECTION('',(1.,0.));
#548 = ( GEOMETRIC_REPRESENTATION_CONTEXT(2) 
PARAMETRIC_REPRESENTATION_CONTEXT() REPRESENTATION_CONTEXT('2D SPACE',''
  ) );
#549 = ORIENTED_EDGE('',*,*,#550,.F.);
#550 = EDGE_CURVE('',#551,#522,#553,.T.);
#551 = VERTEX_POINT('',#552);
#552 = CARTESIAN_POINT('',(2.,-2.702963884811,-7.808188807257));
#553 = SURFACE_CURVE('',#554,(#558,#565),.PCURVE_S1.);
#554 = LINE('',#555,#556);
#555 = CARTESIAN_POINT('',(2.,0.98232301035,-0.495016669756));
#556 = VECTOR('',#557,1.);
#557 = DIRECTION('',(0.,0.450015154324,0.8930209185));
#558 = PCURVE('',#98,#559);
#559 = DEFINITIONAL_REPRESENTATION('',(#560),#564);
#560 = LINE('',#561,#562);
#561 = CARTESIAN_POINT('',(-0.495016669756,0.98232301035));
#562 = VECTOR('',#563,1.);
#563 = DIRECTION('',(0.8930209185,0.450015154324));
#564 = ( GEOMETRIC_REPRESENTATION_CONTEXT(2) 
PARAMETRIC_REPRESENTATION_CONTEXT() REPRESENTATION_CONTEXT('2D SPACE',''
  ) );
#565 = PCURVE('',#566,#571);
#566 = PLANE('',#567);
#567 = AXIS2_PLACEMENT_3D('',#568,#569,#570);
#568 = CARTESIAN_POINT('',(3.3,0.98232301035,-0.495016669756));
#569 = DIRECTION('',(0.,0.8930209185,-0.450015154324));
#570 = DIRECTION('',(0.,0.450015154324,0.8930209185));
#571 = DEFINITIONAL_REPRESENTATION('',(#572),#576);
#572 = LINE('',#573,#574);
#573 = CARTESIAN_POINT('',(0.,-1.3));
#574 = VECTOR('',#575,1.);
#575 = DIRECTION('',(1.,0.));
#576 = ( GEOMETRIC_REPRESENTATION_CONTEXT(2) 
PARAMETRIC_REPRESENTATION_CONTEXT() REPRESENTATION_CONTEXT('2D SPACE',''
  ) );
#577 = ORIENTED_EDGE('',*,*,#578,.F.);
#578 = EDGE_CURVE('',#579,#551,#581,.T.);
#579 = VERTEX_POINT('',#580);
#580 = CARTESIAN_POINT('',(2.,-1.301131991466,-10.67096788209));
#581 = SURFACE_CURVE('',#582,(#587,#594),.PCURVE_S1.);
#582 = CIRCLE('',#583,2.);
#583 = AXIS2_PLACEMENT_3D('',#584,#585,#586);
#584 = CARTESIAN_POINT('',(2.,-0.91692204781,-8.708219115905));
#585 = DIRECTION('',(-1.,0.,0.));
#586 = DIRECTION('',(0.,0.,1.));
#587 = PCURVE('',#98,#588);
#588 = DEFINITIONAL_REPRESENTATION('',(#589),#593);
#589 = CIRCLE('',#590,2.);
#590 = AXIS2_PLACEMENT_2D('',#591,#592);
#591 = CARTESIAN_POINT('',(-8.708219115905,-0.91692204781));
#592 = DIRECTION('',(1.,-2.22044604925E-16));
#593 = ( GEOMETRIC_REPRESENTATION_CONTEXT(2) 
PARAMETRIC_REPRESENTATION_CONTEXT() REPRESENTATION_CONTEXT('2D SPACE',''
  ) );
#594 = PCURVE('',#595,#600);
#595 = CYLINDRICAL_SURFACE('',#596,2.);
#596 = AXIS2_PLACEMENT_3D('',#597,#598,#599);
#597 = CARTESIAN_POINT('',(3.3,-0.91692204781,-8.708219115905));
#598 = DIRECTION('',(-1.,-0.,-0.));
#599 = DIRECTION('',(0.,0.,1.));
#600 = DEFINITIONAL_REPRESENTATION('',(#601),#605);
#601 = LINE('',#602,#603);
#602 = CARTESIAN_POINT('',(0.,1.3));
#603 = VECTOR('',#604,1.);
#604 = DIRECTION('',(1.,0.));
#605 = ( GEOMETRIC_REPRESENTATION_CONTEXT(2) 
PARAMETRIC_REPRESENTATION_CONTEXT() REPRESENTATION_CONTEXT('2D SPACE',''
  ) );
#606 = ORIENTED_EDGE('',*,*,#607,.F.);
#607 = EDGE_CURVE('',#608,#579,#610,.T.);
#608 = VERTEX_POINT('',#609);
#609 = CARTESIAN_POINT('',(2.,9.748322057124,-4.531304124708));
#610 = SURFACE_CURVE('',#611,(#616,#623),.PCURVE_S1.);
#611 = CIRCLE('',#612,10.75);
#612 = AXIS2_PLACEMENT_3D('',#613,#614,#615);
#613 = CARTESIAN_POINT('',(2.,0.,0.));
#614 = DIRECTION('',(-1.,0.,0.));
#615 = DIRECTION('',(0.,0.,1.));
#616 = PCURVE('',#98,#617);
#617 = DEFINITIONAL_REPRESENTATION('',(#618),#622);
#618 = CIRCLE('',#619,10.75);
#619 = AXIS2_PLACEMENT_2D('',#620,#621);
#620 = CARTESIAN_POINT('',(0.,0.));
#621 = DIRECTION('',(1.,-2.22044604925E-16));
#622 = ( GEOMETRIC_REPRESENTATION_CONTEXT(2) 
PARAMETRIC_REPRESENTATION_CONTEXT() REPRESENTATION_CONTEXT('2D SPACE',''
  ) );
#623 = PCURVE('',#624,#629);
#624 = CYLINDRICAL_SURFACE('',#625,10.75);
#625 = AXIS2_PLACEMENT_3D('',#626,#627,#628);
#626 = CARTESIAN_POINT('',(3.3,0.,0.));
#627 = DIRECTION('',(-1.,-0.,-0.));
#628 = DIRECTION('',(0.,0.,1.));
#629 = DEFINITIONAL_REPRESENTATION('',(#630),#634);
#630 = LINE('',#631,#632);
#631 = CARTESIAN_POINT('',(0.,1.3));
#632 = VECTOR('',#633,1.);
#633 = DIRECTION('',(1.,0.));
#634 = ( GEOMETRIC_REPRESENTATION_CONTEXT(2) 
PARAMETRIC_REPRESENTATION_CONTEXT() REPRESENTATION_CONTEXT('2D SPACE',''
  ) );
#635 = ORIENTED_EDGE('',*,*,#636,.F.);
#636 = EDGE_CURVE('',#637,#608,#639,.T.);
#637 = VERTEX_POINT('',#638);
#638 = CARTESIAN_POINT('',(2.,8.113571807036,-1.563259013871));
#639 = SURFACE_CURVE('',#640,(#645,#652),.PCURVE_S1.);
#640 = CIRCLE('',#641,2.);
#641 = AXIS2_PLACEMENT_3D('',#642,#643,#644);
#642 = CARTESIAN_POINT('',(2.,8.,-3.560031771259));
#643 = DIRECTION('',(-1.,0.,0.));
#644 = DIRECTION('',(0.,0.,1.));
#645 = PCURVE('',#98,#646);
#646 = DEFINITIONAL_REPRESENTATION('',(#647),#651);
#647 = CIRCLE('',#648,2.);
#648 = AXIS2_PLACEMENT_2D('',#649,#650);
#649 = CARTESIAN_POINT('',(-3.560031771259,8.));
#650 = DIRECTION('',(1.,-2.22044604925E-16));
#651 = ( GEOMETRIC_REPRESENTATION_CONTEXT(2) 
PARAMETRIC_REPRESENTATION_CONTEXT() REPRESENTATION_CONTEXT('2D SPACE',''
  ) );
#652 = PCURVE('',#653,#658);
#653 = CYLINDRICAL_SURFACE('',#654,2.);
#654 = AXIS2_PLACEMENT_3D('',#655,#656,#657);
#655 = CARTESIAN_POINT('',(3.3,8.,-3.560031771259));
#656 = DIRECTION('',(-1.,-0.,-0.));
#657 = DIRECTION('',(0.,0.,1.));
#658 = DEFINITIONAL_REPRESENTATION('',(#659),#663);
#659 = LINE('',#660,#661);
#660 = CARTESIAN_POINT('',(0.,1.3));
#661 = VECTOR('',#662,1.);
#662 = DIRECTION('',(1.,0.));
#663 = ( GEOMETRIC_REPRESENTATION_CONTEXT(2) 
PARAMETRIC_REPRESENTATION_CONTEXT() REPRESENTATION_CONTEXT('2D SPACE',''
  ) );
#664 = ORIENTED_EDGE('',*,*,#665,.T.);
#665 = EDGE_CURVE('',#637,#666,#668,.T.);
#666 = VERTEX_POINT('',#667);
#667 = CARTESIAN_POINT('',(2.,4.513571807036,-1.358499356661));
#668 = SURFACE_CURVE('',#669,(#673,#680),.PCURVE_S1.);
#669 = LINE('',#670,#671);
#670 = CARTESIAN_POINT('',(2.,-6.24644938696E-02,-1.098225016563));
#671 = VECTOR('',#672,1.);
#672 = DIRECTION('',(0.,-0.998386378694,5.678590351782E-02));
#673 = PCURVE('',#98,#674);
#674 = DEFINITIONAL_REPRESENTATION('',(#675),#679);
#675 = LINE('',#676,#677);
#676 = CARTESIAN_POINT('',(-1.098225016563,-6.24644938696E-02));
#677 = VECTOR('',#678,1.);
#678 = DIRECTION('',(5.678590351782E-02,-0.998386378694));
#679 = ( GEOMETRIC_REPRESENTATION_CONTEXT(2) 
PARAMETRIC_REPRESENTATION_CONTEXT() REPRESENTATION_CONTEXT('2D SPACE',''
  ) );
#680 = PCURVE('',#681,#686);
#681 = PLANE('',#682);
#682 = AXIS2_PLACEMENT_3D('',#683,#684,#685);
#683 = CARTESIAN_POINT('',(3.3,-6.24644938696E-02,-1.098225016563));
#684 = DIRECTION('',(0.,5.678590351782E-02,0.998386378694));
#685 = DIRECTION('',(0.,-0.998386378694,5.678590351782E-02));
#686 = DEFINITIONAL_REPRESENTATION('',(#687),#691);
#687 = LINE('',#688,#689);
#688 = CARTESIAN_POINT('',(1.385539431373E-17,-1.3));
#689 = VECTOR('',#690,1.);
#690 = DIRECTION('',(1.,0.));
#691 = ( GEOMETRIC_REPRESENTATION_CONTEXT(2) 
PARAMETRIC_REPRESENTATION_CONTEXT() REPRESENTATION_CONTEXT('2D SPACE',''
  ) );
#692 = ORIENTED_EDGE('',*,*,#693,.F.);
#693 = EDGE_CURVE('',#694,#666,#696,.T.);
#694 = VERTEX_POINT('',#695);
#695 = CARTESIAN_POINT('',(2.,2.680951323691,-2.25));
#696 = SURFACE_CURVE('',#697,(#702,#709),.PCURVE_S1.);
#697 = CIRCLE('',#698,2.5);
#698 = AXIS2_PLACEMENT_3D('',#699,#700,#701);
#699 = CARTESIAN_POINT('',(2.,4.595916554899,-3.857142857143));
#700 = DIRECTION('',(-1.,0.,0.));
#701 = DIRECTION('',(0.,0.,1.));
#702 = PCURVE('',#98,#703);
#703 = DEFINITIONAL_REPRESENTATION('',(#704),#708);
#704 = CIRCLE('',#705,2.5);
#705 = AXIS2_PLACEMENT_2D('',#706,#707);
#706 = CARTESIAN_POINT('',(-3.857142857143,4.595916554899));
#707 = DIRECTION('',(1.,-2.22044604925E-16));
#708 = ( GEOMETRIC_REPRESENTATION_CONTEXT(2) 
PARAMETRIC_REPRESENTATION_CONTEXT() REPRESENTATION_CONTEXT('2D SPACE',''
  ) );
#709 = PCURVE('',#710,#715);
#710 = CYLINDRICAL_SURFACE('',#711,2.5);
#711 = AXIS2_PLACEMENT_3D('',#712,#713,#714);
#712 = CARTESIAN_POINT('',(3.3,4.595916554899,-3.857142857143));
#713 = DIRECTION('',(-1.,-0.,-0.));
#714 = DIRECTION('',(0.,0.,1.));
#715 = DEFINITIONAL_REPRESENTATION('',(#716),#720);
#716 = LINE('',#717,#718);
#717 = CARTESIAN_POINT('',(0.,1.3));
#718 = VECTOR('',#719,1.);
#719 = DIRECTION('',(1.,0.));
#720 = ( GEOMETRIC_REPRESENTATION_CONTEXT(2) 
PARAMETRIC_REPRESENTATION_CONTEXT() REPRESENTATION_CONTEXT('2D SPACE',''
  ) );
#721 = ORIENTED_EDGE('',*,*,#722,.F.);
#722 = EDGE_CURVE('',#723,#694,#725,.T.);
#723 = VERTEX_POINT('',#724);
#724 = CARTESIAN_POINT('',(2.,2.680951323691,2.25));
#725 = SURFACE_CURVE('',#726,(#731,#738),.PCURVE_S1.);
#726 = CIRCLE('',#727,3.5);
#727 = AXIS2_PLACEMENT_3D('',#728,#729,#730);
#728 = CARTESIAN_POINT('',(2.,0.,0.));
#729 = DIRECTION('',(-1.,0.,0.));
#730 = DIRECTION('',(0.,2.22044604925E-16,1.));
#731 = PCURVE('',#98,#732);
#732 = DEFINITIONAL_REPRESENTATION('',(#733),#737);
#733 = CIRCLE('',#734,3.5);
#734 = AXIS2_PLACEMENT_2D('',#735,#736);
#735 = CARTESIAN_POINT('',(0.,0.));
#736 = DIRECTION('',(1.,0.));
#737 = ( GEOMETRIC_REPRESENTATION_CONTEXT(2) 
PARAMETRIC_REPRESENTATION_CONTEXT() REPRESENTATION_CONTEXT('2D SPACE',''
  ) );
#738 = PCURVE('',#739,#744);
#739 = CYLINDRICAL_SURFACE('',#740,3.5);
#740 = AXIS2_PLACEMENT_3D('',#741,#742,#743);
#741 = CARTESIAN_POINT('',(2.,0.,0.));
#742 = DIRECTION('',(1.,0.,0.));
#743 = DIRECTION('',(0.,2.22044604925E-16,1.));
#744 = DEFINITIONAL_REPRESENTATION('',(#745),#749);
#745 = LINE('',#746,#747);
#746 = CARTESIAN_POINT('',(-0.,0.));
#747 = VECTOR('',#748,1.);
#748 = DIRECTION('',(-1.,0.));
#749 = ( GEOMETRIC_REPRESENTATION_CONTEXT(2) 
PARAMETRIC_REPRESENTATION_CONTEXT() REPRESENTATION_CONTEXT('2D SPACE',''
  ) );
#750 = ORIENTED_EDGE('',*,*,#751,.F.);
#751 = EDGE_CURVE('',#752,#723,#754,.T.);
#752 = VERTEX_POINT('',#753);
#753 = CARTESIAN_POINT('',(2.,4.513571807036,1.358499356661));
#754 = SURFACE_CURVE('',#755,(#760,#767),.PCURVE_S1.);
#755 = CIRCLE('',#756,2.5);
#756 = AXIS2_PLACEMENT_3D('',#757,#758,#759);
#757 = CARTESIAN_POINT('',(2.,4.595916554899,3.857142857143));
#758 = DIRECTION('',(-1.,0.,0.));
#759 = DIRECTION('',(0.,0.,1.));
#760 = PCURVE('',#98,#761);
#761 = DEFINITIONAL_REPRESENTATION('',(#762),#766);
#762 = CIRCLE('',#763,2.5);
#763 = AXIS2_PLACEMENT_2D('',#764,#765);
#764 = CARTESIAN_POINT('',(3.857142857143,4.595916554899));
#765 = DIRECTION('',(1.,-2.22044604925E-16));
#766 = ( GEOMETRIC_REPRESENTATION_CONTEXT(2) 
PARAMETRIC_REPRESENTATION_CONTEXT() REPRESENTATION_CONTEXT('2D SPACE',''
  ) );
#767 = PCURVE('',#768,#773);
#768 = CYLINDRICAL_SURFACE('',#769,2.5);
#769 = AXIS2_PLACEMENT_3D('',#770,#771,#772);
#770 = CARTESIAN_POINT('',(3.3,4.595916554899,3.857142857143));
#771 = DIRECTION('',(-1.,-0.,-0.));
#772 = DIRECTION('',(0.,0.,1.));
#773 = DEFINITIONAL_REPRESENTATION('',(#774),#778);
#774 = LINE('',#775,#776);
#775 = CARTESIAN_POINT('',(0.,1.3));
#776 = VECTOR('',#777,1.);
#777 = DIRECTION('',(1.,0.));
#778 = ( GEOMETRIC_REPRESENTATION_CONTEXT(2) 
PARAMETRIC_REPRESENTATION_CONTEXT() REPRESENTATION_CONTEXT('2D SPACE',''
  ) );
#779 = ORIENTED_EDGE('',*,*,#780,.F.);
#780 = EDGE_CURVE('',#781,#752,#783,.T.);
#781 = VERTEX_POINT('',#782);
#782 = CARTESIAN_POINT('',(2.,8.113571807036,1.563259013871));
#783 = SURFACE_CURVE('',#784,(#788,#795),.PCURVE_S1.);
#784 = LINE('',#785,#786);
#785 = CARTESIAN_POINT('',(2.,-6.246449386959E-02,1.098225016563));
#786 = VECTOR('',#787,1.);
#787 = DIRECTION('',(0.,-0.998386378694,-5.678590351781E-02));
#788 = PCURVE('',#98,#789);
#789 = DEFINITIONAL_REPRESENTATION('',(#790),#794);
#790 = LINE('',#791,#792);
#791 = CARTESIAN_POINT('',(1.098225016563,-6.246449386959E-02));
#792 = VECTOR('',#793,1.);
#793 = DIRECTION('',(-5.678590351781E-02,-0.998386378694));
#794 = ( GEOMETRIC_REPRESENTATION_CONTEXT(2) 
PARAMETRIC_REPRESENTATION_CONTEXT() REPRESENTATION_CONTEXT('2D SPACE',''
  ) );
#795 = PCURVE('',#796,#801);
#796 = PLANE('',#797);
#797 = AXIS2_PLACEMENT_3D('',#798,#799,#800);
#798 = CARTESIAN_POINT('',(3.3,-6.246449386959E-02,1.098225016563));
#799 = DIRECTION('',(0.,-5.678590351781E-02,0.998386378694));
#800 = DIRECTION('',(0.,-0.998386378694,-5.678590351781E-02));
#801 = DEFINITIONAL_REPRESENTATION('',(#802),#806);
#802 = LINE('',#803,#804);
#803 = CARTESIAN_POINT('',(-0.,-1.3));
#804 = VECTOR('',#805,1.);
#805 = DIRECTION('',(1.,0.));
#806 = ( GEOMETRIC_REPRESENTATION_CONTEXT(2) 
PARAMETRIC_REPRESENTATION_CONTEXT() REPRESENTATION_CONTEXT('2D SPACE',''
  ) );
#807 = ORIENTED_EDGE('',*,*,#808,.F.);
#808 = EDGE_CURVE('',#809,#781,#811,.T.);
#809 = VERTEX_POINT('',#810);
#810 = CARTESIAN_POINT('',(2.,9.748322057124,4.531304124708));
#811 = SURFACE_CURVE('',#812,(#817,#824),.PCURVE_S1.);
#812 = CIRCLE('',#813,2.);
#813 = AXIS2_PLACEMENT_3D('',#814,#815,#816);
#814 = CARTESIAN_POINT('',(2.,8.,3.560031771259));
#815 = DIRECTION('',(-1.,0.,0.));
#816 = DIRECTION('',(0.,0.,1.));
#817 = PCURVE('',#98,#818);
#818 = DEFINITIONAL_REPRESENTATION('',(#819),#823);
#819 = CIRCLE('',#820,2.);
#820 = AXIS2_PLACEMENT_2D('',#821,#822);
#821 = CARTESIAN_POINT('',(3.560031771259,8.));
#822 = DIRECTION('',(1.,-2.22044604925E-16));
#823 = ( GEOMETRIC_REPRESENTATION_CONTEXT(2) 
PARAMETRIC_REPRESENTATION_CONTEXT() REPRESENTATION_CONTEXT('2D SPACE',''
  ) );
#824 = PCURVE('',#825,#830);
#825 = CYLINDRICAL_SURFACE('',#826,2.);
#826 = AXIS2_PLACEMENT_3D('',#827,#828,#829);
#827 = CARTESIAN_POINT('',(3.3,8.,3.560031771259));
#828 = DIRECTION('',(-1.,-0.,-0.));
#829 = DIRECTION('',(0.,0.,1.));
#830 = DEFINITIONAL_REPRESENTATION('',(#831),#835);
#831 = LINE('',#832,#833);
#832 = CARTESIAN_POINT('',(0.,1.3));
#833 = VECTOR('',#834,1.);
#834 = DIRECTION('',(1.,0.));
#835 = ( GEOMETRIC_REPRESENTATION_CONTEXT(2) 
PARAMETRIC_REPRESENTATION_CONTEXT() REPRESENTATION_CONTEXT('2D SPACE',''
  ) );
#836 = ORIENTED_EDGE('',*,*,#837,.F.);
#837 = EDGE_CURVE('',#838,#809,#840,.T.);
#838 = VERTEX_POINT('',#839);
#839 = CARTESIAN_POINT('',(2.,0.,10.75));
#840 = SURFACE_CURVE('',#841,(#846,#853),.PCURVE_S1.);
#841 = CIRCLE('',#842,10.75);
#842 = AXIS2_PLACEMENT_3D('',#843,#844,#845);
#843 = CARTESIAN_POINT('',(2.,0.,0.));
#844 = DIRECTION('',(-1.,0.,0.));
#845 = DIRECTION('',(0.,0.,1.));
#846 = PCURVE('',#98,#847);
#847 = DEFINITIONAL_REPRESENTATION('',(#848),#852);
#848 = CIRCLE('',#849,10.75);
#849 = AXIS2_PLACEMENT_2D('',#850,#851);
#850 = CARTESIAN_POINT('',(0.,0.));
#851 = DIRECTION('',(1.,-2.22044604925E-16));
#852 = ( GEOMETRIC_REPRESENTATION_CONTEXT(2) 
PARAMETRIC_REPRESENTATION_CONTEXT() REPRESENTATION_CONTEXT('2D SPACE',''
  ) );
#853 = PCURVE('',#854,#859);
#854 = CYLINDRICAL_SURFACE('',#855,10.75);
#855 = AXIS2_PLACEMENT_3D('',#856,#857,#858);
#856 = CARTESIAN_POINT('',(3.3,0.,0.));
#857 = DIRECTION('',(-1.,-0.,-0.));
#858 = DIRECTION('',(0.,0.,1.));
#859 = DEFINITIONAL_REPRESENTATION('',(#860),#864);
#860 = LINE('',#861,#862);
#861 = CARTESIAN_POINT('',(0.,1.3));
#862 = VECTOR('',#863,1.);
#863 = DIRECTION('',(1.,0.));
#864 = ( GEOMETRIC_REPRESENTATION_CONTEXT(2) 
PARAMETRIC_REPRESENTATION_CONTEXT() REPRESENTATION_CONTEXT('2D SPACE',''
  ) );
#865 = ORIENTED_EDGE('',*,*,#866,.F.);
#866 = EDGE_CURVE('',#867,#838,#869,.T.);
#867 = VERTEX_POINT('',#868);
#868 = CARTESIAN_POINT('',(2.,-0.949936544292,10.707946608095));
#869 = SURFACE_CURVE('',#870,(#875,#882),.PCURVE_S1.);
#870 = CIRCLE('',#871,10.75);
#871 = AXIS2_PLACEMENT_3D('',#872,#873,#874);
#872 = CARTESIAN_POINT('',(2.,0.,0.));
#873 = DIRECTION('',(-1.,0.,0.));
#874 = DIRECTION('',(0.,0.,1.));
#875 = PCURVE('',#98,#876);
#876 = DEFINITIONAL_REPRESENTATION('',(#877),#881);
#877 = CIRCLE('',#878,10.75);
#878 = AXIS2_PLACEMENT_2D('',#879,#880);
#879 = CARTESIAN_POINT('',(0.,0.));
#880 = DIRECTION('',(1.,-2.22044604925E-16));
#881 = ( GEOMETRIC_REPRESENTATION_CONTEXT(2) 
PARAMETRIC_REPRESENTATION_CONTEXT() REPRESENTATION_CONTEXT('2D SPACE',''
  ) );
#882 = PCURVE('',#883,#888);
#883 = CYLINDRICAL_SURFACE('',#884,10.75);
#884 = AXIS2_PLACEMENT_3D('',#885,#886,#887);
#885 = CARTESIAN_POINT('',(3.3,0.,0.));
#886 = DIRECTION('',(-1.,-0.,-0.));
#887 = DIRECTION('',(0.,0.,1.));
#888 = DEFINITIONAL_REPRESENTATION('',(#889),#893);
#889 = LINE('',#890,#891);
#890 = CARTESIAN_POINT('',(0.,1.3));
#891 = VECTOR('',#892,1.);
#892 = DIRECTION('',(1.,0.));
#893 = ( GEOMETRIC_REPRESENTATION_CONTEXT(2) 
PARAMETRIC_REPRESENTATION_CONTEXT() REPRESENTATION_CONTEXT('2D SPACE',''
  ) );
#894 = ORIENTED_EDGE('',*,*,#895,.F.);
#895 = EDGE_CURVE('',#896,#867,#898,.T.);
#896 = VERTEX_POINT('',#897);
#897 = CARTESIAN_POINT('',(2.,-2.702963884811,7.808188807257));
#898 = SURFACE_CURVE('',#899,(#904,#911),.PCURVE_S1.);
#899 = CIRCLE('',#900,2.);
#900 = AXIS2_PLACEMENT_3D('',#901,#902,#903);
#901 = CARTESIAN_POINT('',(2.,-0.91692204781,8.708219115905));
#902 = DIRECTION('',(-1.,0.,0.));
#903 = DIRECTION('',(0.,0.,1.));
#904 = PCURVE('',#98,#905);
#905 = DEFINITIONAL_REPRESENTATION('',(#906),#910);
#906 = CIRCLE('',#907,2.);
#907 = AXIS2_PLACEMENT_2D('',#908,#909);
#908 = CARTESIAN_POINT('',(8.708219115905,-0.91692204781));
#909 = DIRECTION('',(1.,-2.22044604925E-16));
#910 = ( GEOMETRIC_REPRESENTATION_CONTEXT(2) 
PARAMETRIC_REPRESENTATION_CONTEXT() REPRESENTATION_CONTEXT('2D SPACE',''
  ) );
#911 = PCURVE('',#912,#917);
#912 = CYLINDRICAL_SURFACE('',#913,2.);
#913 = AXIS2_PLACEMENT_3D('',#914,#915,#916);
#914 = CARTESIAN_POINT('',(3.3,-0.91692204781,8.708219115905));
#915 = DIRECTION('',(-1.,-0.,-0.));
#916 = DIRECTION('',(0.,0.,1.));
#917 = DEFINITIONAL_REPRESENTATION('',(#918),#922);
#918 = LINE('',#919,#920);
#919 = CARTESIAN_POINT('',(0.,1.3));
#920 = VECTOR('',#921,1.);
#921 = DIRECTION('',(1.,0.));
#922 = ( GEOMETRIC_REPRESENTATION_CONTEXT(2) 
PARAMETRIC_REPRESENTATION_CONTEXT() REPRESENTATION_CONTEXT('2D SPACE',''
  ) );
#923 = ORIENTED_EDGE('',*,*,#924,.T.);
#924 = EDGE_CURVE('',#896,#925,#927,.T.);
#925 = VERTEX_POINT('',#926);
#926 = CARTESIAN_POINT('',(2.,-1.080290949624,4.588117525029));
#927 = SURFACE_CURVE('',#928,(#932,#939),.PCURVE_S1.);
#928 = LINE('',#929,#930);
#929 = CARTESIAN_POINT('',(2.,0.98232301035,0.495016669756));
#930 = VECTOR('',#931,1.);
#931 = DIRECTION('',(0.,0.450015154324,-0.8930209185));
#932 = PCURVE('',#98,#933);
#933 = DEFINITIONAL_REPRESENTATION('',(#934),#938);
#934 = LINE('',#935,#936);
#935 = CARTESIAN_POINT('',(0.495016669756,0.98232301035));
#936 = VECTOR('',#937,1.);
#937 = DIRECTION('',(-0.8930209185,0.450015154324));
#938 = ( GEOMETRIC_REPRESENTATION_CONTEXT(2) 
PARAMETRIC_REPRESENTATION_CONTEXT() REPRESENTATION_CONTEXT('2D SPACE',''
  ) );
#939 = PCURVE('',#940,#945);
#940 = PLANE('',#941);
#941 = AXIS2_PLACEMENT_3D('',#942,#943,#944);
#942 = CARTESIAN_POINT('',(3.3,0.98232301035,0.495016669756));
#943 = DIRECTION('',(0.,-0.8930209185,-0.450015154324));
#944 = DIRECTION('',(0.,0.450015154324,-0.8930209185));
#945 = DEFINITIONAL_REPRESENTATION('',(#946),#950);
#946 = LINE('',#947,#948);
#947 = CARTESIAN_POINT('',(-4.957261925954E-17,-1.3));
#948 = VECTOR('',#949,1.);
#949 = DIRECTION('',(1.,0.));
#950 = ( GEOMETRIC_REPRESENTATION_CONTEXT(2) 
PARAMETRIC_REPRESENTATION_CONTEXT() REPRESENTATION_CONTEXT('2D SPACE',''
  ) );
#951 = ORIENTED_EDGE('',*,*,#952,.F.);
#952 = EDGE_CURVE('',#205,#925,#953,.T.);
#953 = SURFACE_CURVE('',#954,(#959,#966),.PCURVE_S1.);
#954 = CIRCLE('',#955,2.5);
#955 = AXIS2_PLACEMENT_3D('',#956,#957,#958);
#956 = CARTESIAN_POINT('',(2.,1.042425422862,5.908751918787));
#957 = DIRECTION('',(-1.,0.,0.));
#958 = DIRECTION('',(0.,0.,1.));
#959 = PCURVE('',#98,#960);
#960 = DEFINITIONAL_REPRESENTATION('',(#961),#965);
#961 = CIRCLE('',#962,2.5);
#962 = AXIS2_PLACEMENT_2D('',#963,#964);
#963 = CARTESIAN_POINT('',(5.908751918787,1.042425422862));
#964 = DIRECTION('',(1.,-2.22044604925E-16));
#965 = ( GEOMETRIC_REPRESENTATION_CONTEXT(2) 
PARAMETRIC_REPRESENTATION_CONTEXT() REPRESENTATION_CONTEXT('2D SPACE',''
  ) );
#966 = PCURVE('',#967,#972);
#967 = CYLINDRICAL_SURFACE('',#968,2.5);
#968 = AXIS2_PLACEMENT_3D('',#969,#970,#971);
#969 = CARTESIAN_POINT('',(3.3,1.042425422862,5.908751918787));
#970 = DIRECTION('',(-1.,-0.,-0.));
#971 = DIRECTION('',(0.,0.,1.));
#972 = DEFINITIONAL_REPRESENTATION('',(#973),#977);
#973 = LINE('',#974,#975);
#974 = CARTESIAN_POINT('',(0.,1.3));
#975 = VECTOR('',#976,1.);
#976 = DIRECTION('',(1.,0.));
#977 = ( GEOMETRIC_REPRESENTATION_CONTEXT(2) 
PARAMETRIC_REPRESENTATION_CONTEXT() REPRESENTATION_CONTEXT('2D SPACE',''
  ) );
#978 = ADVANCED_FACE('',(#979),#181,.F.);
#979 = FACE_BOUND('',#980,.F.);
#980 = EDGE_LOOP('',(#981,#1010,#1032,#1033));
#981 = ORIENTED_EDGE('',*,*,#982,.T.);
#982 = EDGE_CURVE('',#983,#983,#985,.T.);
#983 = VERTEX_POINT('',#984);
#984 = CARTESIAN_POINT('',(-1.49666295471,3.10862446895E-15,14.));
#985 = SURFACE_CURVE('',#986,(#991,#998),.PCURVE_S1.);
#986 = CIRCLE('',#987,14.);
#987 = AXIS2_PLACEMENT_3D('',#988,#989,#990);
#988 = CARTESIAN_POINT('',(-1.49666295471,0.,0.));
#989 = DIRECTION('',(-1.,0.,0.));
#990 = DIRECTION('',(0.,2.22044604925E-16,1.));
#991 = PCURVE('',#181,#992);
#992 = DEFINITIONAL_REPRESENTATION('',(#993),#997);
#993 = LINE('',#994,#995);
#994 = CARTESIAN_POINT('',(0.,1.637512475205));
#995 = VECTOR('',#996,1.);
#996 = DIRECTION('',(1.,0.));
#997 = ( GEOMETRIC_REPRESENTATION_CONTEXT(2) 
PARAMETRIC_REPRESENTATION_CONTEXT() REPRESENTATION_CONTEXT('2D SPACE',''
  ) );
#998 = PCURVE('',#999,#1004);
#999 = CYLINDRICAL_SURFACE('',#1000,14.);
#1000 = AXIS2_PLACEMENT_3D('',#1001,#1002,#1003);
#1001 = CARTESIAN_POINT('',(-2.965,0.,0.));
#1002 = DIRECTION('',(1.,0.,0.));
#1003 = DIRECTION('',(0.,2.22044604925E-16,1.));
#1004 = DEFINITIONAL_REPRESENTATION('',(#1005),#1009);
#1005 = LINE('',#1006,#1007);
#1006 = CARTESIAN_POINT('',(-0.,1.46833704529));
#1007 = VECTOR('',#1008,1.);
#1008 = DIRECTION('',(-1.,0.));
#1009 = ( GEOMETRIC_REPRESENTATION_CONTEXT(2) 
PARAMETRIC_REPRESENTATION_CONTEXT() REPRESENTATION_CONTEXT('2D SPACE',''
  ) );
#1010 = ORIENTED_EDGE('',*,*,#1011,.T.);
#1011 = EDGE_CURVE('',#983,#144,#1012,.T.);
#1012 = SEAM_CURVE('',#1013,(#1018,#1025),.PCURVE_S1.);
#1013 = CIRCLE('',#1014,1.5);
#1014 = AXIS2_PLACEMENT_3D('',#1015,#1016,#1017);
#1015 = CARTESIAN_POINT('',(0.,3.130828929443E-15,14.1));
#1016 = DIRECTION('',(0.,-1.,2.22044604925E-16));
#1017 = DIRECTION('',(1.,0.,0.));
#1018 = PCURVE('',#181,#1019);
#1019 = DEFINITIONAL_REPRESENTATION('',(#1020),#1024);
#1020 = LINE('',#1021,#1022);
#1021 = CARTESIAN_POINT('',(0.,-1.570796326795));
#1022 = VECTOR('',#1023,1.);
#1023 = DIRECTION('',(0.,1.));
#1024 = ( GEOMETRIC_REPRESENTATION_CONTEXT(2) 
PARAMETRIC_REPRESENTATION_CONTEXT() REPRESENTATION_CONTEXT('2D SPACE',''
  ) );
#1025 = PCURVE('',#181,#1026);
#1026 = DEFINITIONAL_REPRESENTATION('',(#1027),#1031);
#1027 = LINE('',#1028,#1029);
#1028 = CARTESIAN_POINT('',(6.28318530718,-1.570796326795));
#1029 = VECTOR('',#1030,1.);
#1030 = DIRECTION('',(0.,1.));
#1031 = ( GEOMETRIC_REPRESENTATION_CONTEXT(2) 
PARAMETRIC_REPRESENTATION_CONTEXT() REPRESENTATION_CONTEXT('2D SPACE',''
  ) );
#1032 = ORIENTED_EDGE('',*,*,#166,.F.);
#1033 = ORIENTED_EDGE('',*,*,#1011,.F.);
#1034 = ADVANCED_FACE('',(#1035),#221,.T.);
#1035 = FACE_BOUND('',#1036,.F.);
#1036 = EDGE_LOOP('',(#1037,#1060,#1061,#1089));
#1037 = ORIENTED_EDGE('',*,*,#1038,.F.);
#1038 = EDGE_CURVE('',#203,#1039,#1041,.T.);
#1039 = VERTEX_POINT('',#1040);
#1040 = CARTESIAN_POINT('',(3.,7.771561172376E-16,3.5));
#1041 = SURFACE_CURVE('',#1042,(#1046,#1053),.PCURVE_S1.);
#1042 = LINE('',#1043,#1044);
#1043 = CARTESIAN_POINT('',(2.,7.771561172376E-16,3.5));
#1044 = VECTOR('',#1045,1.);
#1045 = DIRECTION('',(1.,0.,0.));
#1046 = PCURVE('',#221,#1047);
#1047 = DEFINITIONAL_REPRESENTATION('',(#1048),#1052);
#1048 = LINE('',#1049,#1050);
#1049 = CARTESIAN_POINT('',(-0.,0.));
#1050 = VECTOR('',#1051,1.);
#1051 = DIRECTION('',(-0.,1.));
#1052 = ( GEOMETRIC_REPRESENTATION_CONTEXT(2) 
PARAMETRIC_REPRESENTATION_CONTEXT() REPRESENTATION_CONTEXT('2D SPACE',''
  ) );
#1053 = PCURVE('',#250,#1054);
#1054 = DEFINITIONAL_REPRESENTATION('',(#1055),#1059);
#1055 = LINE('',#1056,#1057);
#1056 = CARTESIAN_POINT('',(-6.28318530718,0.));
#1057 = VECTOR('',#1058,1.);
#1058 = DIRECTION('',(-0.,1.));
#1059 = ( GEOMETRIC_REPRESENTATION_CONTEXT(2) 
PARAMETRIC_REPRESENTATION_CONTEXT() REPRESENTATION_CONTEXT('2D SPACE',''
  ) );
#1060 = ORIENTED_EDGE('',*,*,#202,.T.);
#1061 = ORIENTED_EDGE('',*,*,#1062,.F.);
#1062 = EDGE_CURVE('',#1063,#205,#1065,.T.);
#1063 = VERTEX_POINT('',#1064);
#1064 = CARTESIAN_POINT('',(3.,0.60808149667,3.446771952626));
#1065 = SURFACE_CURVE('',#1066,(#1070,#1077),.PCURVE_S1.);
#1066 = LINE('',#1067,#1068);
#1067 = CARTESIAN_POINT('',(3.3,0.60808149667,3.446771952626));
#1068 = VECTOR('',#1069,1.);
#1069 = DIRECTION('',(-1.,-0.,-0.));
#1070 = PCURVE('',#221,#1071);
#1071 = DEFINITIONAL_REPRESENTATION('',(#1072),#1076);
#1072 = LINE('',#1073,#1074);
#1073 = CARTESIAN_POINT('',(-0.174623697764,1.3));
#1074 = VECTOR('',#1075,1.);
#1075 = DIRECTION('',(-0.,-1.));
#1076 = ( GEOMETRIC_REPRESENTATION_CONTEXT(2) 
PARAMETRIC_REPRESENTATION_CONTEXT() REPRESENTATION_CONTEXT('2D SPACE',''
  ) );
#1077 = PCURVE('',#1078,#1083);
#1078 = CYLINDRICAL_SURFACE('',#1079,3.5);
#1079 = AXIS2_PLACEMENT_3D('',#1080,#1081,#1082);
#1080 = CARTESIAN_POINT('',(-3.3,0.,0.));
#1081 = DIRECTION('',(1.,0.,0.));
#1082 = DIRECTION('',(0.,0.,-1.));
#1083 = DEFINITIONAL_REPRESENTATION('',(#1084),#1088);
#1084 = LINE('',#1085,#1086);
#1085 = CARTESIAN_POINT('',(2.966968955826,6.6));
#1086 = VECTOR('',#1087,1.);
#1087 = DIRECTION('',(0.,-1.));
#1088 = ( GEOMETRIC_REPRESENTATION_CONTEXT(2) 
PARAMETRIC_REPRESENTATION_CONTEXT() REPRESENTATION_CONTEXT('2D SPACE',''
  ) );
#1089 = ORIENTED_EDGE('',*,*,#1090,.T.);
#1090 = EDGE_CURVE('',#1063,#1039,#1091,.T.);
#1091 = SURFACE_CURVE('',#1092,(#1097,#1104),.PCURVE_S1.);
#1092 = CIRCLE('',#1093,3.5);
#1093 = AXIS2_PLACEMENT_3D('',#1094,#1095,#1096);
#1094 = CARTESIAN_POINT('',(3.,0.,0.));
#1095 = DIRECTION('',(1.,0.,-0.));
#1096 = DIRECTION('',(0.,2.22044604925E-16,1.));
#1097 = PCURVE('',#221,#1098);
#1098 = DEFINITIONAL_REPRESENTATION('',(#1099),#1103);
#1099 = LINE('',#1100,#1101);
#1100 = CARTESIAN_POINT('',(-6.28318530718,1.));
#1101 = VECTOR('',#1102,1.);
#1102 = DIRECTION('',(1.,-0.));
#1103 = ( GEOMETRIC_REPRESENTATION_CONTEXT(2) 
PARAMETRIC_REPRESENTATION_CONTEXT() REPRESENTATION_CONTEXT('2D SPACE',''
  ) );
#1104 = PCURVE('',#1105,#1110);
#1105 = PLANE('',#1106);
#1106 = AXIS2_PLACEMENT_3D('',#1107,#1108,#1109);
#1107 = CARTESIAN_POINT('',(3.,0.,0.));
#1108 = DIRECTION('',(-1.,-0.,-0.));
#1109 = DIRECTION('',(0.,2.22044604925E-16,1.));
#1110 = DEFINITIONAL_REPRESENTATION('',(#1111),#1119);
#1111 = ( BOUNDED_CURVE() B_SPLINE_CURVE(2,(#1112,#1113,#1114,#1115,
#1116,#1117,#1118),.UNSPECIFIED.,.T.,.F.) B_SPLINE_CURVE_WITH_KNOTS((1,2
    ,2,2,2,1),(-2.094395102393,0.,2.094395102393,4.188790204786,
6.28318530718,8.377580409573),.UNSPECIFIED.) CURVE() 
GEOMETRIC_REPRESENTATION_ITEM() RATIONAL_B_SPLINE_CURVE((1.,0.5,1.,0.5,
1.,0.5,1.)) REPRESENTATION_ITEM('') );
#1112 = CARTESIAN_POINT('',(3.5,0.));
#1113 = CARTESIAN_POINT('',(3.5,-6.062177826491));
#1114 = CARTESIAN_POINT('',(-1.75,-3.031088913246));
#1115 = CARTESIAN_POINT('',(-7.,-8.572527594031E-16));
#1116 = CARTESIAN_POINT('',(-1.75,3.031088913246));
#1117 = CARTESIAN_POINT('',(3.5,6.062177826491));
#1118 = CARTESIAN_POINT('',(3.5,0.));
#1119 = ( GEOMETRIC_REPRESENTATION_CONTEXT(2) 
PARAMETRIC_REPRESENTATION_CONTEXT() REPRESENTATION_CONTEXT('2D SPACE',''
  ) );
#1120 = ADVANCED_FACE('',(#1121),#967,.F.);
#1121 = FACE_BOUND('',#1122,.F.);
#1122 = EDGE_LOOP('',(#1123,#1151,#1152,#1175));
#1123 = ORIENTED_EDGE('',*,*,#1124,.F.);
#1124 = EDGE_CURVE('',#205,#1125,#1127,.T.);
#1125 = VERTEX_POINT('',#1126);
#1126 = CARTESIAN_POINT('',(-2.,0.60808149667,3.446771952626));
#1127 = SURFACE_CURVE('',#1128,(#1132,#1139),.PCURVE_S1.);
#1128 = LINE('',#1129,#1130);
#1129 = CARTESIAN_POINT('',(3.3,0.60808149667,3.446771952626));
#1130 = VECTOR('',#1131,1.);
#1131 = DIRECTION('',(-1.,-0.,-0.));
#1132 = PCURVE('',#967,#1133);
#1133 = DEFINITIONAL_REPRESENTATION('',(#1134),#1138);
#1134 = LINE('',#1135,#1136);
#1135 = CARTESIAN_POINT('',(3.316216351354,0.));
#1136 = VECTOR('',#1137,1.);
#1137 = DIRECTION('',(0.,1.));
#1138 = ( GEOMETRIC_REPRESENTATION_CONTEXT(2) 
PARAMETRIC_REPRESENTATION_CONTEXT() REPRESENTATION_CONTEXT('2D SPACE',''
  ) );
#1139 = PCURVE('',#1140,#1145);
#1140 = CYLINDRICAL_SURFACE('',#1141,3.5);
#1141 = AXIS2_PLACEMENT_3D('',#1142,#1143,#1144);
#1142 = CARTESIAN_POINT('',(-3.3,0.,0.));
#1143 = DIRECTION('',(1.,0.,0.));
#1144 = DIRECTION('',(0.,0.,-1.));
#1145 = DEFINITIONAL_REPRESENTATION('',(#1146),#1150);
#1146 = LINE('',#1147,#1148);
#1147 = CARTESIAN_POINT('',(2.966968955826,6.6));
#1148 = VECTOR('',#1149,1.);
#1149 = DIRECTION('',(0.,-1.));
#1150 = ( GEOMETRIC_REPRESENTATION_CONTEXT(2) 
PARAMETRIC_REPRESENTATION_CONTEXT() REPRESENTATION_CONTEXT('2D SPACE',''
  ) );
#1151 = ORIENTED_EDGE('',*,*,#952,.T.);
#1152 = ORIENTED_EDGE('',*,*,#1153,.T.);
#1153 = EDGE_CURVE('',#925,#1154,#1156,.T.);
#1154 = VERTEX_POINT('',#1155);
#1155 = CARTESIAN_POINT('',(-2.,-1.080290949624,4.588117525029));
#1156 = SURFACE_CURVE('',#1157,(#1161,#1168),.PCURVE_S1.);
#1157 = LINE('',#1158,#1159);
#1158 = CARTESIAN_POINT('',(3.3,-1.080290949624,4.588117525029));
#1159 = VECTOR('',#1160,1.);
#1160 = DIRECTION('',(-1.,-0.,-0.));
#1161 = PCURVE('',#967,#1162);
#1162 = DEFINITIONAL_REPRESENTATION('',(#1163),#1167);
#1163 = LINE('',#1164,#1165);
#1164 = CARTESIAN_POINT('',(4.155846346982,0.));
#1165 = VECTOR('',#1166,1.);
#1166 = DIRECTION('',(0.,1.));
#1167 = ( GEOMETRIC_REPRESENTATION_CONTEXT(2) 
PARAMETRIC_REPRESENTATION_CONTEXT() REPRESENTATION_CONTEXT('2D SPACE',''
  ) );
#1168 = PCURVE('',#940,#1169);
#1169 = DEFINITIONAL_REPRESENTATION('',(#1170),#1174);
#1170 = LINE('',#1171,#1172);
#1171 = CARTESIAN_POINT('',(-4.583432224798,0.));
#1172 = VECTOR('',#1173,1.);
#1173 = DIRECTION('',(0.,-1.));
#1174 = ( GEOMETRIC_REPRESENTATION_CONTEXT(2) 
PARAMETRIC_REPRESENTATION_CONTEXT() REPRESENTATION_CONTEXT('2D SPACE',''
  ) );
#1175 = ORIENTED_EDGE('',*,*,#1176,.F.);
#1176 = EDGE_CURVE('',#1125,#1154,#1177,.T.);
#1177 = SURFACE_CURVE('',#1178,(#1183,#1190),.PCURVE_S1.);
#1178 = CIRCLE('',#1179,2.5);
#1179 = AXIS2_PLACEMENT_3D('',#1180,#1181,#1182);
#1180 = CARTESIAN_POINT('',(-2.,1.042425422862,5.908751918787));
#1181 = DIRECTION('',(-1.,0.,0.));
#1182 = DIRECTION('',(0.,0.,1.));
#1183 = PCURVE('',#967,#1184);
#1184 = DEFINITIONAL_REPRESENTATION('',(#1185),#1189);
#1185 = LINE('',#1186,#1187);
#1186 = CARTESIAN_POINT('',(0.,5.3));
#1187 = VECTOR('',#1188,1.);
#1188 = DIRECTION('',(1.,0.));
#1189 = ( GEOMETRIC_REPRESENTATION_CONTEXT(2) 
PARAMETRIC_REPRESENTATION_CONTEXT() REPRESENTATION_CONTEXT('2D SPACE',''
  ) );
#1190 = PCURVE('',#1191,#1196);
#1191 = PLANE('',#1192);
#1192 = AXIS2_PLACEMENT_3D('',#1193,#1194,#1195);
#1193 = CARTESIAN_POINT('',(-2.,0.,0.));
#1194 = DIRECTION('',(-1.,-0.,-0.));
#1195 = DIRECTION('',(-0.,2.22044604925E-16,1.));
#1196 = DEFINITIONAL_REPRESENTATION('',(#1197),#1201);
#1197 = CIRCLE('',#1198,2.5);
#1198 = AXIS2_PLACEMENT_2D('',#1199,#1200);
#1199 = CARTESIAN_POINT('',(5.908751918787,1.042425422862));
#1200 = DIRECTION('',(1.,-2.22044604925E-16));
#1201 = ( GEOMETRIC_REPRESENTATION_CONTEXT(2) 
PARAMETRIC_REPRESENTATION_CONTEXT() REPRESENTATION_CONTEXT('2D SPACE',''
  ) );
#1202 = ADVANCED_FACE('',(#1203),#940,.F.);
#1203 = FACE_BOUND('',#1204,.F.);
#1204 = EDGE_LOOP('',(#1205,#1228,#1229,#1230));
#1205 = ORIENTED_EDGE('',*,*,#1206,.F.);
#1206 = EDGE_CURVE('',#1154,#1207,#1209,.T.);
#1207 = VERTEX_POINT('',#1208);
#1208 = CARTESIAN_POINT('',(-2.,-2.702963884811,7.808188807257));
#1209 = SURFACE_CURVE('',#1210,(#1214,#1221),.PCURVE_S1.);
#1210 = LINE('',#1211,#1212);
#1211 = CARTESIAN_POINT('',(-2.,0.98232301035,0.495016669756));
#1212 = VECTOR('',#1213,1.);
#1213 = DIRECTION('',(0.,-0.450015154324,0.8930209185));
#1214 = PCURVE('',#940,#1215);
#1215 = DEFINITIONAL_REPRESENTATION('',(#1216),#1220);
#1216 = LINE('',#1217,#1218);
#1217 = CARTESIAN_POINT('',(-4.957261925954E-17,-5.3));
#1218 = VECTOR('',#1219,1.);
#1219 = DIRECTION('',(-1.,0.));
#1220 = ( GEOMETRIC_REPRESENTATION_CONTEXT(2) 
PARAMETRIC_REPRESENTATION_CONTEXT() REPRESENTATION_CONTEXT('2D SPACE',''
  ) );
#1221 = PCURVE('',#1191,#1222);
#1222 = DEFINITIONAL_REPRESENTATION('',(#1223),#1227);
#1223 = LINE('',#1224,#1225);
#1224 = CARTESIAN_POINT('',(0.495016669756,0.98232301035));
#1225 = VECTOR('',#1226,1.);
#1226 = DIRECTION('',(0.8930209185,-0.450015154324));
#1227 = ( GEOMETRIC_REPRESENTATION_CONTEXT(2) 
PARAMETRIC_REPRESENTATION_CONTEXT() REPRESENTATION_CONTEXT('2D SPACE',''
  ) );
#1228 = ORIENTED_EDGE('',*,*,#1153,.F.);
#1229 = ORIENTED_EDGE('',*,*,#924,.F.);
#1230 = ORIENTED_EDGE('',*,*,#1231,.T.);
#1231 = EDGE_CURVE('',#896,#1207,#1232,.T.);
#1232 = SURFACE_CURVE('',#1233,(#1237,#1244),.PCURVE_S1.);
#1233 = LINE('',#1234,#1235);
#1234 = CARTESIAN_POINT('',(3.3,-2.702963884811,7.808188807257));
#1235 = VECTOR('',#1236,1.);
#1236 = DIRECTION('',(-1.,-0.,-0.));
#1237 = PCURVE('',#940,#1238);
#1238 = DEFINITIONAL_REPRESENTATION('',(#1239),#1243);
#1239 = LINE('',#1240,#1241);
#1240 = CARTESIAN_POINT('',(-8.189250650235,0.));
#1241 = VECTOR('',#1242,1.);
#1242 = DIRECTION('',(0.,-1.));
#1243 = ( GEOMETRIC_REPRESENTATION_CONTEXT(2) 
PARAMETRIC_REPRESENTATION_CONTEXT() REPRESENTATION_CONTEXT('2D SPACE',''
  ) );
#1244 = PCURVE('',#912,#1245);
#1245 = DEFINITIONAL_REPRESENTATION('',(#1246),#1250);
#1246 = LINE('',#1247,#1248);
#1247 = CARTESIAN_POINT('',(4.24560667168,0.));
#1248 = VECTOR('',#1249,1.);
#1249 = DIRECTION('',(0.,1.));
#1250 = ( GEOMETRIC_REPRESENTATION_CONTEXT(2) 
PARAMETRIC_REPRESENTATION_CONTEXT() REPRESENTATION_CONTEXT('2D SPACE',''
  ) );
#1251 = ADVANCED_FACE('',(#1252),#912,.F.);
#1252 = FACE_BOUND('',#1253,.F.);
#1253 = EDGE_LOOP('',(#1254,#1255,#1256,#1279));
#1254 = ORIENTED_EDGE('',*,*,#1231,.F.);
#1255 = ORIENTED_EDGE('',*,*,#895,.T.);
#1256 = ORIENTED_EDGE('',*,*,#1257,.T.);
#1257 = EDGE_CURVE('',#867,#1258,#1260,.T.);
#1258 = VERTEX_POINT('',#1259);
#1259 = CARTESIAN_POINT('',(-2.,-0.949936544292,10.707946608095));
#1260 = SURFACE_CURVE('',#1261,(#1265,#1272),.PCURVE_S1.);
#1261 = LINE('',#1262,#1263);
#1262 = CARTESIAN_POINT('',(3.3,-0.949936544292,10.707946608095));
#1263 = VECTOR('',#1264,1.);
#1264 = DIRECTION('',(-1.,-0.,-0.));
#1265 = PCURVE('',#912,#1266);
#1266 = DEFINITIONAL_REPRESENTATION('',(#1267),#1271);
#1267 = LINE('',#1268,#1269);
#1268 = CARTESIAN_POINT('',(6.266677309172,0.));
#1269 = VECTOR('',#1270,1.);
#1270 = DIRECTION('',(0.,1.));
#1271 = ( GEOMETRIC_REPRESENTATION_CONTEXT(2) 
PARAMETRIC_REPRESENTATION_CONTEXT() REPRESENTATION_CONTEXT('2D SPACE',''
  ) );
#1272 = PCURVE('',#883,#1273);
#1273 = DEFINITIONAL_REPRESENTATION('',(#1274),#1278);
#1274 = LINE('',#1275,#1276);
#1275 = CARTESIAN_POINT('',(6.194703708558,0.));
#1276 = VECTOR('',#1277,1.);
#1277 = DIRECTION('',(0.,1.));
#1278 = ( GEOMETRIC_REPRESENTATION_CONTEXT(2) 
PARAMETRIC_REPRESENTATION_CONTEXT() REPRESENTATION_CONTEXT('2D SPACE',''
  ) );
#1279 = ORIENTED_EDGE('',*,*,#1280,.F.);
#1280 = EDGE_CURVE('',#1207,#1258,#1281,.T.);
#1281 = SURFACE_CURVE('',#1282,(#1287,#1294),.PCURVE_S1.);
#1282 = CIRCLE('',#1283,2.);
#1283 = AXIS2_PLACEMENT_3D('',#1284,#1285,#1286);
#1284 = CARTESIAN_POINT('',(-2.,-0.91692204781,8.708219115905));
#1285 = DIRECTION('',(-1.,0.,0.));
#1286 = DIRECTION('',(0.,0.,1.));
#1287 = PCURVE('',#912,#1288);
#1288 = DEFINITIONAL_REPRESENTATION('',(#1289),#1293);
#1289 = LINE('',#1290,#1291);
#1290 = CARTESIAN_POINT('',(0.,5.3));
#1291 = VECTOR('',#1292,1.);
#1292 = DIRECTION('',(1.,0.));
#1293 = ( GEOMETRIC_REPRESENTATION_CONTEXT(2) 
PARAMETRIC_REPRESENTATION_CONTEXT() REPRESENTATION_CONTEXT('2D SPACE',''
  ) );
#1294 = PCURVE('',#1191,#1295);
#1295 = DEFINITIONAL_REPRESENTATION('',(#1296),#1300);
#1296 = CIRCLE('',#1297,2.);
#1297 = AXIS2_PLACEMENT_2D('',#1298,#1299);
#1298 = CARTESIAN_POINT('',(8.708219115905,-0.91692204781));
#1299 = DIRECTION('',(1.,-2.22044604925E-16));
#1300 = ( GEOMETRIC_REPRESENTATION_CONTEXT(2) 
PARAMETRIC_REPRESENTATION_CONTEXT() REPRESENTATION_CONTEXT('2D SPACE',''
  ) );
#1301 = ADVANCED_FACE('',(#1302),#883,.F.);
#1302 = FACE_BOUND('',#1303,.F.);
#1303 = EDGE_LOOP('',(#1304,#1327,#1349,#1350));
#1304 = ORIENTED_EDGE('',*,*,#1305,.T.);
#1305 = EDGE_CURVE('',#838,#1306,#1308,.T.);
#1306 = VERTEX_POINT('',#1307);
#1307 = CARTESIAN_POINT('',(-2.,0.,10.75));
#1308 = SURFACE_CURVE('',#1309,(#1313,#1320),.PCURVE_S1.);
#1309 = LINE('',#1310,#1311);
#1310 = CARTESIAN_POINT('',(3.3,0.,10.75));
#1311 = VECTOR('',#1312,1.);
#1312 = DIRECTION('',(-1.,-0.,-0.));
#1313 = PCURVE('',#883,#1314);
#1314 = DEFINITIONAL_REPRESENTATION('',(#1315),#1319);
#1315 = LINE('',#1316,#1317);
#1316 = CARTESIAN_POINT('',(6.28318530718,0.));
#1317 = VECTOR('',#1318,1.);
#1318 = DIRECTION('',(0.,1.));
#1319 = ( GEOMETRIC_REPRESENTATION_CONTEXT(2) 
PARAMETRIC_REPRESENTATION_CONTEXT() REPRESENTATION_CONTEXT('2D SPACE',''
  ) );
#1320 = PCURVE('',#854,#1321);
#1321 = DEFINITIONAL_REPRESENTATION('',(#1322),#1326);
#1322 = LINE('',#1323,#1324);
#1323 = CARTESIAN_POINT('',(0.,0.));
#1324 = VECTOR('',#1325,1.);
#1325 = DIRECTION('',(0.,1.));
#1326 = ( GEOMETRIC_REPRESENTATION_CONTEXT(2) 
PARAMETRIC_REPRESENTATION_CONTEXT() REPRESENTATION_CONTEXT('2D SPACE',''
  ) );
#1327 = ORIENTED_EDGE('',*,*,#1328,.F.);
#1328 = EDGE_CURVE('',#1258,#1306,#1329,.T.);
#1329 = SURFACE_CURVE('',#1330,(#1335,#1342),.PCURVE_S1.);
#1330 = CIRCLE('',#1331,10.75);
#1331 = AXIS2_PLACEMENT_3D('',#1332,#1333,#1334);
#1332 = CARTESIAN_POINT('',(-2.,0.,0.));
#1333 = DIRECTION('',(-1.,0.,0.));
#1334 = DIRECTION('',(0.,0.,1.));
#1335 = PCURVE('',#883,#1336);
#1336 = DEFINITIONAL_REPRESENTATION('',(#1337),#1341);
#1337 = LINE('',#1338,#1339);
#1338 = CARTESIAN_POINT('',(0.,5.3));
#1339 = VECTOR('',#1340,1.);
#1340 = DIRECTION('',(1.,0.));
#1341 = ( GEOMETRIC_REPRESENTATION_CONTEXT(2) 
PARAMETRIC_REPRESENTATION_CONTEXT() REPRESENTATION_CONTEXT('2D SPACE',''
  ) );
#1342 = PCURVE('',#1191,#1343);
#1343 = DEFINITIONAL_REPRESENTATION('',(#1344),#1348);
#1344 = CIRCLE('',#1345,10.75);
#1345 = AXIS2_PLACEMENT_2D('',#1346,#1347);
#1346 = CARTESIAN_POINT('',(0.,0.));
#1347 = DIRECTION('',(1.,-2.22044604925E-16));
#1348 = ( GEOMETRIC_REPRESENTATION_CONTEXT(2) 
PARAMETRIC_REPRESENTATION_CONTEXT() REPRESENTATION_CONTEXT('2D SPACE',''
  ) );
#1349 = ORIENTED_EDGE('',*,*,#1257,.F.);
#1350 = ORIENTED_EDGE('',*,*,#866,.T.);
#1351 = ADVANCED_FACE('',(#1352),#854,.F.);
#1352 = FACE_BOUND('',#1353,.F.);
#1353 = EDGE_LOOP('',(#1354,#1355,#1378,#1400));
#1354 = ORIENTED_EDGE('',*,*,#837,.T.);
#1355 = ORIENTED_EDGE('',*,*,#1356,.T.);
#1356 = EDGE_CURVE('',#809,#1357,#1359,.T.);
#1357 = VERTEX_POINT('',#1358);
#1358 = CARTESIAN_POINT('',(-2.,9.748322057124,4.531304124708));
#1359 = SURFACE_CURVE('',#1360,(#1364,#1371),.PCURVE_S1.);
#1360 = LINE('',#1361,#1362);
#1361 = CARTESIAN_POINT('',(3.3,9.748322057124,4.531304124708));
#1362 = VECTOR('',#1363,1.);
#1363 = DIRECTION('',(-1.,-0.,-0.));
#1364 = PCURVE('',#854,#1365);
#1365 = DEFINITIONAL_REPRESENTATION('',(#1366),#1370);
#1366 = LINE('',#1367,#1368);
#1367 = CARTESIAN_POINT('',(1.135679149818,0.));
#1368 = VECTOR('',#1369,1.);
#1369 = DIRECTION('',(0.,1.));
#1370 = ( GEOMETRIC_REPRESENTATION_CONTEXT(2) 
PARAMETRIC_REPRESENTATION_CONTEXT() REPRESENTATION_CONTEXT('2D SPACE',''
  ) );
#1371 = PCURVE('',#825,#1372);
#1372 = DEFINITIONAL_REPRESENTATION('',(#1373),#1377);
#1373 = LINE('',#1374,#1375);
#1374 = CARTESIAN_POINT('',(1.063705549204,0.));
#1375 = VECTOR('',#1376,1.);
#1376 = DIRECTION('',(0.,1.));
#1377 = ( GEOMETRIC_REPRESENTATION_CONTEXT(2) 
PARAMETRIC_REPRESENTATION_CONTEXT() REPRESENTATION_CONTEXT('2D SPACE',''
  ) );
#1378 = ORIENTED_EDGE('',*,*,#1379,.F.);
#1379 = EDGE_CURVE('',#1306,#1357,#1380,.T.);
#1380 = SURFACE_CURVE('',#1381,(#1386,#1393),.PCURVE_S1.);
#1381 = CIRCLE('',#1382,10.75);
#1382 = AXIS2_PLACEMENT_3D('',#1383,#1384,#1385);
#1383 = CARTESIAN_POINT('',(-2.,0.,0.));
#1384 = DIRECTION('',(-1.,0.,0.));
#1385 = DIRECTION('',(0.,0.,1.));
#1386 = PCURVE('',#854,#1387);
#1387 = DEFINITIONAL_REPRESENTATION('',(#1388),#1392);
#1388 = LINE('',#1389,#1390);
#1389 = CARTESIAN_POINT('',(0.,5.3));
#1390 = VECTOR('',#1391,1.);
#1391 = DIRECTION('',(1.,0.));
#1392 = ( GEOMETRIC_REPRESENTATION_CONTEXT(2) 
PARAMETRIC_REPRESENTATION_CONTEXT() REPRESENTATION_CONTEXT('2D SPACE',''
  ) );
#1393 = PCURVE('',#1191,#1394);
#1394 = DEFINITIONAL_REPRESENTATION('',(#1395),#1399);
#1395 = CIRCLE('',#1396,10.75);
#1396 = AXIS2_PLACEMENT_2D('',#1397,#1398);
#1397 = CARTESIAN_POINT('',(0.,0.));
#1398 = DIRECTION('',(1.,-2.22044604925E-16));
#1399 = ( GEOMETRIC_REPRESENTATION_CONTEXT(2) 
PARAMETRIC_REPRESENTATION_CONTEXT() REPRESENTATION_CONTEXT('2D SPACE',''
  ) );
#1400 = ORIENTED_EDGE('',*,*,#1305,.F.);
#1401 = ADVANCED_FACE('',(#1402),#825,.F.);
#1402 = FACE_BOUND('',#1403,.F.);
#1403 = EDGE_LOOP('',(#1404,#1405,#1406,#1429));
#1404 = ORIENTED_EDGE('',*,*,#1356,.F.);
#1405 = ORIENTED_EDGE('',*,*,#808,.T.);
#1406 = ORIENTED_EDGE('',*,*,#1407,.T.);
#1407 = EDGE_CURVE('',#781,#1408,#1410,.T.);
#1408 = VERTEX_POINT('',#1409);
#1409 = CARTESIAN_POINT('',(-2.,8.113571807036,1.563259013871));
#1410 = SURFACE_CURVE('',#1411,(#1415,#1422),.PCURVE_S1.);
#1411 = LINE('',#1412,#1413);
#1412 = CARTESIAN_POINT('',(3.3,8.113571807036,1.563259013871));
#1413 = VECTOR('',#1414,1.);
#1414 = DIRECTION('',(-1.,-0.,-0.));
#1415 = PCURVE('',#825,#1416);
#1416 = DEFINITIONAL_REPRESENTATION('',(#1417),#1421);
#1417 = LINE('',#1418,#1419);
#1418 = CARTESIAN_POINT('',(3.084776186696,0.));
#1419 = VECTOR('',#1420,1.);
#1420 = DIRECTION('',(0.,1.));
#1421 = ( GEOMETRIC_REPRESENTATION_CONTEXT(2) 
PARAMETRIC_REPRESENTATION_CONTEXT() REPRESENTATION_CONTEXT('2D SPACE',''
  ) );
#1422 = PCURVE('',#796,#1423);
#1423 = DEFINITIONAL_REPRESENTATION('',(#1424),#1428);
#1424 = LINE('',#1425,#1426);
#1425 = CARTESIAN_POINT('',(-8.189250650235,0.));
#1426 = VECTOR('',#1427,1.);
#1427 = DIRECTION('',(0.,-1.));
#1428 = ( GEOMETRIC_REPRESENTATION_CONTEXT(2) 
PARAMETRIC_REPRESENTATION_CONTEXT() REPRESENTATION_CONTEXT('2D SPACE',''
  ) );
#1429 = ORIENTED_EDGE('',*,*,#1430,.F.);
#1430 = EDGE_CURVE('',#1357,#1408,#1431,.T.);
#1431 = SURFACE_CURVE('',#1432,(#1437,#1444),.PCURVE_S1.);
#1432 = CIRCLE('',#1433,2.);
#1433 = AXIS2_PLACEMENT_3D('',#1434,#1435,#1436);
#1434 = CARTESIAN_POINT('',(-2.,8.,3.560031771259));
#1435 = DIRECTION('',(-1.,0.,0.));
#1436 = DIRECTION('',(0.,0.,1.));
#1437 = PCURVE('',#825,#1438);
#1438 = DEFINITIONAL_REPRESENTATION('',(#1439),#1443);
#1439 = LINE('',#1440,#1441);
#1440 = CARTESIAN_POINT('',(0.,5.3));
#1441 = VECTOR('',#1442,1.);
#1442 = DIRECTION('',(1.,0.));
#1443 = ( GEOMETRIC_REPRESENTATION_CONTEXT(2) 
PARAMETRIC_REPRESENTATION_CONTEXT() REPRESENTATION_CONTEXT('2D SPACE',''
  ) );
#1444 = PCURVE('',#1191,#1445);
#1445 = DEFINITIONAL_REPRESENTATION('',(#1446),#1450);
#1446 = CIRCLE('',#1447,2.);
#1447 = AXIS2_PLACEMENT_2D('',#1448,#1449);
#1448 = CARTESIAN_POINT('',(3.560031771259,8.));
#1449 = DIRECTION('',(1.,-2.22044604925E-16));
#1450 = ( GEOMETRIC_REPRESENTATION_CONTEXT(2) 
PARAMETRIC_REPRESENTATION_CONTEXT() REPRESENTATION_CONTEXT('2D SPACE',''
  ) );
#1451 = ADVANCED_FACE('',(#1452),#796,.T.);
#1452 = FACE_BOUND('',#1453,.T.);
#1453 = EDGE_LOOP('',(#1454,#1477,#1498,#1499));
#1454 = ORIENTED_EDGE('',*,*,#1455,.F.);
#1455 = EDGE_CURVE('',#1456,#1408,#1458,.T.);
#1456 = VERTEX_POINT('',#1457);
#1457 = CARTESIAN_POINT('',(-2.,4.513571807036,1.358499356661));
#1458 = SURFACE_CURVE('',#1459,(#1463,#1470),.PCURVE_S1.);
#1459 = LINE('',#1460,#1461);
#1460 = CARTESIAN_POINT('',(-2.,-6.246449386959E-02,1.098225016563));
#1461 = VECTOR('',#1462,1.);
#1462 = DIRECTION('',(0.,0.998386378694,5.678590351781E-02));
#1463 = PCURVE('',#796,#1464);
#1464 = DEFINITIONAL_REPRESENTATION('',(#1465),#1469);
#1465 = LINE('',#1466,#1467);
#1466 = CARTESIAN_POINT('',(-0.,-5.3));
#1467 = VECTOR('',#1468,1.);
#1468 = DIRECTION('',(-1.,0.));
#1469 = ( GEOMETRIC_REPRESENTATION_CONTEXT(2) 
PARAMETRIC_REPRESENTATION_CONTEXT() REPRESENTATION_CONTEXT('2D SPACE',''
  ) );
#1470 = PCURVE('',#1191,#1471);
#1471 = DEFINITIONAL_REPRESENTATION('',(#1472),#1476);
#1472 = LINE('',#1473,#1474);
#1473 = CARTESIAN_POINT('',(1.098225016563,-6.246449386959E-02));
#1474 = VECTOR('',#1475,1.);
#1475 = DIRECTION('',(5.678590351781E-02,0.998386378694));
#1476 = ( GEOMETRIC_REPRESENTATION_CONTEXT(2) 
PARAMETRIC_REPRESENTATION_CONTEXT() REPRESENTATION_CONTEXT('2D SPACE',''
  ) );
#1477 = ORIENTED_EDGE('',*,*,#1478,.F.);
#1478 = EDGE_CURVE('',#752,#1456,#1479,.T.);
#1479 = SURFACE_CURVE('',#1480,(#1484,#1491),.PCURVE_S1.);
#1480 = LINE('',#1481,#1482);
#1481 = CARTESIAN_POINT('',(3.3,4.513571807036,1.358499356661));
#1482 = VECTOR('',#1483,1.);
#1483 = DIRECTION('',(-1.,-0.,-0.));
#1484 = PCURVE('',#796,#1485);
#1485 = DEFINITIONAL_REPRESENTATION('',(#1486),#1490);
#1486 = LINE('',#1487,#1488);
#1487 = CARTESIAN_POINT('',(-4.583432224798,0.));
#1488 = VECTOR('',#1489,1.);
#1489 = DIRECTION('',(0.,-1.));
#1490 = ( GEOMETRIC_REPRESENTATION_CONTEXT(2) 
PARAMETRIC_REPRESENTATION_CONTEXT() REPRESENTATION_CONTEXT('2D SPACE',''
  ) );
#1491 = PCURVE('',#768,#1492);
#1492 = DEFINITIONAL_REPRESENTATION('',(#1493),#1497);
#1493 = LINE('',#1494,#1495);
#1494 = CARTESIAN_POINT('',(3.174536511394,0.));
#1495 = VECTOR('',#1496,1.);
#1496 = DIRECTION('',(0.,1.));
#1497 = ( GEOMETRIC_REPRESENTATION_CONTEXT(2) 
PARAMETRIC_REPRESENTATION_CONTEXT() REPRESENTATION_CONTEXT('2D SPACE',''
  ) );
#1498 = ORIENTED_EDGE('',*,*,#780,.F.);
#1499 = ORIENTED_EDGE('',*,*,#1407,.T.);
#1500 = ADVANCED_FACE('',(#1501),#768,.F.);
#1501 = FACE_BOUND('',#1502,.F.);
#1502 = EDGE_LOOP('',(#1503,#1504,#1505,#1528));
#1503 = ORIENTED_EDGE('',*,*,#1478,.F.);
#1504 = ORIENTED_EDGE('',*,*,#751,.T.);
#1505 = ORIENTED_EDGE('',*,*,#1506,.T.);
#1506 = EDGE_CURVE('',#723,#1507,#1509,.T.);
#1507 = VERTEX_POINT('',#1508);
#1508 = CARTESIAN_POINT('',(-2.,2.680951323691,2.25));
#1509 = SURFACE_CURVE('',#1510,(#1514,#1521),.PCURVE_S1.);
#1510 = LINE('',#1511,#1512);
#1511 = CARTESIAN_POINT('',(3.3,2.680951323691,2.25));
#1512 = VECTOR('',#1513,1.);
#1513 = DIRECTION('',(-1.,-0.,-0.));
#1514 = PCURVE('',#768,#1515);
#1515 = DEFINITIONAL_REPRESENTATION('',(#1516),#1520);
#1516 = LINE('',#1517,#1518);
#1517 = CARTESIAN_POINT('',(4.014166507022,0.));
#1518 = VECTOR('',#1519,1.);
#1519 = DIRECTION('',(0.,1.));
#1520 = ( GEOMETRIC_REPRESENTATION_CONTEXT(2) 
PARAMETRIC_REPRESENTATION_CONTEXT() REPRESENTATION_CONTEXT('2D SPACE',''
  ) );
#1521 = PCURVE('',#1140,#1522);
#1522 = DEFINITIONAL_REPRESENTATION('',(#1523),#1527);
#1523 = LINE('',#1524,#1525);
#1524 = CARTESIAN_POINT('',(2.269018800157,6.6));
#1525 = VECTOR('',#1526,1.);
#1526 = DIRECTION('',(0.,-1.));
#1527 = ( GEOMETRIC_REPRESENTATION_CONTEXT(2) 
PARAMETRIC_REPRESENTATION_CONTEXT() REPRESENTATION_CONTEXT('2D SPACE',''
  ) );
#1528 = ORIENTED_EDGE('',*,*,#1529,.F.);
#1529 = EDGE_CURVE('',#1456,#1507,#1530,.T.);
#1530 = SURFACE_CURVE('',#1531,(#1536,#1543),.PCURVE_S1.);
#1531 = CIRCLE('',#1532,2.5);
#1532 = AXIS2_PLACEMENT_3D('',#1533,#1534,#1535);
#1533 = CARTESIAN_POINT('',(-2.,4.595916554899,3.857142857143));
#1534 = DIRECTION('',(-1.,0.,0.));
#1535 = DIRECTION('',(0.,0.,1.));
#1536 = PCURVE('',#768,#1537);
#1537 = DEFINITIONAL_REPRESENTATION('',(#1538),#1542);
#1538 = LINE('',#1539,#1540);
#1539 = CARTESIAN_POINT('',(0.,5.3));
#1540 = VECTOR('',#1541,1.);
#1541 = DIRECTION('',(1.,0.));
#1542 = ( GEOMETRIC_REPRESENTATION_CONTEXT(2) 
PARAMETRIC_REPRESENTATION_CONTEXT() REPRESENTATION_CONTEXT('2D SPACE',''
  ) );
#1543 = PCURVE('',#1191,#1544);
#1544 = DEFINITIONAL_REPRESENTATION('',(#1545),#1549);
#1545 = CIRCLE('',#1546,2.5);
#1546 = AXIS2_PLACEMENT_2D('',#1547,#1548);
#1547 = CARTESIAN_POINT('',(3.857142857143,4.595916554899));
#1548 = DIRECTION('',(1.,-2.22044604925E-16));
#1549 = ( GEOMETRIC_REPRESENTATION_CONTEXT(2) 
PARAMETRIC_REPRESENTATION_CONTEXT() REPRESENTATION_CONTEXT('2D SPACE',''
  ) );
#1550 = ADVANCED_FACE('',(#1551),#739,.T.);
#1551 = FACE_BOUND('',#1552,.F.);
#1552 = EDGE_LOOP('',(#1553,#1576,#1577,#1605));
#1553 = ORIENTED_EDGE('',*,*,#1554,.T.);
#1554 = EDGE_CURVE('',#1555,#723,#1557,.T.);
#1555 = VERTEX_POINT('',#1556);
#1556 = CARTESIAN_POINT('',(3.,2.680951323691,2.25));
#1557 = SURFACE_CURVE('',#1558,(#1562,#1569),.PCURVE_S1.);
#1558 = LINE('',#1559,#1560);
#1559 = CARTESIAN_POINT('',(3.3,2.680951323691,2.25));
#1560 = VECTOR('',#1561,1.);
#1561 = DIRECTION('',(-1.,-0.,-0.));
#1562 = PCURVE('',#739,#1563);
#1563 = DEFINITIONAL_REPRESENTATION('',(#1564),#1568);
#1564 = LINE('',#1565,#1566);
#1565 = CARTESIAN_POINT('',(-0.872573853432,1.3));
#1566 = VECTOR('',#1567,1.);
#1567 = DIRECTION('',(-0.,-1.));
#1568 = ( GEOMETRIC_REPRESENTATION_CONTEXT(2) 
PARAMETRIC_REPRESENTATION_CONTEXT() REPRESENTATION_CONTEXT('2D SPACE',''
  ) );
#1569 = PCURVE('',#1078,#1570);
#1570 = DEFINITIONAL_REPRESENTATION('',(#1571),#1575);
#1571 = LINE('',#1572,#1573);
#1572 = CARTESIAN_POINT('',(2.269018800157,6.6));
#1573 = VECTOR('',#1574,1.);
#1574 = DIRECTION('',(0.,-1.));
#1575 = ( GEOMETRIC_REPRESENTATION_CONTEXT(2) 
PARAMETRIC_REPRESENTATION_CONTEXT() REPRESENTATION_CONTEXT('2D SPACE',''
  ) );
#1576 = ORIENTED_EDGE('',*,*,#722,.T.);
#1577 = ORIENTED_EDGE('',*,*,#1578,.F.);
#1578 = EDGE_CURVE('',#1579,#694,#1581,.T.);
#1579 = VERTEX_POINT('',#1580);
#1580 = CARTESIAN_POINT('',(3.,2.680951323691,-2.25));
#1581 = SURFACE_CURVE('',#1582,(#1586,#1593),.PCURVE_S1.);
#1582 = LINE('',#1583,#1584);
#1583 = CARTESIAN_POINT('',(3.3,2.680951323691,-2.25));
#1584 = VECTOR('',#1585,1.);
#1585 = DIRECTION('',(-1.,-0.,-0.));
#1586 = PCURVE('',#739,#1587);
#1587 = DEFINITIONAL_REPRESENTATION('',(#1588),#1592);
#1588 = LINE('',#1589,#1590);
#1589 = CARTESIAN_POINT('',(-2.269018800157,1.3));
#1590 = VECTOR('',#1591,1.);
#1591 = DIRECTION('',(-0.,-1.));
#1592 = ( GEOMETRIC_REPRESENTATION_CONTEXT(2) 
PARAMETRIC_REPRESENTATION_CONTEXT() REPRESENTATION_CONTEXT('2D SPACE',''
  ) );
#1593 = PCURVE('',#1594,#1599);
#1594 = CYLINDRICAL_SURFACE('',#1595,3.5);
#1595 = AXIS2_PLACEMENT_3D('',#1596,#1597,#1598);
#1596 = CARTESIAN_POINT('',(-3.3,0.,0.));
#1597 = DIRECTION('',(1.,0.,0.));
#1598 = DIRECTION('',(0.,0.,-1.));
#1599 = DEFINITIONAL_REPRESENTATION('',(#1600),#1604);
#1600 = LINE('',#1601,#1602);
#1601 = CARTESIAN_POINT('',(0.872573853432,6.6));
#1602 = VECTOR('',#1603,1.);
#1603 = DIRECTION('',(0.,-1.));
#1604 = ( GEOMETRIC_REPRESENTATION_CONTEXT(2) 
PARAMETRIC_REPRESENTATION_CONTEXT() REPRESENTATION_CONTEXT('2D SPACE',''
  ) );
#1605 = ORIENTED_EDGE('',*,*,#1606,.T.);
#1606 = EDGE_CURVE('',#1579,#1555,#1607,.T.);
#1607 = SURFACE_CURVE('',#1608,(#1613,#1620),.PCURVE_S1.);
#1608 = CIRCLE('',#1609,3.5);
#1609 = AXIS2_PLACEMENT_3D('',#1610,#1611,#1612);
#1610 = CARTESIAN_POINT('',(3.,0.,0.));
#1611 = DIRECTION('',(1.,0.,-0.));
#1612 = DIRECTION('',(0.,2.22044604925E-16,1.));
#1613 = PCURVE('',#739,#1614);
#1614 = DEFINITIONAL_REPRESENTATION('',(#1615),#1619);
#1615 = LINE('',#1616,#1617);
#1616 = CARTESIAN_POINT('',(-6.28318530718,1.));
#1617 = VECTOR('',#1618,1.);
#1618 = DIRECTION('',(1.,-0.));
#1619 = ( GEOMETRIC_REPRESENTATION_CONTEXT(2) 
PARAMETRIC_REPRESENTATION_CONTEXT() REPRESENTATION_CONTEXT('2D SPACE',''
  ) );
#1620 = PCURVE('',#1105,#1621);
#1621 = DEFINITIONAL_REPRESENTATION('',(#1622),#1630);
#1622 = ( BOUNDED_CURVE() B_SPLINE_CURVE(2,(#1623,#1624,#1625,#1626,
#1627,#1628,#1629),.UNSPECIFIED.,.T.,.F.) B_SPLINE_CURVE_WITH_KNOTS((1,2
    ,2,2,2,1),(-2.094395102393,0.,2.094395102393,4.188790204786,
6.28318530718,8.377580409573),.UNSPECIFIED.) CURVE() 
GEOMETRIC_REPRESENTATION_ITEM() RATIONAL_B_SPLINE_CURVE((1.,0.5,1.,0.5,
1.,0.5,1.)) REPRESENTATION_ITEM('') );
#1623 = CARTESIAN_POINT('',(3.5,0.));
#1624 = CARTESIAN_POINT('',(3.5,-6.062177826491));
#1625 = CARTESIAN_POINT('',(-1.75,-3.031088913246));
#1626 = CARTESIAN_POINT('',(-7.,-8.572527594031E-16));
#1627 = CARTESIAN_POINT('',(-1.75,3.031088913246));
#1628 = CARTESIAN_POINT('',(3.5,6.062177826491));
#1629 = CARTESIAN_POINT('',(3.5,0.));
#1630 = ( GEOMETRIC_REPRESENTATION_CONTEXT(2) 
PARAMETRIC_REPRESENTATION_CONTEXT() REPRESENTATION_CONTEXT('2D SPACE',''
  ) );
#1631 = ADVANCED_FACE('',(#1632),#710,.F.);
#1632 = FACE_BOUND('',#1633,.F.);
#1633 = EDGE_LOOP('',(#1634,#1662,#1663,#1686));
#1634 = ORIENTED_EDGE('',*,*,#1635,.F.);
#1635 = EDGE_CURVE('',#694,#1636,#1638,.T.);
#1636 = VERTEX_POINT('',#1637);
#1637 = CARTESIAN_POINT('',(-2.,2.680951323691,-2.25));
#1638 = SURFACE_CURVE('',#1639,(#1643,#1650),.PCURVE_S1.);
#1639 = LINE('',#1640,#1641);
#1640 = CARTESIAN_POINT('',(3.3,2.680951323691,-2.25));
#1641 = VECTOR('',#1642,1.);
#1642 = DIRECTION('',(-1.,-0.,-0.));
#1643 = PCURVE('',#710,#1644);
#1644 = DEFINITIONAL_REPRESENTATION('',(#1645),#1649);
#1645 = LINE('',#1646,#1647);
#1646 = CARTESIAN_POINT('',(5.410611453747,0.));
#1647 = VECTOR('',#1648,1.);
#1648 = DIRECTION('',(0.,1.));
#1649 = ( GEOMETRIC_REPRESENTATION_CONTEXT(2) 
PARAMETRIC_REPRESENTATION_CONTEXT() REPRESENTATION_CONTEXT('2D SPACE',''
  ) );
#1650 = PCURVE('',#1651,#1656);
#1651 = CYLINDRICAL_SURFACE('',#1652,3.5);
#1652 = AXIS2_PLACEMENT_3D('',#1653,#1654,#1655);
#1653 = CARTESIAN_POINT('',(-3.3,0.,0.));
#1654 = DIRECTION('',(1.,0.,0.));
#1655 = DIRECTION('',(0.,0.,-1.));
#1656 = DEFINITIONAL_REPRESENTATION('',(#1657),#1661);
#1657 = LINE('',#1658,#1659);
#1658 = CARTESIAN_POINT('',(0.872573853432,6.6));
#1659 = VECTOR('',#1660,1.);
#1660 = DIRECTION('',(0.,-1.));
#1661 = ( GEOMETRIC_REPRESENTATION_CONTEXT(2) 
PARAMETRIC_REPRESENTATION_CONTEXT() REPRESENTATION_CONTEXT('2D SPACE',''
  ) );
#1662 = ORIENTED_EDGE('',*,*,#693,.T.);
#1663 = ORIENTED_EDGE('',*,*,#1664,.T.);
#1664 = EDGE_CURVE('',#666,#1665,#1667,.T.);
#1665 = VERTEX_POINT('',#1666);
#1666 = CARTESIAN_POINT('',(-2.,4.513571807036,-1.358499356661));
#1667 = SURFACE_CURVE('',#1668,(#1672,#1679),.PCURVE_S1.);
#1668 = LINE('',#1669,#1670);
#1669 = CARTESIAN_POINT('',(3.3,4.513571807036,-1.358499356661));
#1670 = VECTOR('',#1671,1.);
#1671 = DIRECTION('',(-1.,-0.,-0.));
#1672 = PCURVE('',#710,#1673);
#1673 = DEFINITIONAL_REPRESENTATION('',(#1674),#1678);
#1674 = LINE('',#1675,#1676);
#1675 = CARTESIAN_POINT('',(6.250241449375,0.));
#1676 = VECTOR('',#1677,1.);
#1677 = DIRECTION('',(0.,1.));
#1678 = ( GEOMETRIC_REPRESENTATION_CONTEXT(2) 
PARAMETRIC_REPRESENTATION_CONTEXT() REPRESENTATION_CONTEXT('2D SPACE',''
  ) );
#1679 = PCURVE('',#681,#1680);
#1680 = DEFINITIONAL_REPRESENTATION('',(#1681),#1685);
#1681 = LINE('',#1682,#1683);
#1682 = CARTESIAN_POINT('',(-4.583432224798,0.));
#1683 = VECTOR('',#1684,1.);
#1684 = DIRECTION('',(0.,-1.));
#1685 = ( GEOMETRIC_REPRESENTATION_CONTEXT(2) 
PARAMETRIC_REPRESENTATION_CONTEXT() REPRESENTATION_CONTEXT('2D SPACE',''
  ) );
#1686 = ORIENTED_EDGE('',*,*,#1687,.F.);
#1687 = EDGE_CURVE('',#1636,#1665,#1688,.T.);
#1688 = SURFACE_CURVE('',#1689,(#1694,#1701),.PCURVE_S1.);
#1689 = CIRCLE('',#1690,2.5);
#1690 = AXIS2_PLACEMENT_3D('',#1691,#1692,#1693);
#1691 = CARTESIAN_POINT('',(-2.,4.595916554899,-3.857142857143));
#1692 = DIRECTION('',(-1.,0.,0.));
#1693 = DIRECTION('',(0.,0.,1.));
#1694 = PCURVE('',#710,#1695);
#1695 = DEFINITIONAL_REPRESENTATION('',(#1696),#1700);
#1696 = LINE('',#1697,#1698);
#1697 = CARTESIAN_POINT('',(0.,5.3));
#1698 = VECTOR('',#1699,1.);
#1699 = DIRECTION('',(1.,0.));
#1700 = ( GEOMETRIC_REPRESENTATION_CONTEXT(2) 
PARAMETRIC_REPRESENTATION_CONTEXT() REPRESENTATION_CONTEXT('2D SPACE',''
  ) );
#1701 = PCURVE('',#1191,#1702);
#1702 = DEFINITIONAL_REPRESENTATION('',(#1703),#1707);
#1703 = CIRCLE('',#1704,2.5);
#1704 = AXIS2_PLACEMENT_2D('',#1705,#1706);
#1705 = CARTESIAN_POINT('',(-3.857142857143,4.595916554899));
#1706 = DIRECTION('',(1.,-2.22044604925E-16));
#1707 = ( GEOMETRIC_REPRESENTATION_CONTEXT(2) 
PARAMETRIC_REPRESENTATION_CONTEXT() REPRESENTATION_CONTEXT('2D SPACE',''
  ) );
#1708 = ADVANCED_FACE('',(#1709),#681,.F.);
#1709 = FACE_BOUND('',#1710,.F.);
#1710 = EDGE_LOOP('',(#1711,#1734,#1735,#1736));
#1711 = ORIENTED_EDGE('',*,*,#1712,.F.);
#1712 = EDGE_CURVE('',#1665,#1713,#1715,.T.);
#1713 = VERTEX_POINT('',#1714);
#1714 = CARTESIAN_POINT('',(-2.,8.113571807036,-1.563259013871));
#1715 = SURFACE_CURVE('',#1716,(#1720,#1727),.PCURVE_S1.);
#1716 = LINE('',#1717,#1718);
#1717 = CARTESIAN_POINT('',(-2.,-6.24644938696E-02,-1.098225016563));
#1718 = VECTOR('',#1719,1.);
#1719 = DIRECTION('',(0.,0.998386378694,-5.678590351782E-02));
#1720 = PCURVE('',#681,#1721);
#1721 = DEFINITIONAL_REPRESENTATION('',(#1722),#1726);
#1722 = LINE('',#1723,#1724);
#1723 = CARTESIAN_POINT('',(1.385539431373E-17,-5.3));
#1724 = VECTOR('',#1725,1.);
#1725 = DIRECTION('',(-1.,0.));
#1726 = ( GEOMETRIC_REPRESENTATION_CONTEXT(2) 
PARAMETRIC_REPRESENTATION_CONTEXT() REPRESENTATION_CONTEXT('2D SPACE',''
  ) );
#1727 = PCURVE('',#1191,#1728);
#1728 = DEFINITIONAL_REPRESENTATION('',(#1729),#1733);
#1729 = LINE('',#1730,#1731);
#1730 = CARTESIAN_POINT('',(-1.098225016563,-6.24644938696E-02));
#1731 = VECTOR('',#1732,1.);
#1732 = DIRECTION('',(-5.678590351782E-02,0.998386378694));
#1733 = ( GEOMETRIC_REPRESENTATION_CONTEXT(2) 
PARAMETRIC_REPRESENTATION_CONTEXT() REPRESENTATION_CONTEXT('2D SPACE',''
  ) );
#1734 = ORIENTED_EDGE('',*,*,#1664,.F.);
#1735 = ORIENTED_EDGE('',*,*,#665,.F.);
#1736 = ORIENTED_EDGE('',*,*,#1737,.T.);
#1737 = EDGE_CURVE('',#637,#1713,#1738,.T.);
#1738 = SURFACE_CURVE('',#1739,(#1743,#1750),.PCURVE_S1.);
#1739 = LINE('',#1740,#1741);
#1740 = CARTESIAN_POINT('',(3.3,8.113571807036,-1.563259013871));
#1741 = VECTOR('',#1742,1.);
#1742 = DIRECTION('',(-1.,-0.,-0.));
#1743 = PCURVE('',#681,#1744);
#1744 = DEFINITIONAL_REPRESENTATION('',(#1745),#1749);
#1745 = LINE('',#1746,#1747);
#1746 = CARTESIAN_POINT('',(-8.189250650235,0.));
#1747 = VECTOR('',#1748,1.);
#1748 = DIRECTION('',(0.,-1.));
#1749 = ( GEOMETRIC_REPRESENTATION_CONTEXT(2) 
PARAMETRIC_REPRESENTATION_CONTEXT() REPRESENTATION_CONTEXT('2D SPACE',''
  ) );
#1750 = PCURVE('',#653,#1751);
#1751 = DEFINITIONAL_REPRESENTATION('',(#1752),#1756);
#1752 = LINE('',#1753,#1754);
#1753 = CARTESIAN_POINT('',(5.681646689375E-02,0.));
#1754 = VECTOR('',#1755,1.);
#1755 = DIRECTION('',(0.,1.));
#1756 = ( GEOMETRIC_REPRESENTATION_CONTEXT(2) 
PARAMETRIC_REPRESENTATION_CONTEXT() REPRESENTATION_CONTEXT('2D SPACE',''
  ) );
#1757 = ADVANCED_FACE('',(#1758),#653,.F.);
#1758 = FACE_BOUND('',#1759,.F.);
#1759 = EDGE_LOOP('',(#1760,#1761,#1762,#1785));
#1760 = ORIENTED_EDGE('',*,*,#1737,.F.);
#1761 = ORIENTED_EDGE('',*,*,#636,.T.);
#1762 = ORIENTED_EDGE('',*,*,#1763,.T.);
#1763 = EDGE_CURVE('',#608,#1764,#1766,.T.);
#1764 = VERTEX_POINT('',#1765);
#1765 = CARTESIAN_POINT('',(-2.,9.748322057124,-4.531304124708));
#1766 = SURFACE_CURVE('',#1767,(#1771,#1778),.PCURVE_S1.);
#1767 = LINE('',#1768,#1769);
#1768 = CARTESIAN_POINT('',(3.3,9.748322057124,-4.531304124708));
#1769 = VECTOR('',#1770,1.);
#1770 = DIRECTION('',(-1.,-0.,-0.));
#1771 = PCURVE('',#653,#1772);
#1772 = DEFINITIONAL_REPRESENTATION('',(#1773),#1777);
#1773 = LINE('',#1774,#1775);
#1774 = CARTESIAN_POINT('',(2.077887104386,0.));
#1775 = VECTOR('',#1776,1.);
#1776 = DIRECTION('',(0.,1.));
#1777 = ( GEOMETRIC_REPRESENTATION_CONTEXT(2) 
PARAMETRIC_REPRESENTATION_CONTEXT() REPRESENTATION_CONTEXT('2D SPACE',''
  ) );
#1778 = PCURVE('',#624,#1779);
#1779 = DEFINITIONAL_REPRESENTATION('',(#1780),#1784);
#1780 = LINE('',#1781,#1782);
#1781 = CARTESIAN_POINT('',(2.005913503772,0.));
#1782 = VECTOR('',#1783,1.);
#1783 = DIRECTION('',(0.,1.));
#1784 = ( GEOMETRIC_REPRESENTATION_CONTEXT(2) 
PARAMETRIC_REPRESENTATION_CONTEXT() REPRESENTATION_CONTEXT('2D SPACE',''
  ) );
#1785 = ORIENTED_EDGE('',*,*,#1786,.F.);
#1786 = EDGE_CURVE('',#1713,#1764,#1787,.T.);
#1787 = SURFACE_CURVE('',#1788,(#1793,#1800),.PCURVE_S1.);
#1788 = CIRCLE('',#1789,2.);
#1789 = AXIS2_PLACEMENT_3D('',#1790,#1791,#1792);
#1790 = CARTESIAN_POINT('',(-2.,8.,-3.560031771259));
#1791 = DIRECTION('',(-1.,0.,0.));
#1792 = DIRECTION('',(0.,0.,1.));
#1793 = PCURVE('',#653,#1794);
#1794 = DEFINITIONAL_REPRESENTATION('',(#1795),#1799);
#1795 = LINE('',#1796,#1797);
#1796 = CARTESIAN_POINT('',(0.,5.3));
#1797 = VECTOR('',#1798,1.);
#1798 = DIRECTION('',(1.,0.));
#1799 = ( GEOMETRIC_REPRESENTATION_CONTEXT(2) 
PARAMETRIC_REPRESENTATION_CONTEXT() REPRESENTATION_CONTEXT('2D SPACE',''
  ) );
#1800 = PCURVE('',#1191,#1801);
#1801 = DEFINITIONAL_REPRESENTATION('',(#1802),#1806);
#1802 = CIRCLE('',#1803,2.);
#1803 = AXIS2_PLACEMENT_2D('',#1804,#1805);
#1804 = CARTESIAN_POINT('',(-3.560031771259,8.));
#1805 = DIRECTION('',(1.,-2.22044604925E-16));
#1806 = ( GEOMETRIC_REPRESENTATION_CONTEXT(2) 
PARAMETRIC_REPRESENTATION_CONTEXT() REPRESENTATION_CONTEXT('2D SPACE',''
  ) );
#1807 = ADVANCED_FACE('',(#1808),#624,.F.);
#1808 = FACE_BOUND('',#1809,.F.);
#1809 = EDGE_LOOP('',(#1810,#1811,#1812,#1835));
#1810 = ORIENTED_EDGE('',*,*,#1763,.F.);
#1811 = ORIENTED_EDGE('',*,*,#607,.T.);
#1812 = ORIENTED_EDGE('',*,*,#1813,.T.);
#1813 = EDGE_CURVE('',#579,#1814,#1816,.T.);
#1814 = VERTEX_POINT('',#1815);
#1815 = CARTESIAN_POINT('',(-2.,-1.301131991466,-10.67096788209));
#1816 = SURFACE_CURVE('',#1817,(#1821,#1828),.PCURVE_S1.);
#1817 = LINE('',#1818,#1819);
#1818 = CARTESIAN_POINT('',(3.3,-1.301131991466,-10.67096788209));
#1819 = VECTOR('',#1820,1.);
#1820 = DIRECTION('',(-1.,-0.,-0.));
#1821 = PCURVE('',#624,#1822);
#1822 = DEFINITIONAL_REPRESENTATION('',(#1823),#1827);
#1823 = LINE('',#1824,#1825);
#1824 = CARTESIAN_POINT('',(3.262925673374,0.));
#1825 = VECTOR('',#1826,1.);
#1826 = DIRECTION('',(0.,1.));
#1827 = ( GEOMETRIC_REPRESENTATION_CONTEXT(2) 
PARAMETRIC_REPRESENTATION_CONTEXT() REPRESENTATION_CONTEXT('2D SPACE',''
  ) );
#1828 = PCURVE('',#595,#1829);
#1829 = DEFINITIONAL_REPRESENTATION('',(#1830),#1834);
#1830 = LINE('',#1831,#1832);
#1831 = CARTESIAN_POINT('',(3.334899273988,0.));
#1832 = VECTOR('',#1833,1.);
#1833 = DIRECTION('',(0.,1.));
#1834 = ( GEOMETRIC_REPRESENTATION_CONTEXT(2) 
PARAMETRIC_REPRESENTATION_CONTEXT() REPRESENTATION_CONTEXT('2D SPACE',''
  ) );
#1835 = ORIENTED_EDGE('',*,*,#1836,.F.);
#1836 = EDGE_CURVE('',#1764,#1814,#1837,.T.);
#1837 = SURFACE_CURVE('',#1838,(#1843,#1850),.PCURVE_S1.);
#1838 = CIRCLE('',#1839,10.75);
#1839 = AXIS2_PLACEMENT_3D('',#1840,#1841,#1842);
#1840 = CARTESIAN_POINT('',(-2.,0.,0.));
#1841 = DIRECTION('',(-1.,0.,0.));
#1842 = DIRECTION('',(0.,0.,1.));
#1843 = PCURVE('',#624,#1844);
#1844 = DEFINITIONAL_REPRESENTATION('',(#1845),#1849);
#1845 = LINE('',#1846,#1847);
#1846 = CARTESIAN_POINT('',(0.,5.3));
#1847 = VECTOR('',#1848,1.);
#1848 = DIRECTION('',(1.,0.));
#1849 = ( GEOMETRIC_REPRESENTATION_CONTEXT(2) 
PARAMETRIC_REPRESENTATION_CONTEXT() REPRESENTATION_CONTEXT('2D SPACE',''
  ) );
#1850 = PCURVE('',#1191,#1851);
#1851 = DEFINITIONAL_REPRESENTATION('',(#1852),#1856);
#1852 = CIRCLE('',#1853,10.75);
#1853 = AXIS2_PLACEMENT_2D('',#1854,#1855);
#1854 = CARTESIAN_POINT('',(0.,0.));
#1855 = DIRECTION('',(1.,-2.22044604925E-16));
#1856 = ( GEOMETRIC_REPRESENTATION_CONTEXT(2) 
PARAMETRIC_REPRESENTATION_CONTEXT() REPRESENTATION_CONTEXT('2D SPACE',''
  ) );
#1857 = ADVANCED_FACE('',(#1858),#595,.F.);
#1858 = FACE_BOUND('',#1859,.F.);
#1859 = EDGE_LOOP('',(#1860,#1861,#1862,#1885));
#1860 = ORIENTED_EDGE('',*,*,#1813,.F.);
#1861 = ORIENTED_EDGE('',*,*,#578,.T.);
#1862 = ORIENTED_EDGE('',*,*,#1863,.T.);
#1863 = EDGE_CURVE('',#551,#1864,#1866,.T.);
#1864 = VERTEX_POINT('',#1865);
#1865 = CARTESIAN_POINT('',(-2.,-2.702963884811,-7.808188807257));
#1866 = SURFACE_CURVE('',#1867,(#1871,#1878),.PCURVE_S1.);
#1867 = LINE('',#1868,#1869);
#1868 = CARTESIAN_POINT('',(3.3,-2.702963884811,-7.808188807257));
#1869 = VECTOR('',#1870,1.);
#1870 = DIRECTION('',(-1.,-0.,-0.));
#1871 = PCURVE('',#595,#1872);
#1872 = DEFINITIONAL_REPRESENTATION('',(#1873),#1877);
#1873 = LINE('',#1874,#1875);
#1874 = CARTESIAN_POINT('',(5.179171289089,0.));
#1875 = VECTOR('',#1876,1.);
#1876 = DIRECTION('',(0.,1.));
#1877 = ( GEOMETRIC_REPRESENTATION_CONTEXT(2) 
PARAMETRIC_REPRESENTATION_CONTEXT() REPRESENTATION_CONTEXT('2D SPACE',''
  ) );
#1878 = PCURVE('',#566,#1879);
#1879 = DEFINITIONAL_REPRESENTATION('',(#1880),#1884);
#1880 = LINE('',#1881,#1882);
#1881 = CARTESIAN_POINT('',(-8.189250650235,0.));
#1882 = VECTOR('',#1883,1.);
#1883 = DIRECTION('',(0.,-1.));
#1884 = ( GEOMETRIC_REPRESENTATION_CONTEXT(2) 
PARAMETRIC_REPRESENTATION_CONTEXT() REPRESENTATION_CONTEXT('2D SPACE',''
  ) );
#1885 = ORIENTED_EDGE('',*,*,#1886,.F.);
#1886 = EDGE_CURVE('',#1814,#1864,#1887,.T.);
#1887 = SURFACE_CURVE('',#1888,(#1893,#1900),.PCURVE_S1.);
#1888 = CIRCLE('',#1889,2.);
#1889 = AXIS2_PLACEMENT_3D('',#1890,#1891,#1892);
#1890 = CARTESIAN_POINT('',(-2.,-0.91692204781,-8.708219115905));
#1891 = DIRECTION('',(-1.,0.,0.));
#1892 = DIRECTION('',(0.,0.,1.));
#1893 = PCURVE('',#595,#1894);
#1894 = DEFINITIONAL_REPRESENTATION('',(#1895),#1899);
#1895 = LINE('',#1896,#1897);
#1896 = CARTESIAN_POINT('',(0.,5.3));
#1897 = VECTOR('',#1898,1.);
#1898 = DIRECTION('',(1.,0.));
#1899 = ( GEOMETRIC_REPRESENTATION_CONTEXT(2) 
PARAMETRIC_REPRESENTATION_CONTEXT() REPRESENTATION_CONTEXT('2D SPACE',''
  ) );
#1900 = PCURVE('',#1191,#1901);
#1901 = DEFINITIONAL_REPRESENTATION('',(#1902),#1906);
#1902 = CIRCLE('',#1903,2.);
#1903 = AXIS2_PLACEMENT_2D('',#1904,#1905);
#1904 = CARTESIAN_POINT('',(-8.708219115905,-0.91692204781));
#1905 = DIRECTION('',(1.,-2.22044604925E-16));
#1906 = ( GEOMETRIC_REPRESENTATION_CONTEXT(2) 
PARAMETRIC_REPRESENTATION_CONTEXT() REPRESENTATION_CONTEXT('2D SPACE',''
  ) );
#1907 = ADVANCED_FACE('',(#1908),#566,.T.);
#1908 = FACE_BOUND('',#1909,.T.);
#1909 = EDGE_LOOP('',(#1910,#1933,#1954,#1955));
#1910 = ORIENTED_EDGE('',*,*,#1911,.F.);
#1911 = EDGE_CURVE('',#1912,#1864,#1914,.T.);
#1912 = VERTEX_POINT('',#1913);
#1913 = CARTESIAN_POINT('',(-2.,-1.080290949624,-4.588117525029));
#1914 = SURFACE_CURVE('',#1915,(#1919,#1926),.PCURVE_S1.);
#1915 = LINE('',#1916,#1917);
#1916 = CARTESIAN_POINT('',(-2.,0.98232301035,-0.495016669756));
#1917 = VECTOR('',#1918,1.);
#1918 = DIRECTION('',(0.,-0.450015154324,-0.8930209185));
#1919 = PCURVE('',#566,#1920);
#1920 = DEFINITIONAL_REPRESENTATION('',(#1921),#1925);
#1921 = LINE('',#1922,#1923);
#1922 = CARTESIAN_POINT('',(0.,-5.3));
#1923 = VECTOR('',#1924,1.);
#1924 = DIRECTION('',(-1.,0.));
#1925 = ( GEOMETRIC_REPRESENTATION_CONTEXT(2) 
PARAMETRIC_REPRESENTATION_CONTEXT() REPRESENTATION_CONTEXT('2D SPACE',''
  ) );
#1926 = PCURVE('',#1191,#1927);
#1927 = DEFINITIONAL_REPRESENTATION('',(#1928),#1932);
#1928 = LINE('',#1929,#1930);
#1929 = CARTESIAN_POINT('',(-0.495016669756,0.98232301035));
#1930 = VECTOR('',#1931,1.);
#1931 = DIRECTION('',(-0.8930209185,-0.450015154324));
#1932 = ( GEOMETRIC_REPRESENTATION_CONTEXT(2) 
PARAMETRIC_REPRESENTATION_CONTEXT() REPRESENTATION_CONTEXT('2D SPACE',''
  ) );
#1933 = ORIENTED_EDGE('',*,*,#1934,.F.);
#1934 = EDGE_CURVE('',#522,#1912,#1935,.T.);
#1935 = SURFACE_CURVE('',#1936,(#1940,#1947),.PCURVE_S1.);
#1936 = LINE('',#1937,#1938);
#1937 = CARTESIAN_POINT('',(3.3,-1.080290949624,-4.588117525029));
#1938 = VECTOR('',#1939,1.);
#1939 = DIRECTION('',(-1.,-0.,-0.));
#1940 = PCURVE('',#566,#1941);
#1941 = DEFINITIONAL_REPRESENTATION('',(#1942),#1946);
#1942 = LINE('',#1943,#1944);
#1943 = CARTESIAN_POINT('',(-4.583432224798,0.));
#1944 = VECTOR('',#1945,1.);
#1945 = DIRECTION('',(0.,-1.));
#1946 = ( GEOMETRIC_REPRESENTATION_CONTEXT(2) 
PARAMETRIC_REPRESENTATION_CONTEXT() REPRESENTATION_CONTEXT('2D SPACE',''
  ) );
#1947 = PCURVE('',#538,#1948);
#1948 = DEFINITIONAL_REPRESENTATION('',(#1949),#1953);
#1949 = LINE('',#1950,#1951);
#1950 = CARTESIAN_POINT('',(5.268931613787,0.));
#1951 = VECTOR('',#1952,1.);
#1952 = DIRECTION('',(0.,1.));
#1953 = ( GEOMETRIC_REPRESENTATION_CONTEXT(2) 
PARAMETRIC_REPRESENTATION_CONTEXT() REPRESENTATION_CONTEXT('2D SPACE',''
  ) );
#1954 = ORIENTED_EDGE('',*,*,#550,.F.);
#1955 = ORIENTED_EDGE('',*,*,#1863,.T.);
#1956 = ADVANCED_FACE('',(#1957),#538,.F.);
#1957 = FACE_BOUND('',#1958,.F.);
#1958 = EDGE_LOOP('',(#1959,#1960,#1961,#1984));
#1959 = ORIENTED_EDGE('',*,*,#1934,.F.);
#1960 = ORIENTED_EDGE('',*,*,#521,.T.);
#1961 = ORIENTED_EDGE('',*,*,#1962,.T.);
#1962 = EDGE_CURVE('',#493,#1963,#1965,.T.);
#1963 = VERTEX_POINT('',#1964);
#1964 = CARTESIAN_POINT('',(-2.,0.60808149667,-3.446771952626));
#1965 = SURFACE_CURVE('',#1966,(#1970,#1977),.PCURVE_S1.);
#1966 = LINE('',#1967,#1968);
#1967 = CARTESIAN_POINT('',(3.3,0.60808149667,-3.446771952626));
#1968 = VECTOR('',#1969,1.);
#1969 = DIRECTION('',(-1.,-0.,-0.));
#1970 = PCURVE('',#538,#1971);
#1971 = DEFINITIONAL_REPRESENTATION('',(#1972),#1976);
#1972 = LINE('',#1973,#1974);
#1973 = CARTESIAN_POINT('',(6.108561609415,0.));
#1974 = VECTOR('',#1975,1.);
#1975 = DIRECTION('',(0.,1.));
#1976 = ( GEOMETRIC_REPRESENTATION_CONTEXT(2) 
PARAMETRIC_REPRESENTATION_CONTEXT() REPRESENTATION_CONTEXT('2D SPACE',''
  ) );
#1977 = PCURVE('',#1651,#1978);
#1978 = DEFINITIONAL_REPRESENTATION('',(#1979),#1983);
#1979 = LINE('',#1980,#1981);
#1980 = CARTESIAN_POINT('',(0.174623697764,6.6));
#1981 = VECTOR('',#1982,1.);
#1982 = DIRECTION('',(0.,-1.));
#1983 = ( GEOMETRIC_REPRESENTATION_CONTEXT(2) 
PARAMETRIC_REPRESENTATION_CONTEXT() REPRESENTATION_CONTEXT('2D SPACE',''
  ) );
#1984 = ORIENTED_EDGE('',*,*,#1985,.F.);
#1985 = EDGE_CURVE('',#1912,#1963,#1986,.T.);
#1986 = SURFACE_CURVE('',#1987,(#1992,#1999),.PCURVE_S1.);
#1987 = CIRCLE('',#1988,2.5);
#1988 = AXIS2_PLACEMENT_3D('',#1989,#1990,#1991);
#1989 = CARTESIAN_POINT('',(-2.,1.042425422862,-5.908751918787));
#1990 = DIRECTION('',(-1.,0.,0.));
#1991 = DIRECTION('',(0.,0.,1.));
#1992 = PCURVE('',#538,#1993);
#1993 = DEFINITIONAL_REPRESENTATION('',(#1994),#1998);
#1994 = LINE('',#1995,#1996);
#1995 = CARTESIAN_POINT('',(0.,5.3));
#1996 = VECTOR('',#1997,1.);
#1997 = DIRECTION('',(1.,0.));
#1998 = ( GEOMETRIC_REPRESENTATION_CONTEXT(2) 
PARAMETRIC_REPRESENTATION_CONTEXT() REPRESENTATION_CONTEXT('2D SPACE',''
  ) );
#1999 = PCURVE('',#1191,#2000);
#2000 = DEFINITIONAL_REPRESENTATION('',(#2001),#2005);
#2001 = CIRCLE('',#2002,2.5);
#2002 = AXIS2_PLACEMENT_2D('',#2003,#2004);
#2003 = CARTESIAN_POINT('',(-5.908751918787,1.042425422862));
#2004 = DIRECTION('',(1.,-2.22044604925E-16));
#2005 = ( GEOMETRIC_REPRESENTATION_CONTEXT(2) 
PARAMETRIC_REPRESENTATION_CONTEXT() REPRESENTATION_CONTEXT('2D SPACE',''
  ) );
#2006 = ADVANCED_FACE('',(#2007),#509,.T.);
#2007 = FACE_BOUND('',#2008,.F.);
#2008 = EDGE_LOOP('',(#2009,#2032,#2033,#2061));
#2009 = ORIENTED_EDGE('',*,*,#2010,.T.);
#2010 = EDGE_CURVE('',#2011,#493,#2013,.T.);
#2011 = VERTEX_POINT('',#2012);
#2012 = CARTESIAN_POINT('',(3.,0.60808149667,-3.446771952626));
#2013 = SURFACE_CURVE('',#2014,(#2018,#2025),.PCURVE_S1.);
#2014 = LINE('',#2015,#2016);
#2015 = CARTESIAN_POINT('',(3.3,0.60808149667,-3.446771952626));
#2016 = VECTOR('',#2017,1.);
#2017 = DIRECTION('',(-1.,-0.,-0.));
#2018 = PCURVE('',#509,#2019);
#2019 = DEFINITIONAL_REPRESENTATION('',(#2020),#2024);
#2020 = LINE('',#2021,#2022);
#2021 = CARTESIAN_POINT('',(-2.966968955826,1.3));
#2022 = VECTOR('',#2023,1.);
#2023 = DIRECTION('',(-0.,-1.));
#2024 = ( GEOMETRIC_REPRESENTATION_CONTEXT(2) 
PARAMETRIC_REPRESENTATION_CONTEXT() REPRESENTATION_CONTEXT('2D SPACE',''
  ) );
#2025 = PCURVE('',#1594,#2026);
#2026 = DEFINITIONAL_REPRESENTATION('',(#2027),#2031);
#2027 = LINE('',#2028,#2029);
#2028 = CARTESIAN_POINT('',(0.174623697764,6.6));
#2029 = VECTOR('',#2030,1.);
#2030 = DIRECTION('',(0.,-1.));
#2031 = ( GEOMETRIC_REPRESENTATION_CONTEXT(2) 
PARAMETRIC_REPRESENTATION_CONTEXT() REPRESENTATION_CONTEXT('2D SPACE',''
  ) );
#2032 = ORIENTED_EDGE('',*,*,#492,.T.);
#2033 = ORIENTED_EDGE('',*,*,#2034,.F.);
#2034 = EDGE_CURVE('',#2035,#464,#2037,.T.);
#2035 = VERTEX_POINT('',#2036);
#2036 = CARTESIAN_POINT('',(3.,-3.28903282036,-1.196771952626));
#2037 = SURFACE_CURVE('',#2038,(#2042,#2049),.PCURVE_S1.);
#2038 = LINE('',#2039,#2040);
#2039 = CARTESIAN_POINT('',(3.3,-3.28903282036,-1.196771952626));
#2040 = VECTOR('',#2041,1.);
#2041 = DIRECTION('',(-1.,-0.,-0.));
#2042 = PCURVE('',#509,#2043);
#2043 = DEFINITIONAL_REPRESENTATION('',(#2044),#2048);
#2044 = LINE('',#2045,#2046);
#2045 = CARTESIAN_POINT('',(-4.363413902551,1.3));
#2046 = VECTOR('',#2047,1.);
#2047 = DIRECTION('',(-0.,-1.));
#2048 = ( GEOMETRIC_REPRESENTATION_CONTEXT(2) 
PARAMETRIC_REPRESENTATION_CONTEXT() REPRESENTATION_CONTEXT('2D SPACE',''
  ) );
#2049 = PCURVE('',#2050,#2055);
#2050 = CYLINDRICAL_SURFACE('',#2051,3.5);
#2051 = AXIS2_PLACEMENT_3D('',#2052,#2053,#2054);
#2052 = CARTESIAN_POINT('',(-3.3,0.,0.));
#2053 = DIRECTION('',(1.,0.,0.));
#2054 = DIRECTION('',(0.,0.,-1.));
#2055 = DEFINITIONAL_REPRESENTATION('',(#2056),#2060);
#2056 = LINE('',#2057,#2058);
#2057 = CARTESIAN_POINT('',(5.061364058219,6.6));
#2058 = VECTOR('',#2059,1.);
#2059 = DIRECTION('',(0.,-1.));
#2060 = ( GEOMETRIC_REPRESENTATION_CONTEXT(2) 
PARAMETRIC_REPRESENTATION_CONTEXT() REPRESENTATION_CONTEXT('2D SPACE',''
  ) );
#2061 = ORIENTED_EDGE('',*,*,#2062,.T.);
#2062 = EDGE_CURVE('',#2035,#2011,#2063,.T.);
#2063 = SURFACE_CURVE('',#2064,(#2069,#2076),.PCURVE_S1.);
#2064 = CIRCLE('',#2065,3.5);
#2065 = AXIS2_PLACEMENT_3D('',#2066,#2067,#2068);
#2066 = CARTESIAN_POINT('',(3.,0.,0.));
#2067 = DIRECTION('',(1.,0.,-0.));
#2068 = DIRECTION('',(0.,2.22044604925E-16,1.));
#2069 = PCURVE('',#509,#2070);
#2070 = DEFINITIONAL_REPRESENTATION('',(#2071),#2075);
#2071 = LINE('',#2072,#2073);
#2072 = CARTESIAN_POINT('',(-6.28318530718,1.));
#2073 = VECTOR('',#2074,1.);
#2074 = DIRECTION('',(1.,-0.));
#2075 = ( GEOMETRIC_REPRESENTATION_CONTEXT(2) 
PARAMETRIC_REPRESENTATION_CONTEXT() REPRESENTATION_CONTEXT('2D SPACE',''
  ) );
#2076 = PCURVE('',#1105,#2077);
#2077 = DEFINITIONAL_REPRESENTATION('',(#2078),#2086);
#2078 = ( BOUNDED_CURVE() B_SPLINE_CURVE(2,(#2079,#2080,#2081,#2082,
#2083,#2084,#2085),.UNSPECIFIED.,.T.,.F.) B_SPLINE_CURVE_WITH_KNOTS((1,2
    ,2,2,2,1),(-2.094395102393,0.,2.094395102393,4.188790204786,
6.28318530718,8.377580409573),.UNSPECIFIED.) CURVE() 
GEOMETRIC_REPRESENTATION_ITEM() RATIONAL_B_SPLINE_CURVE((1.,0.5,1.,0.5,
1.,0.5,1.)) REPRESENTATION_ITEM('') );
#2079 = CARTESIAN_POINT('',(3.5,0.));
#2080 = CARTESIAN_POINT('',(3.5,-6.062177826491));
#2081 = CARTESIAN_POINT('',(-1.75,-3.031088913246));
#2082 = CARTESIAN_POINT('',(-7.,-8.572527594031E-16));
#2083 = CARTESIAN_POINT('',(-1.75,3.031088913246));
#2084 = CARTESIAN_POINT('',(3.5,6.062177826491));
#2085 = CARTESIAN_POINT('',(3.5,0.));
#2086 = ( GEOMETRIC_REPRESENTATION_CONTEXT(2) 
PARAMETRIC_REPRESENTATION_CONTEXT() REPRESENTATION_CONTEXT('2D SPACE',''
  ) );
#2087 = ADVANCED_FACE('',(#2088),#480,.F.);
#2088 = FACE_BOUND('',#2089,.F.);
#2089 = EDGE_LOOP('',(#2090,#2118,#2119,#2142));
#2090 = ORIENTED_EDGE('',*,*,#2091,.F.);
#2091 = EDGE_CURVE('',#464,#2092,#2094,.T.);
#2092 = VERTEX_POINT('',#2093);
#2093 = CARTESIAN_POINT('',(-2.,-3.28903282036,-1.196771952626));
#2094 = SURFACE_CURVE('',#2095,(#2099,#2106),.PCURVE_S1.);
#2095 = LINE('',#2096,#2097);
#2096 = CARTESIAN_POINT('',(3.3,-3.28903282036,-1.196771952626));
#2097 = VECTOR('',#2098,1.);
#2098 = DIRECTION('',(-1.,-0.,-0.));
#2099 = PCURVE('',#480,#2100);
#2100 = DEFINITIONAL_REPRESENTATION('',(#2101),#2105);
#2101 = LINE('',#2102,#2103);
#2102 = CARTESIAN_POINT('',(1.221821248961,0.));
#2103 = VECTOR('',#2104,1.);
#2104 = DIRECTION('',(0.,1.));
#2105 = ( GEOMETRIC_REPRESENTATION_CONTEXT(2) 
PARAMETRIC_REPRESENTATION_CONTEXT() REPRESENTATION_CONTEXT('2D SPACE',''
  ) );
#2106 = PCURVE('',#2107,#2112);
#2107 = CYLINDRICAL_SURFACE('',#2108,3.5);
#2108 = AXIS2_PLACEMENT_3D('',#2109,#2110,#2111);
#2109 = CARTESIAN_POINT('',(-3.3,0.,0.));
#2110 = DIRECTION('',(1.,0.,0.));
#2111 = DIRECTION('',(0.,0.,-1.));
#2112 = DEFINITIONAL_REPRESENTATION('',(#2113),#2117);
#2113 = LINE('',#2114,#2115);
#2114 = CARTESIAN_POINT('',(5.061364058219,6.6));
#2115 = VECTOR('',#2116,1.);
#2116 = DIRECTION('',(0.,-1.));
#2117 = ( GEOMETRIC_REPRESENTATION_CONTEXT(2) 
PARAMETRIC_REPRESENTATION_CONTEXT() REPRESENTATION_CONTEXT('2D SPACE',''
  ) );
#2118 = ORIENTED_EDGE('',*,*,#463,.T.);
#2119 = ORIENTED_EDGE('',*,*,#2120,.T.);
#2120 = EDGE_CURVE('',#436,#2121,#2123,.T.);
#2121 = VERTEX_POINT('',#2122);
#2122 = CARTESIAN_POINT('',(-2.,-3.433280857411,-3.229618168367));
#2123 = SURFACE_CURVE('',#2124,(#2128,#2135),.PCURVE_S1.);
#2124 = LINE('',#2125,#2126);
#2125 = CARTESIAN_POINT('',(3.3,-3.433280857411,-3.229618168367));
#2126 = VECTOR('',#2127,1.);
#2127 = DIRECTION('',(-1.,-0.,-0.));
#2128 = PCURVE('',#480,#2129);
#2129 = DEFINITIONAL_REPRESENTATION('',(#2130),#2134);
#2130 = LINE('',#2131,#2132);
#2131 = CARTESIAN_POINT('',(2.061451244589,0.));
#2132 = VECTOR('',#2133,1.);
#2133 = DIRECTION('',(0.,1.));
#2134 = ( GEOMETRIC_REPRESENTATION_CONTEXT(2) 
PARAMETRIC_REPRESENTATION_CONTEXT() REPRESENTATION_CONTEXT('2D SPACE',''
  ) );
#2135 = PCURVE('',#451,#2136);
#2136 = DEFINITIONAL_REPRESENTATION('',(#2137),#2141);
#2137 = LINE('',#2138,#2139);
#2138 = CARTESIAN_POINT('',(-4.583432224798,0.));
#2139 = VECTOR('',#2140,1.);
#2140 = DIRECTION('',(0.,-1.));
#2141 = ( GEOMETRIC_REPRESENTATION_CONTEXT(2) 
PARAMETRIC_REPRESENTATION_CONTEXT() REPRESENTATION_CONTEXT('2D SPACE',''
  ) );
#2142 = ORIENTED_EDGE('',*,*,#2143,.F.);
#2143 = EDGE_CURVE('',#2092,#2121,#2144,.T.);
#2144 = SURFACE_CURVE('',#2145,(#2150,#2157),.PCURVE_S1.);
#2145 = CIRCLE('',#2146,2.5);
#2146 = AXIS2_PLACEMENT_3D('',#2147,#2148,#2149);
#2147 = CARTESIAN_POINT('',(-2.,-5.638341977761,-2.051609061644));
#2148 = DIRECTION('',(-1.,0.,0.));
#2149 = DIRECTION('',(0.,0.,1.));
#2150 = PCURVE('',#480,#2151);
#2151 = DEFINITIONAL_REPRESENTATION('',(#2152),#2156);
#2152 = LINE('',#2153,#2154);
#2153 = CARTESIAN_POINT('',(0.,5.3));
#2154 = VECTOR('',#2155,1.);
#2155 = DIRECTION('',(1.,0.));
#2156 = ( GEOMETRIC_REPRESENTATION_CONTEXT(2) 
PARAMETRIC_REPRESENTATION_CONTEXT() REPRESENTATION_CONTEXT('2D SPACE',''
  ) );
#2157 = PCURVE('',#1191,#2158);
#2158 = DEFINITIONAL_REPRESENTATION('',(#2159),#2163);
#2159 = CIRCLE('',#2160,2.5);
#2160 = AXIS2_PLACEMENT_2D('',#2161,#2162);
#2161 = CARTESIAN_POINT('',(-2.051609061644,-5.638341977761));
#2162 = DIRECTION('',(1.,-2.22044604925E-16));
#2163 = ( GEOMETRIC_REPRESENTATION_CONTEXT(2) 
PARAMETRIC_REPRESENTATION_CONTEXT() REPRESENTATION_CONTEXT('2D SPACE',''
  ) );
#2164 = ADVANCED_FACE('',(#2165),#451,.F.);
#2165 = FACE_BOUND('',#2166,.F.);
#2166 = EDGE_LOOP('',(#2167,#2190,#2191,#2192));
#2167 = ORIENTED_EDGE('',*,*,#2168,.F.);
#2168 = EDGE_CURVE('',#2121,#2169,#2171,.T.);
#2169 = VERTEX_POINT('',#2170);
#2170 = CARTESIAN_POINT('',(-2.,-5.410607922225,-6.244929793387));
#2171 = SURFACE_CURVE('',#2172,(#2176,#2183),.PCURVE_S1.);
#2172 = LINE('',#2173,#2174);
#2173 = CARTESIAN_POINT('',(-2.,-0.919858516481,0.603208346807));
#2174 = VECTOR('',#2175,1.);
#2175 = DIRECTION('',(0.,-0.54837122437,-0.836235014982));
#2176 = PCURVE('',#451,#2177);
#2177 = DEFINITIONAL_REPRESENTATION('',(#2178),#2182);
#2178 = LINE('',#2179,#2180);
#2179 = CARTESIAN_POINT('',(0.,-5.3));
#2180 = VECTOR('',#2181,1.);
#2181 = DIRECTION('',(-1.,0.));
#2182 = ( GEOMETRIC_REPRESENTATION_CONTEXT(2) 
PARAMETRIC_REPRESENTATION_CONTEXT() REPRESENTATION_CONTEXT('2D SPACE',''
  ) );
#2183 = PCURVE('',#1191,#2184);
#2184 = DEFINITIONAL_REPRESENTATION('',(#2185),#2189);
#2185 = LINE('',#2186,#2187);
#2186 = CARTESIAN_POINT('',(0.603208346807,-0.919858516481));
#2187 = VECTOR('',#2188,1.);
#2188 = DIRECTION('',(-0.836235014982,-0.54837122437));
#2189 = ( GEOMETRIC_REPRESENTATION_CONTEXT(2) 
PARAMETRIC_REPRESENTATION_CONTEXT() REPRESENTATION_CONTEXT('2D SPACE',''
  ) );
#2190 = ORIENTED_EDGE('',*,*,#2120,.F.);
#2191 = ORIENTED_EDGE('',*,*,#435,.F.);
#2192 = ORIENTED_EDGE('',*,*,#2193,.T.);
#2193 = EDGE_CURVE('',#407,#2169,#2194,.T.);
#2194 = SURFACE_CURVE('',#2195,(#2199,#2206),.PCURVE_S1.);
#2195 = LINE('',#2196,#2197);
#2196 = CARTESIAN_POINT('',(3.3,-5.410607922225,-6.244929793387));
#2197 = VECTOR('',#2198,1.);
#2198 = DIRECTION('',(-1.,-0.,-0.));
#2199 = PCURVE('',#451,#2200);
#2200 = DEFINITIONAL_REPRESENTATION('',(#2201),#2205);
#2201 = LINE('',#2202,#2203);
#2202 = CARTESIAN_POINT('',(-8.189250650235,0.));
#2203 = VECTOR('',#2204,1.);
#2204 = DIRECTION('',(0.,-1.));
#2205 = ( GEOMETRIC_REPRESENTATION_CONTEXT(2) 
PARAMETRIC_REPRESENTATION_CONTEXT() REPRESENTATION_CONTEXT('2D SPACE',''
  ) );
#2206 = PCURVE('',#423,#2207);
#2207 = DEFINITIONAL_REPRESENTATION('',(#2208),#2212);
#2208 = LINE('',#2209,#2210);
#2209 = CARTESIAN_POINT('',(2.151211569287,0.));
#2210 = VECTOR('',#2211,1.);
#2211 = DIRECTION('',(0.,1.));
#2212 = ( GEOMETRIC_REPRESENTATION_CONTEXT(2) 
PARAMETRIC_REPRESENTATION_CONTEXT() REPRESENTATION_CONTEXT('2D SPACE',''
  ) );
#2213 = ADVANCED_FACE('',(#2214),#423,.F.);
#2214 = FACE_BOUND('',#2215,.F.);
#2215 = EDGE_LOOP('',(#2216,#2217,#2218,#2241));
#2216 = ORIENTED_EDGE('',*,*,#2193,.F.);
#2217 = ORIENTED_EDGE('',*,*,#406,.T.);
#2218 = ORIENTED_EDGE('',*,*,#2219,.T.);
#2219 = EDGE_CURVE('',#378,#2220,#2222,.T.);
#2220 = VERTEX_POINT('',#2221);
#2221 = CARTESIAN_POINT('',(-2.,-8.590763273132,-6.462297299336));
#2222 = SURFACE_CURVE('',#2223,(#2227,#2234),.PCURVE_S1.);
#2223 = LINE('',#2224,#2225);
#2224 = CARTESIAN_POINT('',(3.3,-8.590763273132,-6.462297299336));
#2225 = VECTOR('',#2226,1.);
#2226 = DIRECTION('',(-1.,-0.,-0.));
#2227 = PCURVE('',#423,#2228);
#2228 = DEFINITIONAL_REPRESENTATION('',(#2229),#2233);
#2229 = LINE('',#2230,#2231);
#2230 = CARTESIAN_POINT('',(3.995483584389,0.));
#2231 = VECTOR('',#2232,1.);
#2232 = DIRECTION('',(0.,1.));
#2233 = ( GEOMETRIC_REPRESENTATION_CONTEXT(2) 
PARAMETRIC_REPRESENTATION_CONTEXT() REPRESENTATION_CONTEXT('2D SPACE',''
  ) );
#2234 = PCURVE('',#394,#2235);
#2235 = DEFINITIONAL_REPRESENTATION('',(#2236),#2240);
#2236 = LINE('',#2237,#2238);
#2237 = CARTESIAN_POINT('',(4.067457185002,0.));
#2238 = VECTOR('',#2239,1.);
#2239 = DIRECTION('',(0.,1.));
#2240 = ( GEOMETRIC_REPRESENTATION_CONTEXT(2) 
PARAMETRIC_REPRESENTATION_CONTEXT() REPRESENTATION_CONTEXT('2D SPACE',''
  ) );
#2241 = ORIENTED_EDGE('',*,*,#2242,.F.);
#2242 = EDGE_CURVE('',#2169,#2220,#2243,.T.);
#2243 = SURFACE_CURVE('',#2244,(#2249,#2256),.PCURVE_S1.);
#2244 = CIRCLE('',#2245,2.);
#2245 = AXIS2_PLACEMENT_3D('',#2246,#2247,#2248);
#2246 = CARTESIAN_POINT('',(-2.,-7.08307795219,-5.148187344646));
#2247 = DIRECTION('',(-1.,0.,0.));
#2248 = DIRECTION('',(0.,0.,1.));
#2249 = PCURVE('',#423,#2250);
#2250 = DEFINITIONAL_REPRESENTATION('',(#2251),#2255);
#2251 = LINE('',#2252,#2253);
#2252 = CARTESIAN_POINT('',(0.,5.3));
#2253 = VECTOR('',#2254,1.);
#2254 = DIRECTION('',(1.,0.));
#2255 = ( GEOMETRIC_REPRESENTATION_CONTEXT(2) 
PARAMETRIC_REPRESENTATION_CONTEXT() REPRESENTATION_CONTEXT('2D SPACE',''
  ) );
#2256 = PCURVE('',#1191,#2257);
#2257 = DEFINITIONAL_REPRESENTATION('',(#2258),#2262);
#2258 = CIRCLE('',#2259,2.);
#2259 = AXIS2_PLACEMENT_2D('',#2260,#2261);
#2260 = CARTESIAN_POINT('',(-5.148187344646,-7.08307795219));
#2261 = DIRECTION('',(1.,-2.22044604925E-16));
#2262 = ( GEOMETRIC_REPRESENTATION_CONTEXT(2) 
PARAMETRIC_REPRESENTATION_CONTEXT() REPRESENTATION_CONTEXT('2D SPACE',''
  ) );
#2263 = ADVANCED_FACE('',(#2264),#394,.F.);
#2264 = FACE_BOUND('',#2265,.F.);
#2265 = EDGE_LOOP('',(#2266,#2267,#2268,#2291));
#2266 = ORIENTED_EDGE('',*,*,#2219,.F.);
#2267 = ORIENTED_EDGE('',*,*,#377,.T.);
#2268 = ORIENTED_EDGE('',*,*,#2269,.T.);
#2269 = EDGE_CURVE('',#349,#2270,#2272,.T.);
#2270 = VERTEX_POINT('',#2271);
#2271 = CARTESIAN_POINT('',(-2.,-8.590763273132,6.462297299336));
#2272 = SURFACE_CURVE('',#2273,(#2277,#2284),.PCURVE_S1.);
#2273 = LINE('',#2274,#2275);
#2274 = CARTESIAN_POINT('',(3.3,-8.590763273132,6.462297299336));
#2275 = VECTOR('',#2276,1.);
#2276 = DIRECTION('',(-1.,-0.,-0.));
#2277 = PCURVE('',#394,#2278);
#2278 = DEFINITIONAL_REPRESENTATION('',(#2279),#2283);
#2279 = LINE('',#2280,#2281);
#2280 = CARTESIAN_POINT('',(5.357320775767,0.));
#2281 = VECTOR('',#2282,1.);
#2282 = DIRECTION('',(0.,1.));
#2283 = ( GEOMETRIC_REPRESENTATION_CONTEXT(2) 
PARAMETRIC_REPRESENTATION_CONTEXT() REPRESENTATION_CONTEXT('2D SPACE',''
  ) );
#2284 = PCURVE('',#365,#2285);
#2285 = DEFINITIONAL_REPRESENTATION('',(#2286),#2290);
#2286 = LINE('',#2287,#2288);
#2287 = CARTESIAN_POINT('',(5.429294376381,0.));
#2288 = VECTOR('',#2289,1.);
#2289 = DIRECTION('',(0.,1.));
#2290 = ( GEOMETRIC_REPRESENTATION_CONTEXT(2) 
PARAMETRIC_REPRESENTATION_CONTEXT() REPRESENTATION_CONTEXT('2D SPACE',''
  ) );
#2291 = ORIENTED_EDGE('',*,*,#2292,.F.);
#2292 = EDGE_CURVE('',#2220,#2270,#2293,.T.);
#2293 = SURFACE_CURVE('',#2294,(#2299,#2306),.PCURVE_S1.);
#2294 = CIRCLE('',#2295,10.75);
#2295 = AXIS2_PLACEMENT_3D('',#2296,#2297,#2298);
#2296 = CARTESIAN_POINT('',(-2.,0.,0.));
#2297 = DIRECTION('',(-1.,0.,0.));
#2298 = DIRECTION('',(0.,0.,1.));
#2299 = PCURVE('',#394,#2300);
#2300 = DEFINITIONAL_REPRESENTATION('',(#2301),#2305);
#2301 = LINE('',#2302,#2303);
#2302 = CARTESIAN_POINT('',(0.,5.3));
#2303 = VECTOR('',#2304,1.);
#2304 = DIRECTION('',(1.,0.));
#2305 = ( GEOMETRIC_REPRESENTATION_CONTEXT(2) 
PARAMETRIC_REPRESENTATION_CONTEXT() REPRESENTATION_CONTEXT('2D SPACE',''
  ) );
#2306 = PCURVE('',#1191,#2307);
#2307 = DEFINITIONAL_REPRESENTATION('',(#2308),#2312);
#2308 = CIRCLE('',#2309,10.75);
#2309 = AXIS2_PLACEMENT_2D('',#2310,#2311);
#2310 = CARTESIAN_POINT('',(0.,0.));
#2311 = DIRECTION('',(1.,-2.22044604925E-16));
#2312 = ( GEOMETRIC_REPRESENTATION_CONTEXT(2) 
PARAMETRIC_REPRESENTATION_CONTEXT() REPRESENTATION_CONTEXT('2D SPACE',''
  ) );
#2313 = ADVANCED_FACE('',(#2314),#365,.F.);
#2314 = FACE_BOUND('',#2315,.F.);
#2315 = EDGE_LOOP('',(#2316,#2339,#2361,#2362));
#2316 = ORIENTED_EDGE('',*,*,#2317,.T.);
#2317 = EDGE_CURVE('',#320,#2318,#2320,.T.);
#2318 = VERTEX_POINT('',#2319);
#2319 = CARTESIAN_POINT('',(-2.,-7.08307795219,7.148187344646));
#2320 = SURFACE_CURVE('',#2321,(#2325,#2332),.PCURVE_S1.);
#2321 = LINE('',#2322,#2323);
#2322 = CARTESIAN_POINT('',(3.3,-7.08307795219,7.148187344646));
#2323 = VECTOR('',#2324,1.);
#2324 = DIRECTION('',(-1.,-0.,-0.));
#2325 = PCURVE('',#365,#2326);
#2326 = DEFINITIONAL_REPRESENTATION('',(#2327),#2331);
#2327 = LINE('',#2328,#2329);
#2328 = CARTESIAN_POINT('',(6.28318530718,0.));
#2329 = VECTOR('',#2330,1.);
#2330 = DIRECTION('',(0.,1.));
#2331 = ( GEOMETRIC_REPRESENTATION_CONTEXT(2) 
PARAMETRIC_REPRESENTATION_CONTEXT() REPRESENTATION_CONTEXT('2D SPACE',''
  ) );
#2332 = PCURVE('',#336,#2333);
#2333 = DEFINITIONAL_REPRESENTATION('',(#2334),#2338);
#2334 = LINE('',#2335,#2336);
#2335 = CARTESIAN_POINT('',(0.,0.));
#2336 = VECTOR('',#2337,1.);
#2337 = DIRECTION('',(0.,1.));
#2338 = ( GEOMETRIC_REPRESENTATION_CONTEXT(2) 
PARAMETRIC_REPRESENTATION_CONTEXT() REPRESENTATION_CONTEXT('2D SPACE',''
  ) );
#2339 = ORIENTED_EDGE('',*,*,#2340,.F.);
#2340 = EDGE_CURVE('',#2270,#2318,#2341,.T.);
#2341 = SURFACE_CURVE('',#2342,(#2347,#2354),.PCURVE_S1.);
#2342 = CIRCLE('',#2343,2.);
#2343 = AXIS2_PLACEMENT_3D('',#2344,#2345,#2346);
#2344 = CARTESIAN_POINT('',(-2.,-7.08307795219,5.148187344646));
#2345 = DIRECTION('',(-1.,0.,0.));
#2346 = DIRECTION('',(0.,0.,1.));
#2347 = PCURVE('',#365,#2348);
#2348 = DEFINITIONAL_REPRESENTATION('',(#2349),#2353);
#2349 = LINE('',#2350,#2351);
#2350 = CARTESIAN_POINT('',(0.,5.3));
#2351 = VECTOR('',#2352,1.);
#2352 = DIRECTION('',(1.,0.));
#2353 = ( GEOMETRIC_REPRESENTATION_CONTEXT(2) 
PARAMETRIC_REPRESENTATION_CONTEXT() REPRESENTATION_CONTEXT('2D SPACE',''
  ) );
#2354 = PCURVE('',#1191,#2355);
#2355 = DEFINITIONAL_REPRESENTATION('',(#2356),#2360);
#2356 = CIRCLE('',#2357,2.);
#2357 = AXIS2_PLACEMENT_2D('',#2358,#2359);
#2358 = CARTESIAN_POINT('',(5.148187344646,-7.08307795219));
#2359 = DIRECTION('',(1.,-2.22044604925E-16));
#2360 = ( GEOMETRIC_REPRESENTATION_CONTEXT(2) 
PARAMETRIC_REPRESENTATION_CONTEXT() REPRESENTATION_CONTEXT('2D SPACE',''
  ) );
#2361 = ORIENTED_EDGE('',*,*,#2269,.F.);
#2362 = ORIENTED_EDGE('',*,*,#348,.T.);
#2363 = ADVANCED_FACE('',(#2364),#336,.F.);
#2364 = FACE_BOUND('',#2365,.F.);
#2365 = EDGE_LOOP('',(#2366,#2367,#2390,#2412));
#2366 = ORIENTED_EDGE('',*,*,#319,.T.);
#2367 = ORIENTED_EDGE('',*,*,#2368,.T.);
#2368 = EDGE_CURVE('',#292,#2369,#2371,.T.);
#2369 = VERTEX_POINT('',#2370);
#2370 = CARTESIAN_POINT('',(-2.,-5.410607922225,6.244929793387));
#2371 = SURFACE_CURVE('',#2372,(#2376,#2383),.PCURVE_S1.);
#2372 = LINE('',#2373,#2374);
#2373 = CARTESIAN_POINT('',(3.3,-5.410607922225,6.244929793387));
#2374 = VECTOR('',#2375,1.);
#2375 = DIRECTION('',(-1.,-0.,-0.));
#2376 = PCURVE('',#336,#2377);
#2377 = DEFINITIONAL_REPRESENTATION('',(#2378),#2382);
#2378 = LINE('',#2379,#2380);
#2379 = CARTESIAN_POINT('',(0.990381084303,0.));
#2380 = VECTOR('',#2381,1.);
#2381 = DIRECTION('',(0.,1.));
#2382 = ( GEOMETRIC_REPRESENTATION_CONTEXT(2) 
PARAMETRIC_REPRESENTATION_CONTEXT() REPRESENTATION_CONTEXT('2D SPACE',''
  ) );
#2383 = PCURVE('',#307,#2384);
#2384 = DEFINITIONAL_REPRESENTATION('',(#2385),#2389);
#2385 = LINE('',#2386,#2387);
#2386 = CARTESIAN_POINT('',(-8.189250650235,0.));
#2387 = VECTOR('',#2388,1.);
#2388 = DIRECTION('',(0.,-1.));
#2389 = ( GEOMETRIC_REPRESENTATION_CONTEXT(2) 
PARAMETRIC_REPRESENTATION_CONTEXT() REPRESENTATION_CONTEXT('2D SPACE',''
  ) );
#2390 = ORIENTED_EDGE('',*,*,#2391,.F.);
#2391 = EDGE_CURVE('',#2318,#2369,#2392,.T.);
#2392 = SURFACE_CURVE('',#2393,(#2398,#2405),.PCURVE_S1.);
#2393 = CIRCLE('',#2394,2.);
#2394 = AXIS2_PLACEMENT_3D('',#2395,#2396,#2397);
#2395 = CARTESIAN_POINT('',(-2.,-7.08307795219,5.148187344646));
#2396 = DIRECTION('',(-1.,0.,0.));
#2397 = DIRECTION('',(0.,0.,1.));
#2398 = PCURVE('',#336,#2399);
#2399 = DEFINITIONAL_REPRESENTATION('',(#2400),#2404);
#2400 = LINE('',#2401,#2402);
#2401 = CARTESIAN_POINT('',(0.,5.3));
#2402 = VECTOR('',#2403,1.);
#2403 = DIRECTION('',(1.,0.));
#2404 = ( GEOMETRIC_REPRESENTATION_CONTEXT(2) 
PARAMETRIC_REPRESENTATION_CONTEXT() REPRESENTATION_CONTEXT('2D SPACE',''
  ) );
#2405 = PCURVE('',#1191,#2406);
#2406 = DEFINITIONAL_REPRESENTATION('',(#2407),#2411);
#2407 = CIRCLE('',#2408,2.);
#2408 = AXIS2_PLACEMENT_2D('',#2409,#2410);
#2409 = CARTESIAN_POINT('',(5.148187344646,-7.08307795219));
#2410 = DIRECTION('',(1.,-2.22044604925E-16));
#2411 = ( GEOMETRIC_REPRESENTATION_CONTEXT(2) 
PARAMETRIC_REPRESENTATION_CONTEXT() REPRESENTATION_CONTEXT('2D SPACE',''
  ) );
#2412 = ORIENTED_EDGE('',*,*,#2317,.F.);
#2413 = ADVANCED_FACE('',(#2414),#307,.T.);
#2414 = FACE_BOUND('',#2415,.T.);
#2415 = EDGE_LOOP('',(#2416,#2439,#2460,#2461));
#2416 = ORIENTED_EDGE('',*,*,#2417,.F.);
#2417 = EDGE_CURVE('',#2418,#2369,#2420,.T.);
#2418 = VERTEX_POINT('',#2419);
#2419 = CARTESIAN_POINT('',(-2.,-3.433280857411,3.229618168368));
#2420 = SURFACE_CURVE('',#2421,(#2425,#2432),.PCURVE_S1.);
#2421 = LINE('',#2422,#2423);
#2422 = CARTESIAN_POINT('',(-2.,-0.919858516481,-0.603208346807));
#2423 = VECTOR('',#2424,1.);
#2424 = DIRECTION('',(0.,-0.54837122437,0.836235014982));
#2425 = PCURVE('',#307,#2426);
#2426 = DEFINITIONAL_REPRESENTATION('',(#2427),#2431);
#2427 = LINE('',#2428,#2429);
#2428 = CARTESIAN_POINT('',(9.284073676313E-17,-5.3));
#2429 = VECTOR('',#2430,1.);
#2430 = DIRECTION('',(-1.,0.));
#2431 = ( GEOMETRIC_REPRESENTATION_CONTEXT(2) 
PARAMETRIC_REPRESENTATION_CONTEXT() REPRESENTATION_CONTEXT('2D SPACE',''
  ) );
#2432 = PCURVE('',#1191,#2433);
#2433 = DEFINITIONAL_REPRESENTATION('',(#2434),#2438);
#2434 = LINE('',#2435,#2436);
#2435 = CARTESIAN_POINT('',(-0.603208346807,-0.919858516481));
#2436 = VECTOR('',#2437,1.);
#2437 = DIRECTION('',(0.836235014982,-0.54837122437));
#2438 = ( GEOMETRIC_REPRESENTATION_CONTEXT(2) 
PARAMETRIC_REPRESENTATION_CONTEXT() REPRESENTATION_CONTEXT('2D SPACE',''
  ) );
#2439 = ORIENTED_EDGE('',*,*,#2440,.F.);
#2440 = EDGE_CURVE('',#263,#2418,#2441,.T.);
#2441 = SURFACE_CURVE('',#2442,(#2446,#2453),.PCURVE_S1.);
#2442 = LINE('',#2443,#2444);
#2443 = CARTESIAN_POINT('',(3.3,-3.433280857411,3.229618168368));
#2444 = VECTOR('',#2445,1.);
#2445 = DIRECTION('',(-1.,-0.,-0.));
#2446 = PCURVE('',#307,#2447);
#2447 = DEFINITIONAL_REPRESENTATION('',(#2448),#2452);
#2448 = LINE('',#2449,#2450);
#2449 = CARTESIAN_POINT('',(-4.583432224798,0.));
#2450 = VECTOR('',#2451,1.);
#2451 = DIRECTION('',(0.,-1.));
#2452 = ( GEOMETRIC_REPRESENTATION_CONTEXT(2) 
PARAMETRIC_REPRESENTATION_CONTEXT() REPRESENTATION_CONTEXT('2D SPACE',''
  ) );
#2453 = PCURVE('',#279,#2454);
#2454 = DEFINITIONAL_REPRESENTATION('',(#2455),#2459);
#2455 = LINE('',#2456,#2457);
#2456 = CARTESIAN_POINT('',(1.080141409001,0.));
#2457 = VECTOR('',#2458,1.);
#2458 = DIRECTION('',(0.,1.));
#2459 = ( GEOMETRIC_REPRESENTATION_CONTEXT(2) 
PARAMETRIC_REPRESENTATION_CONTEXT() REPRESENTATION_CONTEXT('2D SPACE',''
  ) );
#2460 = ORIENTED_EDGE('',*,*,#291,.F.);
#2461 = ORIENTED_EDGE('',*,*,#2368,.T.);
#2462 = ADVANCED_FACE('',(#2463),#279,.F.);
#2463 = FACE_BOUND('',#2464,.F.);
#2464 = EDGE_LOOP('',(#2465,#2466,#2467,#2495));
#2465 = ORIENTED_EDGE('',*,*,#2440,.F.);
#2466 = ORIENTED_EDGE('',*,*,#262,.T.);
#2467 = ORIENTED_EDGE('',*,*,#2468,.T.);
#2468 = EDGE_CURVE('',#234,#2469,#2471,.T.);
#2469 = VERTEX_POINT('',#2470);
#2470 = CARTESIAN_POINT('',(-2.,-3.28903282036,1.196771952626));
#2471 = SURFACE_CURVE('',#2472,(#2476,#2483),.PCURVE_S1.);
#2472 = LINE('',#2473,#2474);
#2473 = CARTESIAN_POINT('',(3.3,-3.28903282036,1.196771952626));
#2474 = VECTOR('',#2475,1.);
#2475 = DIRECTION('',(-1.,-0.,-0.));
#2476 = PCURVE('',#279,#2477);
#2477 = DEFINITIONAL_REPRESENTATION('',(#2478),#2482);
#2478 = LINE('',#2479,#2480);
#2479 = CARTESIAN_POINT('',(1.919771404629,0.));
#2480 = VECTOR('',#2481,1.);
#2481 = DIRECTION('',(0.,1.));
#2482 = ( GEOMETRIC_REPRESENTATION_CONTEXT(2) 
PARAMETRIC_REPRESENTATION_CONTEXT() REPRESENTATION_CONTEXT('2D SPACE',''
  ) );
#2483 = PCURVE('',#2484,#2489);
#2484 = CYLINDRICAL_SURFACE('',#2485,3.5);
#2485 = AXIS2_PLACEMENT_3D('',#2486,#2487,#2488);
#2486 = CARTESIAN_POINT('',(-3.3,0.,0.));
#2487 = DIRECTION('',(1.,0.,0.));
#2488 = DIRECTION('',(0.,0.,-1.));
#2489 = DEFINITIONAL_REPRESENTATION('',(#2490),#2494);
#2490 = LINE('',#2491,#2492);
#2491 = CARTESIAN_POINT('',(4.363413902551,6.6));
#2492 = VECTOR('',#2493,1.);
#2493 = DIRECTION('',(0.,-1.));
#2494 = ( GEOMETRIC_REPRESENTATION_CONTEXT(2) 
PARAMETRIC_REPRESENTATION_CONTEXT() REPRESENTATION_CONTEXT('2D SPACE',''
  ) );
#2495 = ORIENTED_EDGE('',*,*,#2496,.F.);
#2496 = EDGE_CURVE('',#2418,#2469,#2497,.T.);
#2497 = SURFACE_CURVE('',#2498,(#2503,#2510),.PCURVE_S1.);
#2498 = CIRCLE('',#2499,2.5);
#2499 = AXIS2_PLACEMENT_3D('',#2500,#2501,#2502);
#2500 = CARTESIAN_POINT('',(-2.,-5.638341977761,2.051609061644));
#2501 = DIRECTION('',(-1.,0.,0.));
#2502 = DIRECTION('',(0.,0.,1.));
#2503 = PCURVE('',#279,#2504);
#2504 = DEFINITIONAL_REPRESENTATION('',(#2505),#2509);
#2505 = LINE('',#2506,#2507);
#2506 = CARTESIAN_POINT('',(0.,5.3));
#2507 = VECTOR('',#2508,1.);
#2508 = DIRECTION('',(1.,0.));
#2509 = ( GEOMETRIC_REPRESENTATION_CONTEXT(2) 
PARAMETRIC_REPRESENTATION_CONTEXT() REPRESENTATION_CONTEXT('2D SPACE',''
  ) );
#2510 = PCURVE('',#1191,#2511);
#2511 = DEFINITIONAL_REPRESENTATION('',(#2512),#2516);
#2512 = CIRCLE('',#2513,2.5);
#2513 = AXIS2_PLACEMENT_2D('',#2514,#2515);
#2514 = CARTESIAN_POINT('',(2.051609061644,-5.638341977761));
#2515 = DIRECTION('',(1.,-2.22044604925E-16));
#2516 = ( GEOMETRIC_REPRESENTATION_CONTEXT(2) 
PARAMETRIC_REPRESENTATION_CONTEXT() REPRESENTATION_CONTEXT('2D SPACE',''
  ) );
#2517 = ADVANCED_FACE('',(#2518),#250,.T.);
#2518 = FACE_BOUND('',#2519,.F.);
#2519 = EDGE_LOOP('',(#2520,#2521,#2522,#2550));
#2520 = ORIENTED_EDGE('',*,*,#233,.T.);
#2521 = ORIENTED_EDGE('',*,*,#1038,.T.);
#2522 = ORIENTED_EDGE('',*,*,#2523,.T.);
#2523 = EDGE_CURVE('',#1039,#2524,#2526,.T.);
#2524 = VERTEX_POINT('',#2525);
#2525 = CARTESIAN_POINT('',(3.,-3.28903282036,1.196771952626));
#2526 = SURFACE_CURVE('',#2527,(#2532,#2539),.PCURVE_S1.);
#2527 = CIRCLE('',#2528,3.5);
#2528 = AXIS2_PLACEMENT_3D('',#2529,#2530,#2531);
#2529 = CARTESIAN_POINT('',(3.,0.,0.));
#2530 = DIRECTION('',(1.,0.,-0.));
#2531 = DIRECTION('',(0.,2.22044604925E-16,1.));
#2532 = PCURVE('',#250,#2533);
#2533 = DEFINITIONAL_REPRESENTATION('',(#2534),#2538);
#2534 = LINE('',#2535,#2536);
#2535 = CARTESIAN_POINT('',(-6.28318530718,1.));
#2536 = VECTOR('',#2537,1.);
#2537 = DIRECTION('',(1.,-0.));
#2538 = ( GEOMETRIC_REPRESENTATION_CONTEXT(2) 
PARAMETRIC_REPRESENTATION_CONTEXT() REPRESENTATION_CONTEXT('2D SPACE',''
  ) );
#2539 = PCURVE('',#1105,#2540);
#2540 = DEFINITIONAL_REPRESENTATION('',(#2541),#2549);
#2541 = ( BOUNDED_CURVE() B_SPLINE_CURVE(2,(#2542,#2543,#2544,#2545,
#2546,#2547,#2548),.UNSPECIFIED.,.T.,.F.) B_SPLINE_CURVE_WITH_KNOTS((1,2
    ,2,2,2,1),(-2.094395102393,0.,2.094395102393,4.188790204786,
6.28318530718,8.377580409573),.UNSPECIFIED.) CURVE() 
GEOMETRIC_REPRESENTATION_ITEM() RATIONAL_B_SPLINE_CURVE((1.,0.5,1.,0.5,
1.,0.5,1.)) REPRESENTATION_ITEM('') );
#2542 = CARTESIAN_POINT('',(3.5,0.));
#2543 = CARTESIAN_POINT('',(3.5,-6.062177826491));
#2544 = CARTESIAN_POINT('',(-1.75,-3.031088913246));
#2545 = CARTESIAN_POINT('',(-7.,-8.572527594031E-16));
#2546 = CARTESIAN_POINT('',(-1.75,3.031088913246));
#2547 = CARTESIAN_POINT('',(3.5,6.062177826491));
#2548 = CARTESIAN_POINT('',(3.5,0.));
#2549 = ( GEOMETRIC_REPRESENTATION_CONTEXT(2) 
PARAMETRIC_REPRESENTATION_CONTEXT() REPRESENTATION_CONTEXT('2D SPACE',''
  ) );
#2550 = ORIENTED_EDGE('',*,*,#2551,.T.);
#2551 = EDGE_CURVE('',#2524,#234,#2552,.T.);
#2552 = SURFACE_CURVE('',#2553,(#2557,#2564),.PCURVE_S1.);
#2553 = LINE('',#2554,#2555);
#2554 = CARTESIAN_POINT('',(3.3,-3.28903282036,1.196771952626));
#2555 = VECTOR('',#2556,1.);
#2556 = DIRECTION('',(-1.,-0.,-0.));
#2557 = PCURVE('',#250,#2558);
#2558 = DEFINITIONAL_REPRESENTATION('',(#2559),#2563);
#2559 = LINE('',#2560,#2561);
#2560 = CARTESIAN_POINT('',(-5.061364058219,1.3));
#2561 = VECTOR('',#2562,1.);
#2562 = DIRECTION('',(-0.,-1.));
#2563 = ( GEOMETRIC_REPRESENTATION_CONTEXT(2) 
PARAMETRIC_REPRESENTATION_CONTEXT() REPRESENTATION_CONTEXT('2D SPACE',''
  ) );
#2564 = PCURVE('',#2565,#2570);
#2565 = CYLINDRICAL_SURFACE('',#2566,3.5);
#2566 = AXIS2_PLACEMENT_3D('',#2567,#2568,#2569);
#2567 = CARTESIAN_POINT('',(-3.3,0.,0.));
#2568 = DIRECTION('',(1.,0.,0.));
#2569 = DIRECTION('',(0.,0.,-1.));
#2570 = DEFINITIONAL_REPRESENTATION('',(#2571),#2575);
#2571 = LINE('',#2572,#2573);
#2572 = CARTESIAN_POINT('',(4.363413902551,6.6));
#2573 = VECTOR('',#2574,1.);
#2574 = DIRECTION('',(0.,-1.));
#2575 = ( GEOMETRIC_REPRESENTATION_CONTEXT(2) 
PARAMETRIC_REPRESENTATION_CONTEXT() REPRESENTATION_CONTEXT('2D SPACE',''
  ) );
#2576 = ADVANCED_FACE('',(#2577),#999,.T.);
#2577 = FACE_BOUND('',#2578,.F.);
#2578 = EDGE_LOOP('',(#2579,#2612,#2633,#2634));
#2579 = ORIENTED_EDGE('',*,*,#2580,.T.);
#2580 = EDGE_CURVE('',#2581,#2581,#2583,.T.);
#2581 = VERTEX_POINT('',#2582);
#2582 = CARTESIAN_POINT('',(-2.,3.10862446895E-15,14.));
#2583 = SURFACE_CURVE('',#2584,(#2589,#2596),.PCURVE_S1.);
#2584 = CIRCLE('',#2585,14.);
#2585 = AXIS2_PLACEMENT_3D('',#2586,#2587,#2588);
#2586 = CARTESIAN_POINT('',(-2.,0.,0.));
#2587 = DIRECTION('',(-1.,0.,0.));
#2588 = DIRECTION('',(0.,2.22044604925E-16,1.));
#2589 = PCURVE('',#999,#2590);
#2590 = DEFINITIONAL_REPRESENTATION('',(#2591),#2595);
#2591 = LINE('',#2592,#2593);
#2592 = CARTESIAN_POINT('',(-0.,0.965));
#2593 = VECTOR('',#2594,1.);
#2594 = DIRECTION('',(-1.,0.));
#2595 = ( GEOMETRIC_REPRESENTATION_CONTEXT(2) 
PARAMETRIC_REPRESENTATION_CONTEXT() REPRESENTATION_CONTEXT('2D SPACE',''
  ) );
#2596 = PCURVE('',#2597,#2602);
#2597 = PLANE('',#2598);
#2598 = AXIS2_PLACEMENT_3D('',#2599,#2600,#2601);
#2599 = CARTESIAN_POINT('',(-2.,0.,0.));
#2600 = DIRECTION('',(1.,0.,0.));
#2601 = DIRECTION('',(0.,0.,-1.));
#2602 = DEFINITIONAL_REPRESENTATION('',(#2603),#2611);
#2603 = ( BOUNDED_CURVE() B_SPLINE_CURVE(2,(#2604,#2605,#2606,#2607,
#2608,#2609,#2610),.UNSPECIFIED.,.T.,.F.) B_SPLINE_CURVE_WITH_KNOTS((1,2
    ,2,2,2,1),(-2.094395102393,0.,2.094395102393,4.188790204786,
6.28318530718,8.377580409573),.UNSPECIFIED.) CURVE() 
GEOMETRIC_REPRESENTATION_ITEM() RATIONAL_B_SPLINE_CURVE((1.,0.5,1.,0.5,
1.,0.5,1.)) REPRESENTATION_ITEM('') );
#2604 = CARTESIAN_POINT('',(-14.,3.10862446895E-15));
#2605 = CARTESIAN_POINT('',(-14.,24.248711305964));
#2606 = CARTESIAN_POINT('',(7.,12.124355652982));
#2607 = CARTESIAN_POINT('',(28.,-2.788237900288E-15));
#2608 = CARTESIAN_POINT('',(7.,-12.12435565298));
#2609 = CARTESIAN_POINT('',(-14.,-24.24871130596));
#2610 = CARTESIAN_POINT('',(-14.,3.10862446895E-15));
#2611 = ( GEOMETRIC_REPRESENTATION_CONTEXT(2) 
PARAMETRIC_REPRESENTATION_CONTEXT() REPRESENTATION_CONTEXT('2D SPACE',''
  ) );
#2612 = ORIENTED_EDGE('',*,*,#2613,.T.);
#2613 = EDGE_CURVE('',#2581,#983,#2614,.T.);
#2614 = SEAM_CURVE('',#2615,(#2619,#2626),.PCURVE_S1.);
#2615 = LINE('',#2616,#2617);
#2616 = CARTESIAN_POINT('',(-2.965,3.10862446895E-15,14.));
#2617 = VECTOR('',#2618,1.);
#2618 = DIRECTION('',(1.,0.,0.));
#2619 = PCURVE('',#999,#2620);
#2620 = DEFINITIONAL_REPRESENTATION('',(#2621),#2625);
#2621 = LINE('',#2622,#2623);
#2622 = CARTESIAN_POINT('',(-0.,0.));
#2623 = VECTOR('',#2624,1.);
#2624 = DIRECTION('',(-0.,1.));
#2625 = ( GEOMETRIC_REPRESENTATION_CONTEXT(2) 
PARAMETRIC_REPRESENTATION_CONTEXT() REPRESENTATION_CONTEXT('2D SPACE',''
  ) );
#2626 = PCURVE('',#999,#2627);
#2627 = DEFINITIONAL_REPRESENTATION('',(#2628),#2632);
#2628 = LINE('',#2629,#2630);
#2629 = CARTESIAN_POINT('',(-6.28318530718,0.));
#2630 = VECTOR('',#2631,1.);
#2631 = DIRECTION('',(-0.,1.));
#2632 = ( GEOMETRIC_REPRESENTATION_CONTEXT(2) 
PARAMETRIC_REPRESENTATION_CONTEXT() REPRESENTATION_CONTEXT('2D SPACE',''
  ) );
#2633 = ORIENTED_EDGE('',*,*,#982,.F.);
#2634 = ORIENTED_EDGE('',*,*,#2613,.F.);
#2635 = ADVANCED_FACE('',(#2636),#1105,.F.);
#2636 = FACE_BOUND('',#2637,.F.);
#2637 = EDGE_LOOP('',(#2638,#2664,#2665,#2691,#2692,#2720,#2748,#2781,
    #2814,#2842,#2875,#2903,#2929,#2930));
#2638 = ORIENTED_EDGE('',*,*,#2639,.F.);
#2639 = EDGE_CURVE('',#1555,#1063,#2640,.T.);
#2640 = SURFACE_CURVE('',#2641,(#2646,#2657),.PCURVE_S1.);
#2641 = CIRCLE('',#2642,3.5);
#2642 = AXIS2_PLACEMENT_3D('',#2643,#2644,#2645);
#2643 = CARTESIAN_POINT('',(3.,0.,0.));
#2644 = DIRECTION('',(1.,0.,-0.));
#2645 = DIRECTION('',(0.,2.22044604925E-16,1.));
#2646 = PCURVE('',#1105,#2647);
#2647 = DEFINITIONAL_REPRESENTATION('',(#2648),#2656);
#2648 = ( BOUNDED_CURVE() B_SPLINE_CURVE(2,(#2649,#2650,#2651,#2652,
#2653,#2654,#2655),.UNSPECIFIED.,.T.,.F.) B_SPLINE_CURVE_WITH_KNOTS((1,2
    ,2,2,2,1),(-2.094395102393,0.,2.094395102393,4.188790204786,
6.28318530718,8.377580409573),.UNSPECIFIED.) CURVE() 
GEOMETRIC_REPRESENTATION_ITEM() RATIONAL_B_SPLINE_CURVE((1.,0.5,1.,0.5,
1.,0.5,1.)) REPRESENTATION_ITEM('') );
#2649 = CARTESIAN_POINT('',(3.5,0.));
#2650 = CARTESIAN_POINT('',(3.5,-6.062177826491));
#2651 = CARTESIAN_POINT('',(-1.75,-3.031088913246));
#2652 = CARTESIAN_POINT('',(-7.,-8.572527594031E-16));
#2653 = CARTESIAN_POINT('',(-1.75,3.031088913246));
#2654 = CARTESIAN_POINT('',(3.5,6.062177826491));
#2655 = CARTESIAN_POINT('',(3.5,0.));
#2656 = ( GEOMETRIC_REPRESENTATION_CONTEXT(2) 
PARAMETRIC_REPRESENTATION_CONTEXT() REPRESENTATION_CONTEXT('2D SPACE',''
  ) );
#2657 = PCURVE('',#1078,#2658);
#2658 = DEFINITIONAL_REPRESENTATION('',(#2659),#2663);
#2659 = LINE('',#2660,#2661);
#2660 = CARTESIAN_POINT('',(-3.14159265359,6.3));
#2661 = VECTOR('',#2662,1.);
#2662 = DIRECTION('',(1.,0.));
#2663 = ( GEOMETRIC_REPRESENTATION_CONTEXT(2) 
PARAMETRIC_REPRESENTATION_CONTEXT() REPRESENTATION_CONTEXT('2D SPACE',''
  ) );
#2664 = ORIENTED_EDGE('',*,*,#1606,.F.);
#2665 = ORIENTED_EDGE('',*,*,#2666,.F.);
#2666 = EDGE_CURVE('',#2011,#1579,#2667,.T.);
#2667 = SURFACE_CURVE('',#2668,(#2673,#2684),.PCURVE_S1.);
#2668 = CIRCLE('',#2669,3.5);
#2669 = AXIS2_PLACEMENT_3D('',#2670,#2671,#2672);
#2670 = CARTESIAN_POINT('',(3.,0.,0.));
#2671 = DIRECTION('',(1.,0.,-0.));
#2672 = DIRECTION('',(0.,2.22044604925E-16,1.));
#2673 = PCURVE('',#1105,#2674);
#2674 = DEFINITIONAL_REPRESENTATION('',(#2675),#2683);
#2675 = ( BOUNDED_CURVE() B_SPLINE_CURVE(2,(#2676,#2677,#2678,#2679,
#2680,#2681,#2682),.UNSPECIFIED.,.T.,.F.) B_SPLINE_CURVE_WITH_KNOTS((1,2
    ,2,2,2,1),(-2.094395102393,0.,2.094395102393,4.188790204786,
6.28318530718,8.377580409573),.UNSPECIFIED.) CURVE() 
GEOMETRIC_REPRESENTATION_ITEM() RATIONAL_B_SPLINE_CURVE((1.,0.5,1.,0.5,
1.,0.5,1.)) REPRESENTATION_ITEM('') );
#2676 = CARTESIAN_POINT('',(3.5,0.));
#2677 = CARTESIAN_POINT('',(3.5,-6.062177826491));
#2678 = CARTESIAN_POINT('',(-1.75,-3.031088913246));
#2679 = CARTESIAN_POINT('',(-7.,-8.572527594031E-16));
#2680 = CARTESIAN_POINT('',(-1.75,3.031088913246));
#2681 = CARTESIAN_POINT('',(3.5,6.062177826491));
#2682 = CARTESIAN_POINT('',(3.5,0.));
#2683 = ( GEOMETRIC_REPRESENTATION_CONTEXT(2) 
PARAMETRIC_REPRESENTATION_CONTEXT() REPRESENTATION_CONTEXT('2D SPACE',''
  ) );
#2684 = PCURVE('',#1594,#2685);
#2685 = DEFINITIONAL_REPRESENTATION('',(#2686),#2690);
#2686 = LINE('',#2687,#2688);
#2687 = CARTESIAN_POINT('',(-3.14159265359,6.3));
#2688 = VECTOR('',#2689,1.);
#2689 = DIRECTION('',(1.,0.));
#2690 = ( GEOMETRIC_REPRESENTATION_CONTEXT(2) 
PARAMETRIC_REPRESENTATION_CONTEXT() REPRESENTATION_CONTEXT('2D SPACE',''
  ) );
#2691 = ORIENTED_EDGE('',*,*,#2062,.F.);
#2692 = ORIENTED_EDGE('',*,*,#2693,.F.);
#2693 = EDGE_CURVE('',#2694,#2035,#2696,.T.);
#2694 = VERTEX_POINT('',#2695);
#2695 = CARTESIAN_POINT('',(3.,-3.464101615138,-0.5));
#2696 = SURFACE_CURVE('',#2697,(#2702,#2713),.PCURVE_S1.);
#2697 = CIRCLE('',#2698,3.5);
#2698 = AXIS2_PLACEMENT_3D('',#2699,#2700,#2701);
#2699 = CARTESIAN_POINT('',(3.,0.,0.));
#2700 = DIRECTION('',(1.,0.,-0.));
#2701 = DIRECTION('',(0.,2.22044604925E-16,1.));
#2702 = PCURVE('',#1105,#2703);
#2703 = DEFINITIONAL_REPRESENTATION('',(#2704),#2712);
#2704 = ( BOUNDED_CURVE() B_SPLINE_CURVE(2,(#2705,#2706,#2707,#2708,
#2709,#2710,#2711),.UNSPECIFIED.,.T.,.F.) B_SPLINE_CURVE_WITH_KNOTS((1,2
    ,2,2,2,1),(-2.094395102393,0.,2.094395102393,4.188790204786,
6.28318530718,8.377580409573),.UNSPECIFIED.) CURVE() 
GEOMETRIC_REPRESENTATION_ITEM() RATIONAL_B_SPLINE_CURVE((1.,0.5,1.,0.5,
1.,0.5,1.)) REPRESENTATION_ITEM('') );
#2705 = CARTESIAN_POINT('',(3.5,0.));
#2706 = CARTESIAN_POINT('',(3.5,-6.062177826491));
#2707 = CARTESIAN_POINT('',(-1.75,-3.031088913246));
#2708 = CARTESIAN_POINT('',(-7.,-8.572527594031E-16));
#2709 = CARTESIAN_POINT('',(-1.75,3.031088913246));
#2710 = CARTESIAN_POINT('',(3.5,6.062177826491));
#2711 = CARTESIAN_POINT('',(3.5,0.));
#2712 = ( GEOMETRIC_REPRESENTATION_CONTEXT(2) 
PARAMETRIC_REPRESENTATION_CONTEXT() REPRESENTATION_CONTEXT('2D SPACE',''
  ) );
#2713 = PCURVE('',#2050,#2714);
#2714 = DEFINITIONAL_REPRESENTATION('',(#2715),#2719);
#2715 = LINE('',#2716,#2717);
#2716 = CARTESIAN_POINT('',(3.14159265359,6.3));
#2717 = VECTOR('',#2718,1.);
#2718 = DIRECTION('',(1.,0.));
#2719 = ( GEOMETRIC_REPRESENTATION_CONTEXT(2) 
PARAMETRIC_REPRESENTATION_CONTEXT() REPRESENTATION_CONTEXT('2D SPACE',''
  ) );
#2720 = ORIENTED_EDGE('',*,*,#2721,.F.);
#2721 = EDGE_CURVE('',#2722,#2694,#2724,.T.);
#2722 = VERTEX_POINT('',#2723);
#2723 = CARTESIAN_POINT('',(3.,-1.414213562373,-0.5));
#2724 = SURFACE_CURVE('',#2725,(#2729,#2736),.PCURVE_S1.);
#2725 = LINE('',#2726,#2727);
#2726 = CARTESIAN_POINT('',(3.,5.25E-17,-0.5));
#2727 = VECTOR('',#2728,1.);
#2728 = DIRECTION('',(0.,-1.,-1.1E-16));
#2729 = PCURVE('',#1105,#2730);
#2730 = DEFINITIONAL_REPRESENTATION('',(#2731),#2735);
#2731 = LINE('',#2732,#2733);
#2732 = CARTESIAN_POINT('',(-0.5,1.635223024625E-16));
#2733 = VECTOR('',#2734,1.);
#2734 = DIRECTION('',(-3.32044604925E-16,-1.));
#2735 = ( GEOMETRIC_REPRESENTATION_CONTEXT(2) 
PARAMETRIC_REPRESENTATION_CONTEXT() REPRESENTATION_CONTEXT('2D SPACE',''
  ) );
#2736 = PCURVE('',#2737,#2742);
#2737 = PLANE('',#2738);
#2738 = AXIS2_PLACEMENT_3D('',#2739,#2740,#2741);
#2739 = CARTESIAN_POINT('',(-3.3,5.E-17,-0.5));
#2740 = DIRECTION('',(0.,-1.1E-16,1.));
#2741 = DIRECTION('',(0.,-1.,-1.1E-16));
#2742 = DEFINITIONAL_REPRESENTATION('',(#2743),#2747);
#2743 = LINE('',#2744,#2745);
#2744 = CARTESIAN_POINT('',(-2.5E-18,6.3));
#2745 = VECTOR('',#2746,1.);
#2746 = DIRECTION('',(1.,0.));
#2747 = ( GEOMETRIC_REPRESENTATION_CONTEXT(2) 
PARAMETRIC_REPRESENTATION_CONTEXT() REPRESENTATION_CONTEXT('2D SPACE',''
  ) );
#2748 = ORIENTED_EDGE('',*,*,#2749,.T.);
#2749 = EDGE_CURVE('',#2722,#2750,#2752,.T.);
#2750 = VERTEX_POINT('',#2751);
#2751 = CARTESIAN_POINT('',(3.,0.,-1.5));
#2752 = SURFACE_CURVE('',#2753,(#2758,#2769),.PCURVE_S1.);
#2753 = CIRCLE('',#2754,1.5);
#2754 = AXIS2_PLACEMENT_3D('',#2755,#2756,#2757);
#2755 = CARTESIAN_POINT('',(3.,0.,0.));
#2756 = DIRECTION('',(1.,-0.,0.));
#2757 = DIRECTION('',(0.,0.,-1.));
#2758 = PCURVE('',#1105,#2759);
#2759 = DEFINITIONAL_REPRESENTATION('',(#2760),#2768);
#2760 = ( BOUNDED_CURVE() B_SPLINE_CURVE(2,(#2761,#2762,#2763,#2764,
#2765,#2766,#2767),.UNSPECIFIED.,.T.,.F.) B_SPLINE_CURVE_WITH_KNOTS((1,2
    ,2,2,2,1),(-2.094395102393,0.,2.094395102393,4.188790204786,
6.28318530718,8.377580409573),.UNSPECIFIED.) CURVE() 
GEOMETRIC_REPRESENTATION_ITEM() RATIONAL_B_SPLINE_CURVE((1.,0.5,1.,0.5,
1.,0.5,1.)) REPRESENTATION_ITEM('') );
#2761 = CARTESIAN_POINT('',(-1.5,3.330669073875E-16));
#2762 = CARTESIAN_POINT('',(-1.5,2.598076211353));
#2763 = CARTESIAN_POINT('',(0.75,1.299038105677));
#2764 = CARTESIAN_POINT('',(3.,-2.987397750309E-16));
#2765 = CARTESIAN_POINT('',(0.75,-1.299038105677));
#2766 = CARTESIAN_POINT('',(-1.5,-2.598076211353));
#2767 = CARTESIAN_POINT('',(-1.5,3.330669073875E-16));
#2768 = ( GEOMETRIC_REPRESENTATION_CONTEXT(2) 
PARAMETRIC_REPRESENTATION_CONTEXT() REPRESENTATION_CONTEXT('2D SPACE',''
  ) );
#2769 = PCURVE('',#2770,#2775);
#2770 = CYLINDRICAL_SURFACE('',#2771,1.5);
#2771 = AXIS2_PLACEMENT_3D('',#2772,#2773,#2774);
#2772 = CARTESIAN_POINT('',(-3.3,0.,0.));
#2773 = DIRECTION('',(1.,0.,0.));
#2774 = DIRECTION('',(0.,0.,-1.));
#2775 = DEFINITIONAL_REPRESENTATION('',(#2776),#2780);
#2776 = LINE('',#2777,#2778);
#2777 = CARTESIAN_POINT('',(0.,6.3));
#2778 = VECTOR('',#2779,1.);
#2779 = DIRECTION('',(1.,0.));
#2780 = ( GEOMETRIC_REPRESENTATION_CONTEXT(2) 
PARAMETRIC_REPRESENTATION_CONTEXT() REPRESENTATION_CONTEXT('2D SPACE',''
  ) );
#2781 = ORIENTED_EDGE('',*,*,#2782,.T.);
#2782 = EDGE_CURVE('',#2750,#2783,#2785,.T.);
#2783 = VERTEX_POINT('',#2784);
#2784 = CARTESIAN_POINT('',(3.,1.,-1.11803398875));
#2785 = SURFACE_CURVE('',#2786,(#2791,#2802),.PCURVE_S1.);
#2786 = CIRCLE('',#2787,1.5);
#2787 = AXIS2_PLACEMENT_3D('',#2788,#2789,#2790);
#2788 = CARTESIAN_POINT('',(3.,0.,0.));
#2789 = DIRECTION('',(1.,-0.,0.));
#2790 = DIRECTION('',(0.,0.,-1.));
#2791 = PCURVE('',#1105,#2792);
#2792 = DEFINITIONAL_REPRESENTATION('',(#2793),#2801);
#2793 = ( BOUNDED_CURVE() B_SPLINE_CURVE(2,(#2794,#2795,#2796,#2797,
#2798,#2799,#2800),.UNSPECIFIED.,.T.,.F.) B_SPLINE_CURVE_WITH_KNOTS((1,2
    ,2,2,2,1),(-2.094395102393,0.,2.094395102393,4.188790204786,
6.28318530718,8.377580409573),.UNSPECIFIED.) CURVE() 
GEOMETRIC_REPRESENTATION_ITEM() RATIONAL_B_SPLINE_CURVE((1.,0.5,1.,0.5,
1.,0.5,1.)) REPRESENTATION_ITEM('') );
#2794 = CARTESIAN_POINT('',(-1.5,3.330669073875E-16));
#2795 = CARTESIAN_POINT('',(-1.5,2.598076211353));
#2796 = CARTESIAN_POINT('',(0.75,1.299038105677));
#2797 = CARTESIAN_POINT('',(3.,-2.987397750309E-16));
#2798 = CARTESIAN_POINT('',(0.75,-1.299038105677));
#2799 = CARTESIAN_POINT('',(-1.5,-2.598076211353));
#2800 = CARTESIAN_POINT('',(-1.5,3.330669073875E-16));
#2801 = ( GEOMETRIC_REPRESENTATION_CONTEXT(2) 
PARAMETRIC_REPRESENTATION_CONTEXT() REPRESENTATION_CONTEXT('2D SPACE',''
  ) );
#2802 = PCURVE('',#2803,#2808);
#2803 = CYLINDRICAL_SURFACE('',#2804,1.5);
#2804 = AXIS2_PLACEMENT_3D('',#2805,#2806,#2807);
#2805 = CARTESIAN_POINT('',(-3.3,0.,0.));
#2806 = DIRECTION('',(1.,0.,0.));
#2807 = DIRECTION('',(0.,0.,-1.));
#2808 = DEFINITIONAL_REPRESENTATION('',(#2809),#2813);
#2809 = LINE('',#2810,#2811);
#2810 = CARTESIAN_POINT('',(0.,6.3));
#2811 = VECTOR('',#2812,1.);
#2812 = DIRECTION('',(1.,0.));
#2813 = ( GEOMETRIC_REPRESENTATION_CONTEXT(2) 
PARAMETRIC_REPRESENTATION_CONTEXT() REPRESENTATION_CONTEXT('2D SPACE',''
  ) );
#2814 = ORIENTED_EDGE('',*,*,#2815,.T.);
#2815 = EDGE_CURVE('',#2783,#2816,#2818,.T.);
#2816 = VERTEX_POINT('',#2817);
#2817 = CARTESIAN_POINT('',(3.,1.,1.11803398875));
#2818 = SURFACE_CURVE('',#2819,(#2823,#2830),.PCURVE_S1.);
#2819 = LINE('',#2820,#2821);
#2820 = CARTESIAN_POINT('',(3.,1.,0.));
#2821 = VECTOR('',#2822,1.);
#2822 = DIRECTION('',(0.,0.,1.));
#2823 = PCURVE('',#1105,#2824);
#2824 = DEFINITIONAL_REPRESENTATION('',(#2825),#2829);
#2825 = LINE('',#2826,#2827);
#2826 = CARTESIAN_POINT('',(2.22044604925E-16,1.));
#2827 = VECTOR('',#2828,1.);
#2828 = DIRECTION('',(1.,-2.22044604925E-16));
#2829 = ( GEOMETRIC_REPRESENTATION_CONTEXT(2) 
PARAMETRIC_REPRESENTATION_CONTEXT() REPRESENTATION_CONTEXT('2D SPACE',''
  ) );
#2830 = PCURVE('',#2831,#2836);
#2831 = PLANE('',#2832);
#2832 = AXIS2_PLACEMENT_3D('',#2833,#2834,#2835);
#2833 = CARTESIAN_POINT('',(-3.3,1.,0.));
#2834 = DIRECTION('',(0.,1.,0.));
#2835 = DIRECTION('',(0.,0.,1.));
#2836 = DEFINITIONAL_REPRESENTATION('',(#2837),#2841);
#2837 = LINE('',#2838,#2839);
#2838 = CARTESIAN_POINT('',(0.,6.3));
#2839 = VECTOR('',#2840,1.);
#2840 = DIRECTION('',(1.,0.));
#2841 = ( GEOMETRIC_REPRESENTATION_CONTEXT(2) 
PARAMETRIC_REPRESENTATION_CONTEXT() REPRESENTATION_CONTEXT('2D SPACE',''
  ) );
#2842 = ORIENTED_EDGE('',*,*,#2843,.T.);
#2843 = EDGE_CURVE('',#2816,#2844,#2846,.T.);
#2844 = VERTEX_POINT('',#2845);
#2845 = CARTESIAN_POINT('',(3.,-1.414213562373,0.5));
#2846 = SURFACE_CURVE('',#2847,(#2852,#2863),.PCURVE_S1.);
#2847 = CIRCLE('',#2848,1.5);
#2848 = AXIS2_PLACEMENT_3D('',#2849,#2850,#2851);
#2849 = CARTESIAN_POINT('',(3.,0.,0.));
#2850 = DIRECTION('',(1.,-0.,0.));
#2851 = DIRECTION('',(0.,0.,-1.));
#2852 = PCURVE('',#1105,#2853);
#2853 = DEFINITIONAL_REPRESENTATION('',(#2854),#2862);
#2854 = ( BOUNDED_CURVE() B_SPLINE_CURVE(2,(#2855,#2856,#2857,#2858,
#2859,#2860,#2861),.UNSPECIFIED.,.T.,.F.) B_SPLINE_CURVE_WITH_KNOTS((1,2
    ,2,2,2,1),(-2.094395102393,0.,2.094395102393,4.188790204786,
6.28318530718,8.377580409573),.UNSPECIFIED.) CURVE() 
GEOMETRIC_REPRESENTATION_ITEM() RATIONAL_B_SPLINE_CURVE((1.,0.5,1.,0.5,
1.,0.5,1.)) REPRESENTATION_ITEM('') );
#2855 = CARTESIAN_POINT('',(-1.5,3.330669073875E-16));
#2856 = CARTESIAN_POINT('',(-1.5,2.598076211353));
#2857 = CARTESIAN_POINT('',(0.75,1.299038105677));
#2858 = CARTESIAN_POINT('',(3.,-2.987397750309E-16));
#2859 = CARTESIAN_POINT('',(0.75,-1.299038105677));
#2860 = CARTESIAN_POINT('',(-1.5,-2.598076211353));
#2861 = CARTESIAN_POINT('',(-1.5,3.330669073875E-16));
#2862 = ( GEOMETRIC_REPRESENTATION_CONTEXT(2) 
PARAMETRIC_REPRESENTATION_CONTEXT() REPRESENTATION_CONTEXT('2D SPACE',''
  ) );
#2863 = PCURVE('',#2864,#2869);
#2864 = CYLINDRICAL_SURFACE('',#2865,1.5);
#2865 = AXIS2_PLACEMENT_3D('',#2866,#2867,#2868);
#2866 = CARTESIAN_POINT('',(-3.3,0.,0.));
#2867 = DIRECTION('',(1.,0.,0.));
#2868 = DIRECTION('',(0.,0.,-1.));
#2869 = DEFINITIONAL_REPRESENTATION('',(#2870),#2874);
#2870 = LINE('',#2871,#2872);
#2871 = CARTESIAN_POINT('',(0.,6.3));
#2872 = VECTOR('',#2873,1.);
#2873 = DIRECTION('',(1.,0.));
#2874 = ( GEOMETRIC_REPRESENTATION_CONTEXT(2) 
PARAMETRIC_REPRESENTATION_CONTEXT() REPRESENTATION_CONTEXT('2D SPACE',''
  ) );
#2875 = ORIENTED_EDGE('',*,*,#2876,.T.);
#2876 = EDGE_CURVE('',#2844,#2877,#2879,.T.);
#2877 = VERTEX_POINT('',#2878);
#2878 = CARTESIAN_POINT('',(3.,-3.464101615138,0.5));
#2879 = SURFACE_CURVE('',#2880,(#2884,#2891),.PCURVE_S1.);
#2880 = LINE('',#2881,#2882);
#2881 = CARTESIAN_POINT('',(3.,0.,0.5));
#2882 = VECTOR('',#2883,1.);
#2883 = DIRECTION('',(0.,-1.,0.));
#2884 = PCURVE('',#1105,#2885);
#2885 = DEFINITIONAL_REPRESENTATION('',(#2886),#2890);
#2886 = LINE('',#2887,#2888);
#2887 = CARTESIAN_POINT('',(0.5,-1.110223024625E-16));
#2888 = VECTOR('',#2889,1.);
#2889 = DIRECTION('',(-2.22044604925E-16,-1.));
#2890 = ( GEOMETRIC_REPRESENTATION_CONTEXT(2) 
PARAMETRIC_REPRESENTATION_CONTEXT() REPRESENTATION_CONTEXT('2D SPACE',''
  ) );
#2891 = PCURVE('',#2892,#2897);
#2892 = PLANE('',#2893);
#2893 = AXIS2_PLACEMENT_3D('',#2894,#2895,#2896);
#2894 = CARTESIAN_POINT('',(-3.3,0.,0.5));
#2895 = DIRECTION('',(0.,0.,1.));
#2896 = DIRECTION('',(1.,0.,0.));
#2897 = DEFINITIONAL_REPRESENTATION('',(#2898),#2902);
#2898 = LINE('',#2899,#2900);
#2899 = CARTESIAN_POINT('',(6.3,0.));
#2900 = VECTOR('',#2901,1.);
#2901 = DIRECTION('',(0.,-1.));
#2902 = ( GEOMETRIC_REPRESENTATION_CONTEXT(2) 
PARAMETRIC_REPRESENTATION_CONTEXT() REPRESENTATION_CONTEXT('2D SPACE',''
  ) );
#2903 = ORIENTED_EDGE('',*,*,#2904,.F.);
#2904 = EDGE_CURVE('',#2524,#2877,#2905,.T.);
#2905 = SURFACE_CURVE('',#2906,(#2911,#2922),.PCURVE_S1.);
#2906 = CIRCLE('',#2907,3.5);
#2907 = AXIS2_PLACEMENT_3D('',#2908,#2909,#2910);
#2908 = CARTESIAN_POINT('',(3.,0.,0.));
#2909 = DIRECTION('',(1.,0.,-0.));
#2910 = DIRECTION('',(0.,2.22044604925E-16,1.));
#2911 = PCURVE('',#1105,#2912);
#2912 = DEFINITIONAL_REPRESENTATION('',(#2913),#2921);
#2913 = ( BOUNDED_CURVE() B_SPLINE_CURVE(2,(#2914,#2915,#2916,#2917,
#2918,#2919,#2920),.UNSPECIFIED.,.T.,.F.) B_SPLINE_CURVE_WITH_KNOTS((1,2
    ,2,2,2,1),(-2.094395102393,0.,2.094395102393,4.188790204786,
6.28318530718,8.377580409573),.UNSPECIFIED.) CURVE() 
GEOMETRIC_REPRESENTATION_ITEM() RATIONAL_B_SPLINE_CURVE((1.,0.5,1.,0.5,
1.,0.5,1.)) REPRESENTATION_ITEM('') );
#2914 = CARTESIAN_POINT('',(3.5,0.));
#2915 = CARTESIAN_POINT('',(3.5,-6.062177826491));
#2916 = CARTESIAN_POINT('',(-1.75,-3.031088913246));
#2917 = CARTESIAN_POINT('',(-7.,-8.572527594031E-16));
#2918 = CARTESIAN_POINT('',(-1.75,3.031088913246));
#2919 = CARTESIAN_POINT('',(3.5,6.062177826491));
#2920 = CARTESIAN_POINT('',(3.5,0.));
#2921 = ( GEOMETRIC_REPRESENTATION_CONTEXT(2) 
PARAMETRIC_REPRESENTATION_CONTEXT() REPRESENTATION_CONTEXT('2D SPACE',''
  ) );
#2922 = PCURVE('',#2565,#2923);
#2923 = DEFINITIONAL_REPRESENTATION('',(#2924),#2928);
#2924 = LINE('',#2925,#2926);
#2925 = CARTESIAN_POINT('',(3.14159265359,6.3));
#2926 = VECTOR('',#2927,1.);
#2927 = DIRECTION('',(1.,0.));
#2928 = ( GEOMETRIC_REPRESENTATION_CONTEXT(2) 
PARAMETRIC_REPRESENTATION_CONTEXT() REPRESENTATION_CONTEXT('2D SPACE',''
  ) );
#2929 = ORIENTED_EDGE('',*,*,#2523,.F.);
#2930 = ORIENTED_EDGE('',*,*,#1090,.F.);
#2931 = ADVANCED_FACE('',(#2932),#1078,.T.);
#2932 = FACE_BOUND('',#2933,.T.);
#2933 = EDGE_LOOP('',(#2934,#2935,#2936,#2937));
#2934 = ORIENTED_EDGE('',*,*,#1062,.F.);
#2935 = ORIENTED_EDGE('',*,*,#2639,.F.);
#2936 = ORIENTED_EDGE('',*,*,#1554,.T.);
#2937 = ORIENTED_EDGE('',*,*,#2938,.F.);
#2938 = EDGE_CURVE('',#205,#723,#2939,.T.);
#2939 = SURFACE_CURVE('',#2940,(#2945,#2952),.PCURVE_S1.);
#2940 = CIRCLE('',#2941,3.5);
#2941 = AXIS2_PLACEMENT_3D('',#2942,#2943,#2944);
#2942 = CARTESIAN_POINT('',(2.,0.,0.));
#2943 = DIRECTION('',(-1.,0.,0.));
#2944 = DIRECTION('',(0.,2.22044604925E-16,1.));
#2945 = PCURVE('',#1078,#2946);
#2946 = DEFINITIONAL_REPRESENTATION('',(#2947),#2951);
#2947 = LINE('',#2948,#2949);
#2948 = CARTESIAN_POINT('',(3.14159265359,5.3));
#2949 = VECTOR('',#2950,1.);
#2950 = DIRECTION('',(-1.,0.));
#2951 = ( GEOMETRIC_REPRESENTATION_CONTEXT(2) 
PARAMETRIC_REPRESENTATION_CONTEXT() REPRESENTATION_CONTEXT('2D SPACE',''
  ) );
#2952 = PCURVE('',#1140,#2953);
#2953 = DEFINITIONAL_REPRESENTATION('',(#2954),#2958);
#2954 = LINE('',#2955,#2956);
#2955 = CARTESIAN_POINT('',(3.14159265359,5.3));
#2956 = VECTOR('',#2957,1.);
#2957 = DIRECTION('',(-1.,0.));
#2958 = ( GEOMETRIC_REPRESENTATION_CONTEXT(2) 
PARAMETRIC_REPRESENTATION_CONTEXT() REPRESENTATION_CONTEXT('2D SPACE',''
  ) );
#2959 = ADVANCED_FACE('',(#2960),#1140,.T.);
#2960 = FACE_BOUND('',#2961,.T.);
#2961 = EDGE_LOOP('',(#2962,#2963,#2964,#2965));
#2962 = ORIENTED_EDGE('',*,*,#1124,.F.);
#2963 = ORIENTED_EDGE('',*,*,#2938,.T.);
#2964 = ORIENTED_EDGE('',*,*,#1506,.T.);
#2965 = ORIENTED_EDGE('',*,*,#2966,.T.);
#2966 = EDGE_CURVE('',#1507,#1125,#2967,.T.);
#2967 = SURFACE_CURVE('',#2968,(#2973,#2980),.PCURVE_S1.);
#2968 = CIRCLE('',#2969,3.5);
#2969 = AXIS2_PLACEMENT_3D('',#2970,#2971,#2972);
#2970 = CARTESIAN_POINT('',(-2.,0.,0.));
#2971 = DIRECTION('',(1.,-0.,0.));
#2972 = DIRECTION('',(0.,0.,-1.));
#2973 = PCURVE('',#1140,#2974);
#2974 = DEFINITIONAL_REPRESENTATION('',(#2975),#2979);
#2975 = LINE('',#2976,#2977);
#2976 = CARTESIAN_POINT('',(0.,1.3));
#2977 = VECTOR('',#2978,1.);
#2978 = DIRECTION('',(1.,0.));
#2979 = ( GEOMETRIC_REPRESENTATION_CONTEXT(2) 
PARAMETRIC_REPRESENTATION_CONTEXT() REPRESENTATION_CONTEXT('2D SPACE',''
  ) );
#2980 = PCURVE('',#1191,#2981);
#2981 = DEFINITIONAL_REPRESENTATION('',(#2982),#2990);
#2982 = ( BOUNDED_CURVE() B_SPLINE_CURVE(2,(#2983,#2984,#2985,#2986,
#2987,#2988,#2989),.UNSPECIFIED.,.T.,.F.) B_SPLINE_CURVE_WITH_KNOTS((1,2
    ,2,2,2,1),(-2.094395102393,0.,2.094395102393,4.188790204786,
6.28318530718,8.377580409573),.UNSPECIFIED.) CURVE() 
GEOMETRIC_REPRESENTATION_ITEM() RATIONAL_B_SPLINE_CURVE((1.,0.5,1.,0.5,
1.,0.5,1.)) REPRESENTATION_ITEM('') );
#2983 = CARTESIAN_POINT('',(-3.5,7.771561172376E-16));
#2984 = CARTESIAN_POINT('',(-3.5,6.062177826491));
#2985 = CARTESIAN_POINT('',(1.75,3.031088913246));
#2986 = CARTESIAN_POINT('',(7.,-6.970594750721E-16));
#2987 = CARTESIAN_POINT('',(1.75,-3.031088913246));
#2988 = CARTESIAN_POINT('',(-3.5,-6.062177826491));
#2989 = CARTESIAN_POINT('',(-3.5,7.771561172376E-16));
#2990 = ( GEOMETRIC_REPRESENTATION_CONTEXT(2) 
PARAMETRIC_REPRESENTATION_CONTEXT() REPRESENTATION_CONTEXT('2D SPACE',''
  ) );
#2991 = ADVANCED_FACE('',(#2992,#3050,#3267,#3278),#1191,.T.);
#2992 = FACE_BOUND('',#2993,.F.);
#2993 = EDGE_LOOP('',(#2994,#3024));
#2994 = ORIENTED_EDGE('',*,*,#2995,.T.);
#2995 = EDGE_CURVE('',#2996,#2998,#3000,.T.);
#2996 = VERTEX_POINT('',#2997);
#2997 = CARTESIAN_POINT('',(-2.,0.,13.75));
#2998 = VERTEX_POINT('',#2999);
#2999 = CARTESIAN_POINT('',(-2.,2.E-15,-13.75));
#3000 = SURFACE_CURVE('',#3001,(#3006,#3017),.PCURVE_S1.);
#3001 = CIRCLE('',#3002,13.75);
#3002 = AXIS2_PLACEMENT_3D('',#3003,#3004,#3005);
#3003 = CARTESIAN_POINT('',(-2.,0.,0.));
#3004 = DIRECTION('',(1.,-0.,0.));
#3005 = DIRECTION('',(0.,0.,-1.));
#3006 = PCURVE('',#1191,#3007);
#3007 = DEFINITIONAL_REPRESENTATION('',(#3008),#3016);
#3008 = ( BOUNDED_CURVE() B_SPLINE_CURVE(2,(#3009,#3010,#3011,#3012,
#3013,#3014,#3015),.UNSPECIFIED.,.T.,.F.) B_SPLINE_CURVE_WITH_KNOTS((1,2
    ,2,2,2,1),(-2.094395102393,0.,2.094395102393,4.188790204786,
6.28318530718,8.377580409573),.UNSPECIFIED.) CURVE() 
GEOMETRIC_REPRESENTATION_ITEM() RATIONAL_B_SPLINE_CURVE((1.,0.5,1.,0.5,
1.,0.5,1.)) REPRESENTATION_ITEM('') );
#3009 = CARTESIAN_POINT('',(-13.75,3.053113317719E-15));
#3010 = CARTESIAN_POINT('',(-13.75,23.815698604072));
#3011 = CARTESIAN_POINT('',(6.875,11.907849302036));
#3012 = CARTESIAN_POINT('',(27.5,-2.738447937783E-15));
#3013 = CARTESIAN_POINT('',(6.875,-11.90784930203));
#3014 = CARTESIAN_POINT('',(-13.75,-23.81569860407));
#3015 = CARTESIAN_POINT('',(-13.75,3.053113317719E-15));
#3016 = ( GEOMETRIC_REPRESENTATION_CONTEXT(2) 
PARAMETRIC_REPRESENTATION_CONTEXT() REPRESENTATION_CONTEXT('2D SPACE',''
  ) );
#3017 = PCURVE('',#2597,#3018);
#3018 = DEFINITIONAL_REPRESENTATION('',(#3019),#3023);
#3019 = CIRCLE('',#3020,13.75);
#3020 = AXIS2_PLACEMENT_2D('',#3021,#3022);
#3021 = CARTESIAN_POINT('',(0.,0.));
#3022 = DIRECTION('',(1.,0.));
#3023 = ( GEOMETRIC_REPRESENTATION_CONTEXT(2) 
PARAMETRIC_REPRESENTATION_CONTEXT() REPRESENTATION_CONTEXT('2D SPACE',''
  ) );
#3024 = ORIENTED_EDGE('',*,*,#3025,.T.);
#3025 = EDGE_CURVE('',#2998,#2996,#3026,.T.);
#3026 = SURFACE_CURVE('',#3027,(#3032,#3043),.PCURVE_S1.);
#3027 = CIRCLE('',#3028,13.75);
#3028 = AXIS2_PLACEMENT_3D('',#3029,#3030,#3031);
#3029 = CARTESIAN_POINT('',(-2.,0.,0.));
#3030 = DIRECTION('',(1.,-0.,0.));
#3031 = DIRECTION('',(0.,0.,-1.));
#3032 = PCURVE('',#1191,#3033);
#3033 = DEFINITIONAL_REPRESENTATION('',(#3034),#3042);
#3034 = ( BOUNDED_CURVE() B_SPLINE_CURVE(2,(#3035,#3036,#3037,#3038,
#3039,#3040,#3041),.UNSPECIFIED.,.T.,.F.) B_SPLINE_CURVE_WITH_KNOTS((1,2
    ,2,2,2,1),(-2.094395102393,0.,2.094395102393,4.188790204786,
6.28318530718,8.377580409573),.UNSPECIFIED.) CURVE() 
GEOMETRIC_REPRESENTATION_ITEM() RATIONAL_B_SPLINE_CURVE((1.,0.5,1.,0.5,
1.,0.5,1.)) REPRESENTATION_ITEM('') );
#3035 = CARTESIAN_POINT('',(-13.75,3.053113317719E-15));
#3036 = CARTESIAN_POINT('',(-13.75,23.815698604072));
#3037 = CARTESIAN_POINT('',(6.875,11.907849302036));
#3038 = CARTESIAN_POINT('',(27.5,-2.738447937783E-15));
#3039 = CARTESIAN_POINT('',(6.875,-11.90784930203));
#3040 = CARTESIAN_POINT('',(-13.75,-23.81569860407));
#3041 = CARTESIAN_POINT('',(-13.75,3.053113317719E-15));
#3042 = ( GEOMETRIC_REPRESENTATION_CONTEXT(2) 
PARAMETRIC_REPRESENTATION_CONTEXT() REPRESENTATION_CONTEXT('2D SPACE',''
  ) );
#3043 = PCURVE('',#2597,#3044);
#3044 = DEFINITIONAL_REPRESENTATION('',(#3045),#3049);
#3045 = CIRCLE('',#3046,13.75);
#3046 = AXIS2_PLACEMENT_2D('',#3047,#3048);
#3047 = CARTESIAN_POINT('',(0.,0.));
#3048 = DIRECTION('',(1.,0.));
#3049 = ( GEOMETRIC_REPRESENTATION_CONTEXT(2) 
PARAMETRIC_REPRESENTATION_CONTEXT() REPRESENTATION_CONTEXT('2D SPACE',''
  ) );
#3050 = FACE_BOUND('',#3051,.F.);
#3051 = EDGE_LOOP('',(#3052,#3053,#3054,#3055,#3056,#3084,#3107,#3135,
    #3158,#3186,#3214,#3237,#3263,#3264,#3265,#3266));
#3052 = ORIENTED_EDGE('',*,*,#2340,.T.);
#3053 = ORIENTED_EDGE('',*,*,#2391,.T.);
#3054 = ORIENTED_EDGE('',*,*,#2417,.F.);
#3055 = ORIENTED_EDGE('',*,*,#2496,.T.);
#3056 = ORIENTED_EDGE('',*,*,#3057,.T.);
#3057 = EDGE_CURVE('',#2469,#3058,#3060,.T.);
#3058 = VERTEX_POINT('',#3059);
#3059 = CARTESIAN_POINT('',(-2.,-3.464101615138,0.5));
#3060 = SURFACE_CURVE('',#3061,(#3066,#3077),.PCURVE_S1.);
#3061 = CIRCLE('',#3062,3.5);
#3062 = AXIS2_PLACEMENT_3D('',#3063,#3064,#3065);
#3063 = CARTESIAN_POINT('',(-2.,0.,0.));
#3064 = DIRECTION('',(1.,-0.,0.));
#3065 = DIRECTION('',(0.,0.,-1.));
#3066 = PCURVE('',#1191,#3067);
#3067 = DEFINITIONAL_REPRESENTATION('',(#3068),#3076);
#3068 = ( BOUNDED_CURVE() B_SPLINE_CURVE(2,(#3069,#3070,#3071,#3072,
#3073,#3074,#3075),.UNSPECIFIED.,.T.,.F.) B_SPLINE_CURVE_WITH_KNOTS((1,2
    ,2,2,2,1),(-2.094395102393,0.,2.094395102393,4.188790204786,
6.28318530718,8.377580409573),.UNSPECIFIED.) CURVE() 
GEOMETRIC_REPRESENTATION_ITEM() RATIONAL_B_SPLINE_CURVE((1.,0.5,1.,0.5,
1.,0.5,1.)) REPRESENTATION_ITEM('') );
#3069 = CARTESIAN_POINT('',(-3.5,7.771561172376E-16));
#3070 = CARTESIAN_POINT('',(-3.5,6.062177826491));
#3071 = CARTESIAN_POINT('',(1.75,3.031088913246));
#3072 = CARTESIAN_POINT('',(7.,-6.970594750721E-16));
#3073 = CARTESIAN_POINT('',(1.75,-3.031088913246));
#3074 = CARTESIAN_POINT('',(-3.5,-6.062177826491));
#3075 = CARTESIAN_POINT('',(-3.5,7.771561172376E-16));
#3076 = ( GEOMETRIC_REPRESENTATION_CONTEXT(2) 
PARAMETRIC_REPRESENTATION_CONTEXT() REPRESENTATION_CONTEXT('2D SPACE',''
  ) );
#3077 = PCURVE('',#2484,#3078);
#3078 = DEFINITIONAL_REPRESENTATION('',(#3079),#3083);
#3079 = LINE('',#3080,#3081);
#3080 = CARTESIAN_POINT('',(0.,1.3));
#3081 = VECTOR('',#3082,1.);
#3082 = DIRECTION('',(1.,0.));
#3083 = ( GEOMETRIC_REPRESENTATION_CONTEXT(2) 
PARAMETRIC_REPRESENTATION_CONTEXT() REPRESENTATION_CONTEXT('2D SPACE',''
  ) );
#3084 = ORIENTED_EDGE('',*,*,#3085,.T.);
#3085 = EDGE_CURVE('',#3058,#3086,#3088,.T.);
#3086 = VERTEX_POINT('',#3087);
#3087 = CARTESIAN_POINT('',(-2.,-1.414213562373,0.5));
#3088 = SURFACE_CURVE('',#3089,(#3093,#3100),.PCURVE_S1.);
#3089 = LINE('',#3090,#3091);
#3090 = CARTESIAN_POINT('',(-2.,0.,0.5));
#3091 = VECTOR('',#3092,1.);
#3092 = DIRECTION('',(0.,1.,0.));
#3093 = PCURVE('',#1191,#3094);
#3094 = DEFINITIONAL_REPRESENTATION('',(#3095),#3099);
#3095 = LINE('',#3096,#3097);
#3096 = CARTESIAN_POINT('',(0.5,-1.110223024625E-16));
#3097 = VECTOR('',#3098,1.);
#3098 = DIRECTION('',(2.22044604925E-16,1.));
#3099 = ( GEOMETRIC_REPRESENTATION_CONTEXT(2) 
PARAMETRIC_REPRESENTATION_CONTEXT() REPRESENTATION_CONTEXT('2D SPACE',''
  ) );
#3100 = PCURVE('',#2892,#3101);
#3101 = DEFINITIONAL_REPRESENTATION('',(#3102),#3106);
#3102 = LINE('',#3103,#3104);
#3103 = CARTESIAN_POINT('',(1.3,0.));
#3104 = VECTOR('',#3105,1.);
#3105 = DIRECTION('',(0.,1.));
#3106 = ( GEOMETRIC_REPRESENTATION_CONTEXT(2) 
PARAMETRIC_REPRESENTATION_CONTEXT() REPRESENTATION_CONTEXT('2D SPACE',''
  ) );
#3107 = ORIENTED_EDGE('',*,*,#3108,.F.);
#3108 = EDGE_CURVE('',#3109,#3086,#3111,.T.);
#3109 = VERTEX_POINT('',#3110);
#3110 = CARTESIAN_POINT('',(-2.,1.,1.11803398875));
#3111 = SURFACE_CURVE('',#3112,(#3117,#3128),.PCURVE_S1.);
#3112 = CIRCLE('',#3113,1.5);
#3113 = AXIS2_PLACEMENT_3D('',#3114,#3115,#3116);
#3114 = CARTESIAN_POINT('',(-2.,0.,0.));
#3115 = DIRECTION('',(1.,-0.,0.));
#3116 = DIRECTION('',(0.,0.,-1.));
#3117 = PCURVE('',#1191,#3118);
#3118 = DEFINITIONAL_REPRESENTATION('',(#3119),#3127);
#3119 = ( BOUNDED_CURVE() B_SPLINE_CURVE(2,(#3120,#3121,#3122,#3123,
#3124,#3125,#3126),.UNSPECIFIED.,.T.,.F.) B_SPLINE_CURVE_WITH_KNOTS((1,2
    ,2,2,2,1),(-2.094395102393,0.,2.094395102393,4.188790204786,
6.28318530718,8.377580409573),.UNSPECIFIED.) CURVE() 
GEOMETRIC_REPRESENTATION_ITEM() RATIONAL_B_SPLINE_CURVE((1.,0.5,1.,0.5,
1.,0.5,1.)) REPRESENTATION_ITEM('') );
#3120 = CARTESIAN_POINT('',(-1.5,3.330669073875E-16));
#3121 = CARTESIAN_POINT('',(-1.5,2.598076211353));
#3122 = CARTESIAN_POINT('',(0.75,1.299038105677));
#3123 = CARTESIAN_POINT('',(3.,-2.987397750309E-16));
#3124 = CARTESIAN_POINT('',(0.75,-1.299038105677));
#3125 = CARTESIAN_POINT('',(-1.5,-2.598076211353));
#3126 = CARTESIAN_POINT('',(-1.5,3.330669073875E-16));
#3127 = ( GEOMETRIC_REPRESENTATION_CONTEXT(2) 
PARAMETRIC_REPRESENTATION_CONTEXT() REPRESENTATION_CONTEXT('2D SPACE',''
  ) );
#3128 = PCURVE('',#2864,#3129);
#3129 = DEFINITIONAL_REPRESENTATION('',(#3130),#3134);
#3130 = LINE('',#3131,#3132);
#3131 = CARTESIAN_POINT('',(0.,1.3));
#3132 = VECTOR('',#3133,1.);
#3133 = DIRECTION('',(1.,0.));
#3134 = ( GEOMETRIC_REPRESENTATION_CONTEXT(2) 
PARAMETRIC_REPRESENTATION_CONTEXT() REPRESENTATION_CONTEXT('2D SPACE',''
  ) );
#3135 = ORIENTED_EDGE('',*,*,#3136,.T.);
#3136 = EDGE_CURVE('',#3109,#3137,#3139,.T.);
#3137 = VERTEX_POINT('',#3138);
#3138 = CARTESIAN_POINT('',(-2.,1.,-1.11803398875));
#3139 = SURFACE_CURVE('',#3140,(#3144,#3151),.PCURVE_S1.);
#3140 = LINE('',#3141,#3142);
#3141 = CARTESIAN_POINT('',(-2.,1.,0.));
#3142 = VECTOR('',#3143,1.);
#3143 = DIRECTION('',(0.,0.,-1.));
#3144 = PCURVE('',#1191,#3145);
#3145 = DEFINITIONAL_REPRESENTATION('',(#3146),#3150);
#3146 = LINE('',#3147,#3148);
#3147 = CARTESIAN_POINT('',(2.22044604925E-16,1.));
#3148 = VECTOR('',#3149,1.);
#3149 = DIRECTION('',(-1.,2.22044604925E-16));
#3150 = ( GEOMETRIC_REPRESENTATION_CONTEXT(2) 
PARAMETRIC_REPRESENTATION_CONTEXT() REPRESENTATION_CONTEXT('2D SPACE',''
  ) );
#3151 = PCURVE('',#2831,#3152);
#3152 = DEFINITIONAL_REPRESENTATION('',(#3153),#3157);
#3153 = LINE('',#3154,#3155);
#3154 = CARTESIAN_POINT('',(0.,1.3));
#3155 = VECTOR('',#3156,1.);
#3156 = DIRECTION('',(-1.,0.));
#3157 = ( GEOMETRIC_REPRESENTATION_CONTEXT(2) 
PARAMETRIC_REPRESENTATION_CONTEXT() REPRESENTATION_CONTEXT('2D SPACE',''
  ) );
#3158 = ORIENTED_EDGE('',*,*,#3159,.F.);
#3159 = EDGE_CURVE('',#3160,#3137,#3162,.T.);
#3160 = VERTEX_POINT('',#3161);
#3161 = CARTESIAN_POINT('',(-2.,0.,-1.5));
#3162 = SURFACE_CURVE('',#3163,(#3168,#3179),.PCURVE_S1.);
#3163 = CIRCLE('',#3164,1.5);
#3164 = AXIS2_PLACEMENT_3D('',#3165,#3166,#3167);
#3165 = CARTESIAN_POINT('',(-2.,0.,0.));
#3166 = DIRECTION('',(1.,-0.,0.));
#3167 = DIRECTION('',(0.,0.,-1.));
#3168 = PCURVE('',#1191,#3169);
#3169 = DEFINITIONAL_REPRESENTATION('',(#3170),#3178);
#3170 = ( BOUNDED_CURVE() B_SPLINE_CURVE(2,(#3171,#3172,#3173,#3174,
#3175,#3176,#3177),.UNSPECIFIED.,.T.,.F.) B_SPLINE_CURVE_WITH_KNOTS((1,2
    ,2,2,2,1),(-2.094395102393,0.,2.094395102393,4.188790204786,
6.28318530718,8.377580409573),.UNSPECIFIED.) CURVE() 
GEOMETRIC_REPRESENTATION_ITEM() RATIONAL_B_SPLINE_CURVE((1.,0.5,1.,0.5,
1.,0.5,1.)) REPRESENTATION_ITEM('') );
#3171 = CARTESIAN_POINT('',(-1.5,3.330669073875E-16));
#3172 = CARTESIAN_POINT('',(-1.5,2.598076211353));
#3173 = CARTESIAN_POINT('',(0.75,1.299038105677));
#3174 = CARTESIAN_POINT('',(3.,-2.987397750309E-16));
#3175 = CARTESIAN_POINT('',(0.75,-1.299038105677));
#3176 = CARTESIAN_POINT('',(-1.5,-2.598076211353));
#3177 = CARTESIAN_POINT('',(-1.5,3.330669073875E-16));
#3178 = ( GEOMETRIC_REPRESENTATION_CONTEXT(2) 
PARAMETRIC_REPRESENTATION_CONTEXT() REPRESENTATION_CONTEXT('2D SPACE',''
  ) );
#3179 = PCURVE('',#2803,#3180);
#3180 = DEFINITIONAL_REPRESENTATION('',(#3181),#3185);
#3181 = LINE('',#3182,#3183);
#3182 = CARTESIAN_POINT('',(0.,1.3));
#3183 = VECTOR('',#3184,1.);
#3184 = DIRECTION('',(1.,0.));
#3185 = ( GEOMETRIC_REPRESENTATION_CONTEXT(2) 
PARAMETRIC_REPRESENTATION_CONTEXT() REPRESENTATION_CONTEXT('2D SPACE',''
  ) );
#3186 = ORIENTED_EDGE('',*,*,#3187,.F.);
#3187 = EDGE_CURVE('',#3188,#3160,#3190,.T.);
#3188 = VERTEX_POINT('',#3189);
#3189 = CARTESIAN_POINT('',(-2.,-1.414213562373,-0.5));
#3190 = SURFACE_CURVE('',#3191,(#3196,#3207),.PCURVE_S1.);
#3191 = CIRCLE('',#3192,1.5);
#3192 = AXIS2_PLACEMENT_3D('',#3193,#3194,#3195);
#3193 = CARTESIAN_POINT('',(-2.,0.,0.));
#3194 = DIRECTION('',(1.,-0.,0.));
#3195 = DIRECTION('',(0.,0.,-1.));
#3196 = PCURVE('',#1191,#3197);
#3197 = DEFINITIONAL_REPRESENTATION('',(#3198),#3206);
#3198 = ( BOUNDED_CURVE() B_SPLINE_CURVE(2,(#3199,#3200,#3201,#3202,
#3203,#3204,#3205),.UNSPECIFIED.,.T.,.F.) B_SPLINE_CURVE_WITH_KNOTS((1,2
    ,2,2,2,1),(-2.094395102393,0.,2.094395102393,4.188790204786,
6.28318530718,8.377580409573),.UNSPECIFIED.) CURVE() 
GEOMETRIC_REPRESENTATION_ITEM() RATIONAL_B_SPLINE_CURVE((1.,0.5,1.,0.5,
1.,0.5,1.)) REPRESENTATION_ITEM('') );
#3199 = CARTESIAN_POINT('',(-1.5,3.330669073875E-16));
#3200 = CARTESIAN_POINT('',(-1.5,2.598076211353));
#3201 = CARTESIAN_POINT('',(0.75,1.299038105677));
#3202 = CARTESIAN_POINT('',(3.,-2.987397750309E-16));
#3203 = CARTESIAN_POINT('',(0.75,-1.299038105677));
#3204 = CARTESIAN_POINT('',(-1.5,-2.598076211353));
#3205 = CARTESIAN_POINT('',(-1.5,3.330669073875E-16));
#3206 = ( GEOMETRIC_REPRESENTATION_CONTEXT(2) 
PARAMETRIC_REPRESENTATION_CONTEXT() REPRESENTATION_CONTEXT('2D SPACE',''
  ) );
#3207 = PCURVE('',#2770,#3208);
#3208 = DEFINITIONAL_REPRESENTATION('',(#3209),#3213);
#3209 = LINE('',#3210,#3211);
#3210 = CARTESIAN_POINT('',(0.,1.3));
#3211 = VECTOR('',#3212,1.);
#3212 = DIRECTION('',(1.,0.));
#3213 = ( GEOMETRIC_REPRESENTATION_CONTEXT(2) 
PARAMETRIC_REPRESENTATION_CONTEXT() REPRESENTATION_CONTEXT('2D SPACE',''
  ) );
#3214 = ORIENTED_EDGE('',*,*,#3215,.F.);
#3215 = EDGE_CURVE('',#3216,#3188,#3218,.T.);
#3216 = VERTEX_POINT('',#3217);
#3217 = CARTESIAN_POINT('',(-2.,-3.464101615138,-0.5));
#3218 = SURFACE_CURVE('',#3219,(#3223,#3230),.PCURVE_S1.);
#3219 = LINE('',#3220,#3221);
#3220 = CARTESIAN_POINT('',(-2.,5.25E-17,-0.5));
#3221 = VECTOR('',#3222,1.);
#3222 = DIRECTION('',(0.,1.,1.1E-16));
#3223 = PCURVE('',#1191,#3224);
#3224 = DEFINITIONAL_REPRESENTATION('',(#3225),#3229);
#3225 = LINE('',#3226,#3227);
#3226 = CARTESIAN_POINT('',(-0.5,1.635223024625E-16));
#3227 = VECTOR('',#3228,1.);
#3228 = DIRECTION('',(3.32044604925E-16,1.));
#3229 = ( GEOMETRIC_REPRESENTATION_CONTEXT(2) 
PARAMETRIC_REPRESENTATION_CONTEXT() REPRESENTATION_CONTEXT('2D SPACE',''
  ) );
#3230 = PCURVE('',#2737,#3231);
#3231 = DEFINITIONAL_REPRESENTATION('',(#3232),#3236);
#3232 = LINE('',#3233,#3234);
#3233 = CARTESIAN_POINT('',(-2.5E-18,1.3));
#3234 = VECTOR('',#3235,1.);
#3235 = DIRECTION('',(-1.,0.));
#3236 = ( GEOMETRIC_REPRESENTATION_CONTEXT(2) 
PARAMETRIC_REPRESENTATION_CONTEXT() REPRESENTATION_CONTEXT('2D SPACE',''
  ) );
#3237 = ORIENTED_EDGE('',*,*,#3238,.T.);
#3238 = EDGE_CURVE('',#3216,#2092,#3239,.T.);
#3239 = SURFACE_CURVE('',#3240,(#3245,#3256),.PCURVE_S1.);
#3240 = CIRCLE('',#3241,3.5);
#3241 = AXIS2_PLACEMENT_3D('',#3242,#3243,#3244);
#3242 = CARTESIAN_POINT('',(-2.,0.,0.));
#3243 = DIRECTION('',(1.,-0.,0.));
#3244 = DIRECTION('',(0.,0.,-1.));
#3245 = PCURVE('',#1191,#3246);
#3246 = DEFINITIONAL_REPRESENTATION('',(#3247),#3255);
#3247 = ( BOUNDED_CURVE() B_SPLINE_CURVE(2,(#3248,#3249,#3250,#3251,
#3252,#3253,#3254),.UNSPECIFIED.,.T.,.F.) B_SPLINE_CURVE_WITH_KNOTS((1,2
    ,2,2,2,1),(-2.094395102393,0.,2.094395102393,4.188790204786,
6.28318530718,8.377580409573),.UNSPECIFIED.) CURVE() 
GEOMETRIC_REPRESENTATION_ITEM() RATIONAL_B_SPLINE_CURVE((1.,0.5,1.,0.5,
1.,0.5,1.)) REPRESENTATION_ITEM('') );
#3248 = CARTESIAN_POINT('',(-3.5,7.771561172376E-16));
#3249 = CARTESIAN_POINT('',(-3.5,6.062177826491));
#3250 = CARTESIAN_POINT('',(1.75,3.031088913246));
#3251 = CARTESIAN_POINT('',(7.,-6.970594750721E-16));
#3252 = CARTESIAN_POINT('',(1.75,-3.031088913246));
#3253 = CARTESIAN_POINT('',(-3.5,-6.062177826491));
#3254 = CARTESIAN_POINT('',(-3.5,7.771561172376E-16));
#3255 = ( GEOMETRIC_REPRESENTATION_CONTEXT(2) 
PARAMETRIC_REPRESENTATION_CONTEXT() REPRESENTATION_CONTEXT('2D SPACE',''
  ) );
#3256 = PCURVE('',#2107,#3257);
#3257 = DEFINITIONAL_REPRESENTATION('',(#3258),#3262);
#3258 = LINE('',#3259,#3260);
#3259 = CARTESIAN_POINT('',(0.,1.3));
#3260 = VECTOR('',#3261,1.);
#3261 = DIRECTION('',(1.,0.));
#3262 = ( GEOMETRIC_REPRESENTATION_CONTEXT(2) 
PARAMETRIC_REPRESENTATION_CONTEXT() REPRESENTATION_CONTEXT('2D SPACE',''
  ) );
#3263 = ORIENTED_EDGE('',*,*,#2143,.T.);
#3264 = ORIENTED_EDGE('',*,*,#2168,.T.);
#3265 = ORIENTED_EDGE('',*,*,#2242,.T.);
#3266 = ORIENTED_EDGE('',*,*,#2292,.T.);
#3267 = FACE_BOUND('',#3268,.F.);
#3268 = EDGE_LOOP('',(#3269,#3270,#3271,#3272,#3273,#3274,#3275,#3276,
    #3277));
#3269 = ORIENTED_EDGE('',*,*,#1328,.T.);
#3270 = ORIENTED_EDGE('',*,*,#1379,.T.);
#3271 = ORIENTED_EDGE('',*,*,#1430,.T.);
#3272 = ORIENTED_EDGE('',*,*,#1455,.F.);
#3273 = ORIENTED_EDGE('',*,*,#1529,.T.);
#3274 = ORIENTED_EDGE('',*,*,#2966,.T.);
#3275 = ORIENTED_EDGE('',*,*,#1176,.T.);
#3276 = ORIENTED_EDGE('',*,*,#1206,.T.);
#3277 = ORIENTED_EDGE('',*,*,#1280,.T.);
#3278 = FACE_BOUND('',#3279,.F.);
#3279 = EDGE_LOOP('',(#3280,#3281,#3307,#3308,#3309,#3310,#3311,#3312));
#3280 = ORIENTED_EDGE('',*,*,#1985,.T.);
#3281 = ORIENTED_EDGE('',*,*,#3282,.T.);
#3282 = EDGE_CURVE('',#1963,#1636,#3283,.T.);
#3283 = SURFACE_CURVE('',#3284,(#3289,#3300),.PCURVE_S1.);
#3284 = CIRCLE('',#3285,3.5);
#3285 = AXIS2_PLACEMENT_3D('',#3286,#3287,#3288);
#3286 = CARTESIAN_POINT('',(-2.,0.,0.));
#3287 = DIRECTION('',(1.,-0.,0.));
#3288 = DIRECTION('',(0.,0.,-1.));
#3289 = PCURVE('',#1191,#3290);
#3290 = DEFINITIONAL_REPRESENTATION('',(#3291),#3299);
#3291 = ( BOUNDED_CURVE() B_SPLINE_CURVE(2,(#3292,#3293,#3294,#3295,
#3296,#3297,#3298),.UNSPECIFIED.,.T.,.F.) B_SPLINE_CURVE_WITH_KNOTS((1,2
    ,2,2,2,1),(-2.094395102393,0.,2.094395102393,4.188790204786,
6.28318530718,8.377580409573),.UNSPECIFIED.) CURVE() 
GEOMETRIC_REPRESENTATION_ITEM() RATIONAL_B_SPLINE_CURVE((1.,0.5,1.,0.5,
1.,0.5,1.)) REPRESENTATION_ITEM('') );
#3292 = CARTESIAN_POINT('',(-3.5,7.771561172376E-16));
#3293 = CARTESIAN_POINT('',(-3.5,6.062177826491));
#3294 = CARTESIAN_POINT('',(1.75,3.031088913246));
#3295 = CARTESIAN_POINT('',(7.,-6.970594750721E-16));
#3296 = CARTESIAN_POINT('',(1.75,-3.031088913246));
#3297 = CARTESIAN_POINT('',(-3.5,-6.062177826491));
#3298 = CARTESIAN_POINT('',(-3.5,7.771561172376E-16));
#3299 = ( GEOMETRIC_REPRESENTATION_CONTEXT(2) 
PARAMETRIC_REPRESENTATION_CONTEXT() REPRESENTATION_CONTEXT('2D SPACE',''
  ) );
#3300 = PCURVE('',#1651,#3301);
#3301 = DEFINITIONAL_REPRESENTATION('',(#3302),#3306);
#3302 = LINE('',#3303,#3304);
#3303 = CARTESIAN_POINT('',(0.,1.3));
#3304 = VECTOR('',#3305,1.);
#3305 = DIRECTION('',(1.,0.));
#3306 = ( GEOMETRIC_REPRESENTATION_CONTEXT(2) 
PARAMETRIC_REPRESENTATION_CONTEXT() REPRESENTATION_CONTEXT('2D SPACE',''
  ) );
#3307 = ORIENTED_EDGE('',*,*,#1687,.T.);
#3308 = ORIENTED_EDGE('',*,*,#1712,.T.);
#3309 = ORIENTED_EDGE('',*,*,#1786,.T.);
#3310 = ORIENTED_EDGE('',*,*,#1836,.T.);
#3311 = ORIENTED_EDGE('',*,*,#1886,.T.);
#3312 = ORIENTED_EDGE('',*,*,#1911,.F.);
#3313 = ADVANCED_FACE('',(#3314),#1594,.T.);
#3314 = FACE_BOUND('',#3315,.T.);
#3315 = EDGE_LOOP('',(#3316,#3317,#3318,#3319));
#3316 = ORIENTED_EDGE('',*,*,#1578,.F.);
#3317 = ORIENTED_EDGE('',*,*,#2666,.F.);
#3318 = ORIENTED_EDGE('',*,*,#2010,.T.);
#3319 = ORIENTED_EDGE('',*,*,#3320,.F.);
#3320 = EDGE_CURVE('',#694,#493,#3321,.T.);
#3321 = SURFACE_CURVE('',#3322,(#3327,#3334),.PCURVE_S1.);
#3322 = CIRCLE('',#3323,3.5);
#3323 = AXIS2_PLACEMENT_3D('',#3324,#3325,#3326);
#3324 = CARTESIAN_POINT('',(2.,0.,0.));
#3325 = DIRECTION('',(-1.,0.,0.));
#3326 = DIRECTION('',(0.,2.22044604925E-16,1.));
#3327 = PCURVE('',#1594,#3328);
#3328 = DEFINITIONAL_REPRESENTATION('',(#3329),#3333);
#3329 = LINE('',#3330,#3331);
#3330 = CARTESIAN_POINT('',(3.14159265359,5.3));
#3331 = VECTOR('',#3332,1.);
#3332 = DIRECTION('',(-1.,0.));
#3333 = ( GEOMETRIC_REPRESENTATION_CONTEXT(2) 
PARAMETRIC_REPRESENTATION_CONTEXT() REPRESENTATION_CONTEXT('2D SPACE',''
  ) );
#3334 = PCURVE('',#1651,#3335);
#3335 = DEFINITIONAL_REPRESENTATION('',(#3336),#3340);
#3336 = LINE('',#3337,#3338);
#3337 = CARTESIAN_POINT('',(3.14159265359,5.3));
#3338 = VECTOR('',#3339,1.);
#3339 = DIRECTION('',(-1.,0.));
#3340 = ( GEOMETRIC_REPRESENTATION_CONTEXT(2) 
PARAMETRIC_REPRESENTATION_CONTEXT() REPRESENTATION_CONTEXT('2D SPACE',''
  ) );
#3341 = ADVANCED_FACE('',(#3342),#1651,.T.);
#3342 = FACE_BOUND('',#3343,.T.);
#3343 = EDGE_LOOP('',(#3344,#3345,#3346,#3347));
#3344 = ORIENTED_EDGE('',*,*,#1635,.F.);
#3345 = ORIENTED_EDGE('',*,*,#3320,.T.);
#3346 = ORIENTED_EDGE('',*,*,#1962,.T.);
#3347 = ORIENTED_EDGE('',*,*,#3282,.T.);
#3348 = ADVANCED_FACE('',(#3349),#2050,.T.);
#3349 = FACE_BOUND('',#3350,.T.);
#3350 = EDGE_LOOP('',(#3351,#3352,#3353,#3376));
#3351 = ORIENTED_EDGE('',*,*,#2034,.F.);
#3352 = ORIENTED_EDGE('',*,*,#2693,.F.);
#3353 = ORIENTED_EDGE('',*,*,#3354,.F.);
#3354 = EDGE_CURVE('',#3355,#2694,#3357,.T.);
#3355 = VERTEX_POINT('',#3356);
#3356 = CARTESIAN_POINT('',(2.,-3.464101615138,-0.5));
#3357 = SURFACE_CURVE('',#3358,(#3362,#3369),.PCURVE_S1.);
#3358 = LINE('',#3359,#3360);
#3359 = CARTESIAN_POINT('',(-3.3,-3.464101615138,-0.5));
#3360 = VECTOR('',#3361,1.);
#3361 = DIRECTION('',(1.,0.,0.));
#3362 = PCURVE('',#2050,#3363);
#3363 = DEFINITIONAL_REPRESENTATION('',(#3364),#3368);
#3364 = LINE('',#3365,#3366);
#3365 = CARTESIAN_POINT('',(4.85573654929,0.));
#3366 = VECTOR('',#3367,1.);
#3367 = DIRECTION('',(0.,1.));
#3368 = ( GEOMETRIC_REPRESENTATION_CONTEXT(2) 
PARAMETRIC_REPRESENTATION_CONTEXT() REPRESENTATION_CONTEXT('2D SPACE',''
  ) );
#3369 = PCURVE('',#2737,#3370);
#3370 = DEFINITIONAL_REPRESENTATION('',(#3371),#3375);
#3371 = LINE('',#3372,#3373);
#3372 = CARTESIAN_POINT('',(3.464101615138,0.));
#3373 = VECTOR('',#3374,1.);
#3374 = DIRECTION('',(0.,1.));
#3375 = ( GEOMETRIC_REPRESENTATION_CONTEXT(2) 
PARAMETRIC_REPRESENTATION_CONTEXT() REPRESENTATION_CONTEXT('2D SPACE',''
  ) );
#3376 = ORIENTED_EDGE('',*,*,#3377,.F.);
#3377 = EDGE_CURVE('',#464,#3355,#3378,.T.);
#3378 = SURFACE_CURVE('',#3379,(#3384,#3391),.PCURVE_S1.);
#3379 = CIRCLE('',#3380,3.5);
#3380 = AXIS2_PLACEMENT_3D('',#3381,#3382,#3383);
#3381 = CARTESIAN_POINT('',(2.,0.,0.));
#3382 = DIRECTION('',(-1.,0.,0.));
#3383 = DIRECTION('',(0.,2.22044604925E-16,1.));
#3384 = PCURVE('',#2050,#3385);
#3385 = DEFINITIONAL_REPRESENTATION('',(#3386),#3390);
#3386 = LINE('',#3387,#3388);
#3387 = CARTESIAN_POINT('',(9.424777960769,5.3));
#3388 = VECTOR('',#3389,1.);
#3389 = DIRECTION('',(-1.,0.));
#3390 = ( GEOMETRIC_REPRESENTATION_CONTEXT(2) 
PARAMETRIC_REPRESENTATION_CONTEXT() REPRESENTATION_CONTEXT('2D SPACE',''
  ) );
#3391 = PCURVE('',#2107,#3392);
#3392 = DEFINITIONAL_REPRESENTATION('',(#3393),#3397);
#3393 = LINE('',#3394,#3395);
#3394 = CARTESIAN_POINT('',(9.424777960769,5.3));
#3395 = VECTOR('',#3396,1.);
#3396 = DIRECTION('',(-1.,0.));
#3397 = ( GEOMETRIC_REPRESENTATION_CONTEXT(2) 
PARAMETRIC_REPRESENTATION_CONTEXT() REPRESENTATION_CONTEXT('2D SPACE',''
  ) );
#3398 = ADVANCED_FACE('',(#3399),#2107,.T.);
#3399 = FACE_BOUND('',#3400,.T.);
#3400 = EDGE_LOOP('',(#3401,#3402,#3403,#3424));
#3401 = ORIENTED_EDGE('',*,*,#2091,.F.);
#3402 = ORIENTED_EDGE('',*,*,#3377,.T.);
#3403 = ORIENTED_EDGE('',*,*,#3404,.F.);
#3404 = EDGE_CURVE('',#3216,#3355,#3405,.T.);
#3405 = SURFACE_CURVE('',#3406,(#3410,#3417),.PCURVE_S1.);
#3406 = LINE('',#3407,#3408);
#3407 = CARTESIAN_POINT('',(-3.3,-3.464101615138,-0.5));
#3408 = VECTOR('',#3409,1.);
#3409 = DIRECTION('',(1.,0.,0.));
#3410 = PCURVE('',#2107,#3411);
#3411 = DEFINITIONAL_REPRESENTATION('',(#3412),#3416);
#3412 = LINE('',#3413,#3414);
#3413 = CARTESIAN_POINT('',(4.85573654929,0.));
#3414 = VECTOR('',#3415,1.);
#3415 = DIRECTION('',(0.,1.));
#3416 = ( GEOMETRIC_REPRESENTATION_CONTEXT(2) 
PARAMETRIC_REPRESENTATION_CONTEXT() REPRESENTATION_CONTEXT('2D SPACE',''
  ) );
#3417 = PCURVE('',#2737,#3418);
#3418 = DEFINITIONAL_REPRESENTATION('',(#3419),#3423);
#3419 = LINE('',#3420,#3421);
#3420 = CARTESIAN_POINT('',(3.464101615138,0.));
#3421 = VECTOR('',#3422,1.);
#3422 = DIRECTION('',(0.,1.));
#3423 = ( GEOMETRIC_REPRESENTATION_CONTEXT(2) 
PARAMETRIC_REPRESENTATION_CONTEXT() REPRESENTATION_CONTEXT('2D SPACE',''
  ) );
#3424 = ORIENTED_EDGE('',*,*,#3238,.T.);
#3425 = ADVANCED_FACE('',(#3426),#2484,.T.);
#3426 = FACE_BOUND('',#3427,.T.);
#3427 = EDGE_LOOP('',(#3428,#3452,#3453,#3454));
#3428 = ORIENTED_EDGE('',*,*,#3429,.T.);
#3429 = EDGE_CURVE('',#3430,#234,#3432,.T.);
#3430 = VERTEX_POINT('',#3431);
#3431 = CARTESIAN_POINT('',(2.,-3.464101615138,0.5));
#3432 = SURFACE_CURVE('',#3433,(#3438,#3445),.PCURVE_S1.);
#3433 = CIRCLE('',#3434,3.5);
#3434 = AXIS2_PLACEMENT_3D('',#3435,#3436,#3437);
#3435 = CARTESIAN_POINT('',(2.,0.,0.));
#3436 = DIRECTION('',(-1.,0.,0.));
#3437 = DIRECTION('',(0.,2.22044604925E-16,1.));
#3438 = PCURVE('',#2484,#3439);
#3439 = DEFINITIONAL_REPRESENTATION('',(#3440),#3444);
#3440 = LINE('',#3441,#3442);
#3441 = CARTESIAN_POINT('',(9.424777960769,5.3));
#3442 = VECTOR('',#3443,1.);
#3443 = DIRECTION('',(-1.,0.));
#3444 = ( GEOMETRIC_REPRESENTATION_CONTEXT(2) 
PARAMETRIC_REPRESENTATION_CONTEXT() REPRESENTATION_CONTEXT('2D SPACE',''
  ) );
#3445 = PCURVE('',#2565,#3446);
#3446 = DEFINITIONAL_REPRESENTATION('',(#3447),#3451);
#3447 = LINE('',#3448,#3449);
#3448 = CARTESIAN_POINT('',(9.424777960769,5.3));
#3449 = VECTOR('',#3450,1.);
#3450 = DIRECTION('',(-1.,0.));
#3451 = ( GEOMETRIC_REPRESENTATION_CONTEXT(2) 
PARAMETRIC_REPRESENTATION_CONTEXT() REPRESENTATION_CONTEXT('2D SPACE',''
  ) );
#3452 = ORIENTED_EDGE('',*,*,#2468,.T.);
#3453 = ORIENTED_EDGE('',*,*,#3057,.T.);
#3454 = ORIENTED_EDGE('',*,*,#3455,.T.);
#3455 = EDGE_CURVE('',#3058,#3430,#3456,.T.);
#3456 = SURFACE_CURVE('',#3457,(#3461,#3468),.PCURVE_S1.);
#3457 = LINE('',#3458,#3459);
#3458 = CARTESIAN_POINT('',(-3.3,-3.464101615138,0.5));
#3459 = VECTOR('',#3460,1.);
#3460 = DIRECTION('',(1.,0.,0.));
#3461 = PCURVE('',#2484,#3462);
#3462 = DEFINITIONAL_REPRESENTATION('',(#3463),#3467);
#3463 = LINE('',#3464,#3465);
#3464 = CARTESIAN_POINT('',(4.569041411479,0.));
#3465 = VECTOR('',#3466,1.);
#3466 = DIRECTION('',(0.,1.));
#3467 = ( GEOMETRIC_REPRESENTATION_CONTEXT(2) 
PARAMETRIC_REPRESENTATION_CONTEXT() REPRESENTATION_CONTEXT('2D SPACE',''
  ) );
#3468 = PCURVE('',#2892,#3469);
#3469 = DEFINITIONAL_REPRESENTATION('',(#3470),#3474);
#3470 = LINE('',#3471,#3472);
#3471 = CARTESIAN_POINT('',(0.,-3.464101615138));
#3472 = VECTOR('',#3473,1.);
#3473 = DIRECTION('',(1.,0.));
#3474 = ( GEOMETRIC_REPRESENTATION_CONTEXT(2) 
PARAMETRIC_REPRESENTATION_CONTEXT() REPRESENTATION_CONTEXT('2D SPACE',''
  ) );
#3475 = ADVANCED_FACE('',(#3476),#2565,.T.);
#3476 = FACE_BOUND('',#3477,.T.);
#3477 = EDGE_LOOP('',(#3478,#3479,#3480,#3481));
#3478 = ORIENTED_EDGE('',*,*,#2904,.F.);
#3479 = ORIENTED_EDGE('',*,*,#2551,.T.);
#3480 = ORIENTED_EDGE('',*,*,#3429,.F.);
#3481 = ORIENTED_EDGE('',*,*,#3482,.T.);
#3482 = EDGE_CURVE('',#3430,#2877,#3483,.T.);
#3483 = SURFACE_CURVE('',#3484,(#3488,#3495),.PCURVE_S1.);
#3484 = LINE('',#3485,#3486);
#3485 = CARTESIAN_POINT('',(-3.3,-3.464101615138,0.5));
#3486 = VECTOR('',#3487,1.);
#3487 = DIRECTION('',(1.,0.,0.));
#3488 = PCURVE('',#2565,#3489);
#3489 = DEFINITIONAL_REPRESENTATION('',(#3490),#3494);
#3490 = LINE('',#3491,#3492);
#3491 = CARTESIAN_POINT('',(4.569041411479,0.));
#3492 = VECTOR('',#3493,1.);
#3493 = DIRECTION('',(0.,1.));
#3494 = ( GEOMETRIC_REPRESENTATION_CONTEXT(2) 
PARAMETRIC_REPRESENTATION_CONTEXT() REPRESENTATION_CONTEXT('2D SPACE',''
  ) );
#3495 = PCURVE('',#2892,#3496);
#3496 = DEFINITIONAL_REPRESENTATION('',(#3497),#3501);
#3497 = LINE('',#3498,#3499);
#3498 = CARTESIAN_POINT('',(0.,-3.464101615138));
#3499 = VECTOR('',#3500,1.);
#3500 = DIRECTION('',(1.,0.));
#3501 = ( GEOMETRIC_REPRESENTATION_CONTEXT(2) 
PARAMETRIC_REPRESENTATION_CONTEXT() REPRESENTATION_CONTEXT('2D SPACE',''
  ) );
#3502 = ADVANCED_FACE('',(#3503,#3506),#2597,.F.);
#3503 = FACE_BOUND('',#3504,.F.);
#3504 = EDGE_LOOP('',(#3505));
#3505 = ORIENTED_EDGE('',*,*,#2580,.F.);
#3506 = FACE_BOUND('',#3507,.F.);
#3507 = EDGE_LOOP('',(#3508,#3509));
#3508 = ORIENTED_EDGE('',*,*,#2995,.F.);
#3509 = ORIENTED_EDGE('',*,*,#3025,.F.);
#3510 = ADVANCED_FACE('',(#3511),#2892,.F.);
#3511 = FACE_BOUND('',#3512,.F.);
#3512 = EDGE_LOOP('',(#3513,#3514,#3535,#3536,#3537));
#3513 = ORIENTED_EDGE('',*,*,#2876,.F.);
#3514 = ORIENTED_EDGE('',*,*,#3515,.F.);
#3515 = EDGE_CURVE('',#3086,#2844,#3516,.T.);
#3516 = SURFACE_CURVE('',#3517,(#3521,#3528),.PCURVE_S1.);
#3517 = LINE('',#3518,#3519);
#3518 = CARTESIAN_POINT('',(-3.3,-1.414213562373,0.5));
#3519 = VECTOR('',#3520,1.);
#3520 = DIRECTION('',(1.,0.,0.));
#3521 = PCURVE('',#2892,#3522);
#3522 = DEFINITIONAL_REPRESENTATION('',(#3523),#3527);
#3523 = LINE('',#3524,#3525);
#3524 = CARTESIAN_POINT('',(0.,-1.414213562373));
#3525 = VECTOR('',#3526,1.);
#3526 = DIRECTION('',(1.,0.));
#3527 = ( GEOMETRIC_REPRESENTATION_CONTEXT(2) 
PARAMETRIC_REPRESENTATION_CONTEXT() REPRESENTATION_CONTEXT('2D SPACE',''
  ) );
#3528 = PCURVE('',#2864,#3529);
#3529 = DEFINITIONAL_REPRESENTATION('',(#3530),#3534);
#3530 = LINE('',#3531,#3532);
#3531 = CARTESIAN_POINT('',(4.372552070931,0.));
#3532 = VECTOR('',#3533,1.);
#3533 = DIRECTION('',(0.,1.));
#3534 = ( GEOMETRIC_REPRESENTATION_CONTEXT(2) 
PARAMETRIC_REPRESENTATION_CONTEXT() REPRESENTATION_CONTEXT('2D SPACE',''
  ) );
#3535 = ORIENTED_EDGE('',*,*,#3085,.F.);
#3536 = ORIENTED_EDGE('',*,*,#3455,.T.);
#3537 = ORIENTED_EDGE('',*,*,#3482,.T.);
#3538 = ADVANCED_FACE('',(#3539),#2864,.F.);
#3539 = FACE_BOUND('',#3540,.F.);
#3540 = EDGE_LOOP('',(#3541,#3562,#3563,#3564));
#3541 = ORIENTED_EDGE('',*,*,#3542,.F.);
#3542 = EDGE_CURVE('',#3109,#2816,#3543,.T.);
#3543 = SURFACE_CURVE('',#3544,(#3548,#3555),.PCURVE_S1.);
#3544 = LINE('',#3545,#3546);
#3545 = CARTESIAN_POINT('',(-3.3,1.,1.11803398875));
#3546 = VECTOR('',#3547,1.);
#3547 = DIRECTION('',(1.,0.,0.));
#3548 = PCURVE('',#2864,#3549);
#3549 = DEFINITIONAL_REPRESENTATION('',(#3550),#3554);
#3550 = LINE('',#3551,#3552);
#3551 = CARTESIAN_POINT('',(2.411864997363,0.));
#3552 = VECTOR('',#3553,1.);
#3553 = DIRECTION('',(0.,1.));
#3554 = ( GEOMETRIC_REPRESENTATION_CONTEXT(2) 
PARAMETRIC_REPRESENTATION_CONTEXT() REPRESENTATION_CONTEXT('2D SPACE',''
  ) );
#3555 = PCURVE('',#2831,#3556);
#3556 = DEFINITIONAL_REPRESENTATION('',(#3557),#3561);
#3557 = LINE('',#3558,#3559);
#3558 = CARTESIAN_POINT('',(1.11803398875,0.));
#3559 = VECTOR('',#3560,1.);
#3560 = DIRECTION('',(0.,1.));
#3561 = ( GEOMETRIC_REPRESENTATION_CONTEXT(2) 
PARAMETRIC_REPRESENTATION_CONTEXT() REPRESENTATION_CONTEXT('2D SPACE',''
  ) );
#3562 = ORIENTED_EDGE('',*,*,#3108,.T.);
#3563 = ORIENTED_EDGE('',*,*,#3515,.T.);
#3564 = ORIENTED_EDGE('',*,*,#2843,.F.);
#3565 = ADVANCED_FACE('',(#3566),#2831,.F.);
#3566 = FACE_BOUND('',#3567,.F.);
#3567 = EDGE_LOOP('',(#3568,#3589,#3590,#3591));
#3568 = ORIENTED_EDGE('',*,*,#3569,.F.);
#3569 = EDGE_CURVE('',#3137,#2783,#3570,.T.);
#3570 = SURFACE_CURVE('',#3571,(#3575,#3582),.PCURVE_S1.);
#3571 = LINE('',#3572,#3573);
#3572 = CARTESIAN_POINT('',(-3.3,1.,-1.11803398875));
#3573 = VECTOR('',#3574,1.);
#3574 = DIRECTION('',(1.,0.,0.));
#3575 = PCURVE('',#2831,#3576);
#3576 = DEFINITIONAL_REPRESENTATION('',(#3577),#3581);
#3577 = LINE('',#3578,#3579);
#3578 = CARTESIAN_POINT('',(-1.11803398875,0.));
#3579 = VECTOR('',#3580,1.);
#3580 = DIRECTION('',(0.,1.));
#3581 = ( GEOMETRIC_REPRESENTATION_CONTEXT(2) 
PARAMETRIC_REPRESENTATION_CONTEXT() REPRESENTATION_CONTEXT('2D SPACE',''
  ) );
#3582 = PCURVE('',#2803,#3583);
#3583 = DEFINITIONAL_REPRESENTATION('',(#3584),#3588);
#3584 = LINE('',#3585,#3586);
#3585 = CARTESIAN_POINT('',(0.729727656227,0.));
#3586 = VECTOR('',#3587,1.);
#3587 = DIRECTION('',(0.,1.));
#3588 = ( GEOMETRIC_REPRESENTATION_CONTEXT(2) 
PARAMETRIC_REPRESENTATION_CONTEXT() REPRESENTATION_CONTEXT('2D SPACE',''
  ) );
#3589 = ORIENTED_EDGE('',*,*,#3136,.F.);
#3590 = ORIENTED_EDGE('',*,*,#3542,.T.);
#3591 = ORIENTED_EDGE('',*,*,#2815,.F.);
#3592 = ADVANCED_FACE('',(#3593),#2803,.F.);
#3593 = FACE_BOUND('',#3594,.F.);
#3594 = EDGE_LOOP('',(#3595,#3596,#3597,#3598));
#3595 = ORIENTED_EDGE('',*,*,#3159,.T.);
#3596 = ORIENTED_EDGE('',*,*,#3569,.T.);
#3597 = ORIENTED_EDGE('',*,*,#2782,.F.);
#3598 = ORIENTED_EDGE('',*,*,#3599,.F.);
#3599 = EDGE_CURVE('',#3160,#2750,#3600,.T.);
#3600 = SURFACE_CURVE('',#3601,(#3605,#3612),.PCURVE_S1.);
#3601 = LINE('',#3602,#3603);
#3602 = CARTESIAN_POINT('',(-3.3,0.,-1.5));
#3603 = VECTOR('',#3604,1.);
#3604 = DIRECTION('',(1.,0.,0.));
#3605 = PCURVE('',#2803,#3606);
#3606 = DEFINITIONAL_REPRESENTATION('',(#3607),#3611);
#3607 = LINE('',#3608,#3609);
#3608 = CARTESIAN_POINT('',(0.,0.));
#3609 = VECTOR('',#3610,1.);
#3610 = DIRECTION('',(0.,1.));
#3611 = ( GEOMETRIC_REPRESENTATION_CONTEXT(2) 
PARAMETRIC_REPRESENTATION_CONTEXT() REPRESENTATION_CONTEXT('2D SPACE',''
  ) );
#3612 = PCURVE('',#2770,#3613);
#3613 = DEFINITIONAL_REPRESENTATION('',(#3614),#3618);
#3614 = LINE('',#3615,#3616);
#3615 = CARTESIAN_POINT('',(6.28318530718,0.));
#3616 = VECTOR('',#3617,1.);
#3617 = DIRECTION('',(0.,1.));
#3618 = ( GEOMETRIC_REPRESENTATION_CONTEXT(2) 
PARAMETRIC_REPRESENTATION_CONTEXT() REPRESENTATION_CONTEXT('2D SPACE',''
  ) );
#3619 = ADVANCED_FACE('',(#3620),#2770,.F.);
#3620 = FACE_BOUND('',#3621,.F.);
#3621 = EDGE_LOOP('',(#3622,#3623,#3644,#3645));
#3622 = ORIENTED_EDGE('',*,*,#2749,.F.);
#3623 = ORIENTED_EDGE('',*,*,#3624,.F.);
#3624 = EDGE_CURVE('',#3188,#2722,#3625,.T.);
#3625 = SURFACE_CURVE('',#3626,(#3630,#3637),.PCURVE_S1.);
#3626 = LINE('',#3627,#3628);
#3627 = CARTESIAN_POINT('',(-3.3,-1.414213562373,-0.5));
#3628 = VECTOR('',#3629,1.);
#3629 = DIRECTION('',(1.,0.,0.));
#3630 = PCURVE('',#2770,#3631);
#3631 = DEFINITIONAL_REPRESENTATION('',(#3632),#3636);
#3632 = LINE('',#3633,#3634);
#3633 = CARTESIAN_POINT('',(5.052225889839,0.));
#3634 = VECTOR('',#3635,1.);
#3635 = DIRECTION('',(0.,1.));
#3636 = ( GEOMETRIC_REPRESENTATION_CONTEXT(2) 
PARAMETRIC_REPRESENTATION_CONTEXT() REPRESENTATION_CONTEXT('2D SPACE',''
  ) );
#3637 = PCURVE('',#2737,#3638);
#3638 = DEFINITIONAL_REPRESENTATION('',(#3639),#3643);
#3639 = LINE('',#3640,#3641);
#3640 = CARTESIAN_POINT('',(1.414213562373,0.));
#3641 = VECTOR('',#3642,1.);
#3642 = DIRECTION('',(0.,1.));
#3643 = ( GEOMETRIC_REPRESENTATION_CONTEXT(2) 
PARAMETRIC_REPRESENTATION_CONTEXT() REPRESENTATION_CONTEXT('2D SPACE',''
  ) );
#3644 = ORIENTED_EDGE('',*,*,#3187,.T.);
#3645 = ORIENTED_EDGE('',*,*,#3599,.T.);
#3646 = ADVANCED_FACE('',(#3647),#2737,.T.);
#3647 = FACE_BOUND('',#3648,.T.);
#3648 = EDGE_LOOP('',(#3649,#3650,#3651,#3652,#3653));
#3649 = ORIENTED_EDGE('',*,*,#3215,.F.);
#3650 = ORIENTED_EDGE('',*,*,#3404,.T.);
#3651 = ORIENTED_EDGE('',*,*,#3354,.T.);
#3652 = ORIENTED_EDGE('',*,*,#2721,.F.);
#3653 = ORIENTED_EDGE('',*,*,#3624,.F.);
#3654 = ( GEOMETRIC_REPRESENTATION_CONTEXT(3) 
GLOBAL_UNCERTAINTY_ASSIGNED_CONTEXT((#3658)) 
GLOBAL_UNIT_ASSIGNED_CONTEXT((#3655,#3656,#3657)) REPRESENTATION_CONTEXT
('Context #1','3D Context with UNIT and UNCERTAINTY') );
#3655 = ( LENGTH_UNIT() NAMED_UNIT(*) SI_UNIT(.MILLI.,.METRE.) );
#3656 = ( NAMED_UNIT(*) PLANE_ANGLE_UNIT() SI_UNIT($,.RADIAN.) );
#3657 = ( NAMED_UNIT(*) SI_UNIT($,.STERADIAN.) SOLID_ANGLE_UNIT() );
#3658 = UNCERTAINTY_MEASURE_WITH_UNIT(LENGTH_MEASURE(1.E-05),#3655,
  'distance_accuracy_value','confusion accuracy');
#3659 = CONTEXT_DEPENDENT_SHAPE_REPRESENTATION(#3660,#3662);
#3660 = ( REPRESENTATION_RELATIONSHIP('','',#32,#10) 
REPRESENTATION_RELATIONSHIP_WITH_TRANSFORMATION(#3661) 
SHAPE_REPRESENTATION_RELATIONSHIP() );
#3661 = ITEM_DEFINED_TRANSFORMATION('','',#11,#15);
#3662 = PRODUCT_DEFINITION_SHAPE('Placement','Placement of an item',
  #3663);
#3663 = NEXT_ASSEMBLY_USAGE_OCCURRENCE('2','Body009','',#5,#27,$);
#3664 = PRODUCT_RELATED_PRODUCT_CATEGORY('part',$,(#29));
#3665 = MECHANICAL_DESIGN_GEOMETRIC_PRESENTATION_REPRESENTATION('',(
    #3666),#3654);
#3666 = STYLED_ITEM('color',(#3667),#33);
#3667 = PRESENTATION_STYLE_ASSIGNMENT((#3668,#3674));
#3668 = SURFACE_STYLE_USAGE(.BOTH.,#3669);
#3669 = SURFACE_SIDE_STYLE('',(#3670));
#3670 = SURFACE_STYLE_FILL_AREA(#3671);
#3671 = FILL_AREA_STYLE('',(#3672));
#3672 = FILL_AREA_STYLE_COLOUR('',#3673);
#3673 = COLOUR_RGB('',0.800000010877,0.800000010877,0.800000010877);
#3674 = CURVE_STYLE('',#3675,POSITIVE_LENGTH_MEASURE(0.1),#3676);
#3675 = DRAUGHTING_PRE_DEFINED_CURVE_FONT('continuous');
#3676 = COLOUR_RGB('',9.803921802644E-02,9.803921802644E-02,
  9.803921802644E-02);
ENDSEC;
END-ISO-10303-21;
